{"type":"FeatureCollection","features":[{"type":"Feature","properties":{"id":3,"name":"Cheb","active":true},"geometry":{"type":"Polygon","coordinates":[[[12.1101,50.3205],[12.1148,50.3209],[12.1139,50.3166],[12.125,50.3154],[12.1305,50.3192],[12.1467,50.3221],[12.1847,50.3223],[12.1852,50.3193],[12.1828,50.3177],[12.1869,50.3118],[12.1996,50.3068],[12.201,50.3091],[12.1952,50.2935],[12.2022,50.2882],[12.2014,50.273],[12.2132,50.2702],[12.2304,50.2714],[12.235,50.2695],[12.2469,50.2683],[12.2478,50.2703],[12.2501,50.271],[12.2506,50.2694],[12.2539,50.2711],[12.2615,50.2614],[12.2662,50.259],[12.2646,50.2529],[12.266,50.2503],[12.2595,50.2523],[12.255,50.2513],[12.2552,50.253],[12.247,50.2574],[12.2501,50.2546],[12.246,50.2511],[12.2417,50.251],[12.2396,50.2463],[12.2519,50.2418],[12.255,50.2369],[12.2661,50.2345],[12.2632,50.2341],[12.2672,50.232],[12.275,50.2334],[12.2869,50.2254],[12.2794,50.2244],[12.2805,50.2232],[12.2784,50.2229],[12.2854,50.2233],[12.294,50.2212],[12.2826,50.2132],[12.2825,50.2082],[12.2891,50.2106],[12.2856,50.2061],[12.2882,50.2049],[12.288,50.2032],[12.2778,50.1996],[12.2747,50.1967],[12.2773,50.1952],[12.2776,50.1918],[12.2822,50.1888],[12.2848,50.19],[12.2862,50.1858],[12.2902,50.1853],[12.2923,50.1805],[12.2894,50.177],[12.2953,50.1748],[12.3035,50.1755],[12.3186,50.172],[12.3269,50.1729],[12.3322,50.1714],[12.3375,50.1737],[12.3278,50.176],[12.3276,50.1799],[12.3235,50.1821],[12.3279,50.1827],[12.3294,50.1861],[12.3363,50.1887],[12.3384,50.1924],[12.333,50.1978],[12.3335,50.1996],[12.3265,50.2023],[12.3234,50.2072],[12.3274,50.2104],[12.3268,50.2186],[12.3348,50.2174],[12.3351,50.2215],[12.3293,50.2254],[12.3321,50.2334],[12.3343,50.2342],[12.3282,50.2348],[12.3327,50.2389],[12.3314,50.2426],[12.3422,50.2407],[12.3494,50.2364],[12.3502,50.2379],[12.3552,50.2378],[12.3513,50.2394],[12.3568,50.2429],[12.3593,50.2423],[12.3504,50.2535],[12.3527,50.2628],[12.3615,50.2698],[12.3597,50.2736],[12.3651,50.2805],[12.3691,50.2815],[12.3712,50.2855],[12.3824,50.2891],[12.3895,50.2864],[12.3951,50.2814],[12.415,50.274],[12.4138,50.2697],[12.4158,50.2699],[12.4159,50.2666],[12.4181,50.2669],[12.4173,50.2685],[12.4196,50.2696],[12.4177,50.2719],[12.4273,50.2773],[12.4222,50.2712],[12.4349,50.272],[12.4503,50.2621],[12.4583,50.2639],[12.4626,50.2608],[12.47,50.2596],[12.466,50.2536],[12.4682,50.2489],[12.4783,50.2426],[12.4792,50.2386],[12.4859,50.2319],[12.498,50.2266],[12.5038,50.2208],[12.5013,50.2142],[12.4946,50.2086],[12.4938,50.2053],[12.5001,50.2026],[12.5011,50.1998],[12.5067,50.1993],[12.502,50.1961],[12.5037,50.193],[12.4894,50.1853],[12.4871,50.1801],[12.4879,50.1821],[12.4931,50.1796],[12.5031,50.1814],[12.5076,50.1788],[12.5074,50.1718],[12.5108,50.1675],[12.5113,50.16],[12.5086,50.1612],[12.5041,50.1602],[12.5024,50.1577],[12.4953,50.1574],[12.4855,50.1522],[12.4847,50.1471],[12.4886,50.1361],[12.4856,50.1303],[12.4876,50.1285],[12.4852,50.1233],[12.4876,50.1214],[12.481,50.1201],[12.4824,50.1152],[12.4841,50.1147],[12.4909,50.1185],[12.505,50.1166],[12.5099,50.1122],[12.5169,50.1127],[12.5184,50.115],[12.5205,50.1122],[12.518,50.1111],[12.522,50.1106],[12.523,50.106],[12.5302,50.1038],[12.5279,50.1001],[12.5288,50.0973],[12.5263,50.0958],[12.5289,50.0949],[12.528,50.0934],[12.5306,50.0897],[12.5381,50.0891],[12.5389,50.0854],[12.541,50.0848],[12.5466,50.0863],[12.5456,50.0838],[12.5612,50.0852],[12.5632,50.0832],[12.5671,50.0829],[12.5649,50.0827],[12.5674,50.0808],[12.5699,50.0806],[12.5698,50.0824],[12.5717,50.0828],[12.5779,50.0801],[12.5756,50.0802],[12.5817,50.0775],[12.5771,50.0771],[12.5799,50.0757],[12.5785,50.0725],[12.58,50.0691],[12.5758,50.0688],[12.5751,50.0664],[12.5776,50.0647],[12.5756,50.0624],[12.5766,50.0593],[12.5792,50.0583],[12.5828,50.0606],[12.5847,50.0583],[12.5881,50.0577],[12.5939,50.0573],[12.5965,50.0593],[12.6027,50.0582],[12.6069,50.0555],[12.6067,50.0499],[12.6154,50.049],[12.625,50.0522],[12.6264,50.0549],[12.6299,50.0545],[12.6285,50.0569],[12.6303,50.0579],[12.6381,50.0571],[12.6383,50.0619],[12.6441,50.0657],[12.642,50.0703],[12.6467,50.0751],[12.6451,50.0771],[12.6475,50.0771],[12.6481,50.0785],[12.6512,50.0737],[12.6487,50.0728],[12.6523,50.07],[12.6533,50.0646],[12.6602,50.0575],[12.6716,50.0572],[12.6762,50.0557],[12.6831,50.0582],[12.68,50.0539],[12.6821,50.0523],[12.6791,50.0495],[12.6738,50.0489],[12.6642,50.0434],[12.6641,50.0418],[12.6726,50.0404],[12.6726,50.0369],[12.668,50.0373],[12.6634,50.0355],[12.6485,50.0367],[12.6432,50.0334],[12.6379,50.0327],[12.6372,50.0303],[12.6321,50.0328],[12.6259,50.0298],[12.6416,50.0247],[12.6439,50.022],[12.6487,50.0204],[12.6537,50.0141],[12.6686,50.0105],[12.682,50.0102],[12.6762,50.0061],[12.6736,50.006],[12.6766,50.0006],[12.6746,49.9965],[12.6763,49.9954],[12.6656,49.9774],[12.6731,49.9753],[12.679,49.9714],[12.6752,49.969],[12.6755,49.967],[12.6806,49.963],[12.6821,49.9575],[12.6843,49.9573],[12.6868,49.9528],[12.6822,49.9529],[12.6755,49.9571],[12.6664,49.9582],[12.6666,49.9523],[12.6698,49.9524],[12.673,49.948],[12.6754,49.9485],[12.6753,49.9454],[12.6803,49.9482],[12.6834,49.9397],[12.6902,49.9397],[12.6913,49.9341],[12.7004,49.9312],[12.703,49.9261],[12.7094,49.9248],[12.7105,49.9261],[12.7198,49.9221],[12.73,49.9231],[12.7376,49.9265],[12.744,49.9322],[12.7436,49.9341],[12.751,49.93],[12.7601,49.9317],[12.7609,49.9337],[12.7649,49.9351],[12.7672,49.9321],[12.7723,49.9313],[12.7756,49.9274],[12.7733,49.93],[12.7754,49.9319],[12.7918,49.9376],[12.7877,49.939],[12.7887,49.9406],[12.7932,49.9411],[12.7987,49.9377],[12.8109,49.9399],[12.8157,49.9385],[12.8155,49.9358],[12.8128,49.9342],[12.8156,49.9347],[12.8207,49.9313],[12.823,49.9337],[12.8317,49.9322],[12.8395,49.9344],[12.8444,49.9303],[12.8503,49.9292],[12.8495,49.9246],[12.853,49.9241],[12.8632,49.9276],[12.8768,49.925],[12.88,49.9273],[12.8801,49.9298],[12.8874,49.9339],[12.8942,49.9345],[12.9053,49.9322],[12.9071,49.9284],[12.9217,49.9213],[12.9283,49.921],[12.9256,49.9267],[12.9359,49.9249],[12.937,49.9262],[12.9336,49.9283],[12.9399,49.9283],[12.9442,49.9326],[12.9502,49.9347],[12.9528,49.9386],[12.9578,49.9372],[12.9588,49.9397],[12.9814,49.9331],[12.9793,49.9317],[12.9804,49.9283],[12.9865,49.9251],[12.9842,49.922],[12.9914,49.918],[12.9991,49.9192],[13.0034,49.9164],[13.0003,49.9148],[13.0043,49.9136],[13.0046,49.9116],[13.011,49.9117],[13.0119,49.9097],[13.0077,49.9083],[13.0119,49.9053],[13.0145,49.906],[13.017,49.9025],[13.0182,49.8903],[13.0218,49.8876],[13.0195,49.8868],[13.0198,49.8842],[13.0297,49.8823],[13.0323,49.8804],[13.0323,49.8824],[13.039,49.8839],[13.0337,49.8775],[13.0393,49.8767],[13.0414,49.8725],[13.0378,49.8685],[13.0447,49.8657],[13.0408,49.862],[13.0417,49.8572],[13.0371,49.8532],[13.0337,49.8534],[13.0333,49.855],[13.0299,49.8533],[13.0257,49.844],[13.0204,49.8391],[13.0244,49.8381],[13.0299,49.834],[13.0344,49.8366],[13.0462,49.8377],[13.0473,49.8392],[13.0573,49.833],[13.0625,49.8361],[13.0676,49.8342],[13.0664,49.8291],[13.083,49.8171],[13.0812,49.8146],[13.0851,49.8134],[13.0915,49.8078],[13.0878,49.8061],[13.0915,49.8058],[13.0909,49.804],[13.099,49.8036],[13.0917,49.7962],[13.0863,49.7965],[13.08,49.7946],[13.0812,49.7889],[13.0705,49.7858],[13.0658,49.7753],[13.0656,49.769],[13.0711,49.7679],[13.0739,49.7698],[13.0792,49.7673],[13.0885,49.7672],[13.0901,49.7657],[13.0861,49.7615],[13.0867,49.7574],[13.0905,49.759],[13.0918,49.7543],[13.096,49.756],[13.0968,49.7544],[13.0999,49.7539],[13.0989,49.7532],[13.104,49.753],[13.1067,49.7459],[13.1162,49.7477],[13.1128,49.743],[13.1088,49.7428],[13.108,49.7407],[13.1025,49.7434],[13.0836,49.7404],[13.0791,49.7373],[13.0733,49.7359],[13.0736,49.7347],[13.0672,49.731],[13.0683,49.7285],[13.065,49.7256],[13.0528,49.7194],[13.0473,49.719],[13.0491,49.714],[13.0522,49.7117],[13.0566,49.7101],[13.0706,49.7102],[13.071,49.7057],[13.0815,49.7053],[13.0789,49.7036],[13.0819,49.703],[13.074,49.6994],[13.0635,49.6989],[13.0637,49.6973],[13.0605,49.6965],[13.0611,49.6927],[13.0567,49.6896],[13.0705,49.6832],[13.0686,49.6813],[13.0625,49.6806],[13.0501,49.6837],[13.0472,49.6775],[13.0564,49.6677],[13.0475,49.6626],[13.0506,49.6554],[13.0473,49.6559],[13.0409,49.6514],[13.0393,49.645],[13.0364,49.644],[13.039,49.6423],[13.0249,49.6445],[13.0084,49.6378],[13.0105,49.6338],[13.0071,49.6337],[13.0069,49.6363],[13.0024,49.6387],[13.0035,49.6421],[12.9952,49.6434],[12.9933,49.6418],[12.9917,49.6433],[12.9872,49.6421],[12.9844,49.6474],[12.9713,49.6462],[12.968,49.6416],[12.9533,49.6385],[12.9506,49.6412],[12.9373,49.6441],[12.8996,49.6438],[12.8953,49.6426],[12.894,49.6404],[12.8973,49.637],[12.8977,49.6335],[12.8925,49.6329],[12.8927,49.6315],[12.8849,49.629],[12.891,49.6171],[12.8907,49.6151],[12.8871,49.6139],[12.8876,49.6087],[12.8814,49.6093],[12.8761,49.6162],[12.871,49.6186],[12.8759,49.625],[12.8742,49.6267],[12.8673,49.6271],[12.8675,49.6252],[12.8621,49.623],[12.8612,49.6207],[12.8566,49.6225],[12.8545,49.618],[12.8516,49.6177],[12.8477,49.6217],[12.848,49.624],[12.8382,49.6243],[12.8367,49.6302],[12.8324,49.6299],[12.8303,49.6233],[12.8186,49.6237],[12.8141,49.6173],[12.7977,49.6178],[12.7944,49.6206],[12.7902,49.6204],[12.7876,49.6241],[12.7836,49.6241],[12.7798,49.6235],[12.7842,49.6189],[12.7735,49.6134],[12.7578,49.6116],[12.7519,49.6134],[12.7469,49.6297],[12.7297,49.625],[12.739,49.6182],[12.74,49.6115],[12.7266,49.6112],[12.7238,49.6095],[12.7201,49.6097],[12.7199,49.6113],[12.7138,49.6131],[12.705,49.6118],[12.701,49.6082],[12.7003,49.605],[12.6983,49.6083],[12.6938,49.6103],[12.6963,49.6056],[12.6947,49.607],[12.6916,49.6061],[12.6896,49.6081],[12.6853,49.6081],[12.6793,49.6019],[12.6756,49.601],[12.6784,49.5956],[12.6755,49.5948],[12.6657,49.5971],[12.6668,49.5924],[12.6642,49.5896],[12.6624,49.5906],[12.6555,49.5888],[12.6555,49.5875],[12.645,49.5877],[12.6388,49.585],[12.6373,49.5931],[12.6349,49.5952],[12.6298,49.5957],[12.6307,49.6019],[12.6274,49.6052],[12.6258,49.6054],[12.6193,49.5978],[12.6202,49.596],[12.613,49.5926],[12.599,49.6024],[12.5893,49.6024],[12.5832,49.6047],[12.5749,49.6029],[12.5623,49.6092],[12.557,49.6144],[12.5608,49.6197],[12.5458,49.6214],[12.5361,49.618],[12.5282,49.6182],[12.527,49.6224],[12.5327,49.624],[12.5343,49.6262],[12.5232,49.6286],[12.5226,49.6339],[12.5282,49.6379],[12.5286,49.6401],[12.5251,49.6422],[12.5183,49.6432],[12.5173,49.6455],[12.5262,49.6545],[12.5232,49.656],[12.5225,49.6608],[12.53,49.6662],[12.5226,49.677],[12.5218,49.6868],[12.5147,49.688],[12.5053,49.6853],[12.4914,49.6861],[12.4852,49.688],[12.4841,49.6941],[12.4574,49.7021],[12.453,49.7012],[12.4425,49.7039],[12.433,49.7181],[12.4294,49.7203],[12.4258,49.7307],[12.4133,49.7323],[12.4126,49.736],[12.4059,49.7404],[12.4044,49.7458],[12.4058,49.7483],[12.4006,49.7539],[12.4017,49.7595],[12.4048,49.7629],[12.4694,49.7873],[12.4727,49.7862],[12.4742,49.7921],[12.4698,49.7925],[12.4655,49.7952],[12.4706,49.7996],[12.4706,49.8024],[12.4641,49.8102],[12.4673,49.8132],[12.4734,49.8152],[12.4764,49.825],[12.4731,49.8338],[12.4833,49.8421],[12.498,49.8376],[12.4979,49.8571],[12.5078,49.8577],[12.5121,49.8595],[12.5186,49.8692],[12.5188,49.8773],[12.5217,49.8818],[12.5355,49.8909],[12.5399,49.8914],[12.5501,49.9017],[12.5513,49.9094],[12.5477,49.9206],[12.5386,49.925],[12.5038,49.9297],[12.4984,49.9326],[12.4931,49.9333],[12.4944,49.9369],[12.4784,49.9357],[12.475,49.9386],[12.4701,49.9484],[12.4782,49.9568],[12.4816,49.9584],[12.4906,49.9587],[12.4941,49.97],[12.4996,49.9722],[12.49,49.9817],[12.4767,49.9809],[12.4672,49.9929],[12.459,49.9949],[12.4408,49.9865],[12.4315,49.9845],[12.4314,49.9887],[12.4257,49.9911],[12.4354,49.9936],[12.4353,49.9985],[12.4321,50.0003],[12.4317,50.0026],[12.4244,50.0004],[12.4146,50.0047],[12.4022,50.0051],[12.4024,50.0079],[12.3975,50.009],[12.4029,50.0132],[12.4005,50.0151],[12.3867,50.0126],[12.3798,50.014],[12.3787,50.0192],[12.3676,50.0175],[12.3658,50.0229],[12.3574,50.0257],[12.3491,50.0322],[12.3474,50.0368],[12.3397,50.0395],[12.3357,50.0386],[12.3335,50.0349],[12.3289,50.0323],[12.3259,50.033],[12.3245,50.0389],[12.3158,50.0462],[12.3193,50.0488],[12.3174,50.0535],[12.3144,50.0526],[12.3112,50.0556],[12.2991,50.0587],[12.2793,50.0553],[12.2782,50.0578],[12.2714,50.0615],[12.2611,50.0586],[12.2609,50.0645],[12.2755,50.0766],[12.2655,50.0791],[12.253,50.0875],[12.2525,50.0917],[12.2487,50.0909],[12.2484,50.0929],[12.2462,50.0925],[12.2444,50.0948],[12.248,50.0957],[12.2467,50.0977],[12.2315,50.0945],[12.2274,50.0972],[12.2287,50.1025],[12.2213,50.104],[12.2105,50.1018],[12.2068,50.1067],[12.201,50.1087],[12.1996,50.111],[12.2027,50.1155],[12.1964,50.123],[12.1975,50.1357],[12.1947,50.1378],[12.1952,50.1433],[12.2004,50.1459],[12.2037,50.1458],[12.2014,50.1484],[12.2036,50.1507],[12.2001,50.1516],[12.2115,50.159],[12.216,50.1683],[12.2074,50.1696],[12.2084,50.1745],[12.2013,50.1888],[12.1889,50.1957],[12.1914,50.1978],[12.1976,50.1981],[12.1972,50.1991],[12.1917,50.1988],[12.1902,50.2009],[12.1828,50.1993],[12.1817,50.2007],[12.1862,50.2032],[12.1837,50.2054],[12.1784,50.2049],[12.1755,50.213],[12.1665,50.2121],[12.1649,50.2136],[12.1598,50.2114],[12.1579,50.2147],[12.164,50.2181],[12.163,50.2201],[12.1604,50.2199],[12.1621,50.2236],[12.1573,50.2234],[12.1576,50.2273],[12.1455,50.2305],[12.1519,50.2344],[12.1512,50.2358],[12.1421,50.2338],[12.1413,50.2306],[12.127,50.2326],[12.109,50.2381],[12.1067,50.2467],[12.0977,50.2465],[12.0907,50.2525],[12.1024,50.2557],[12.1018,50.2591],[12.0977,50.2624],[12.106,50.2638],[12.1124,50.2678],[12.1201,50.267],[12.1206,50.2687],[12.1268,50.2698],[12.1384,50.2751],[12.1401,50.278],[12.1357,50.2812],[12.136,50.2839],[12.1229,50.2911],[12.1221,50.2962],[12.1193,50.2989],[12.1261,50.3074],[12.1151,50.3132],[12.105,50.3147],[12.1009,50.3182],[12.1066,50.3226],[12.1101,50.3205]]],"crs":null}},{"type":"Feature","properties":{"id":6,"name":"Louny","active":true},"geometry":{"type":"Polygon","coordinates":[[[14.0415,50.3458],[14.0437,50.347],[14.0439,50.345],[14.0479,50.3439],[14.0484,50.3457],[14.0492,50.3437],[14.0502,50.3457],[14.0527,50.3413],[14.0363,50.3461],[14.0359,50.3444],[14.032,50.3442],[14.0324,50.3405],[14.0302,50.3405],[14.0248,50.3432],[14.0199,50.3485],[14.0077,50.3464],[14.002,50.3425],[13.9973,50.342],[13.9965,50.3381],[13.9896,50.3373],[13.9942,50.3362],[13.9816,50.3339],[13.9832,50.3227],[13.9869,50.3222],[13.9879,50.3193],[13.9914,50.3182],[13.9883,50.3091],[13.9943,50.3075],[13.9875,50.3071],[13.9924,50.306],[13.9914,50.3038],[13.9703,50.3019],[13.9697,50.3039],[13.9719,50.3051],[13.9599,50.3039],[13.9596,50.3059],[13.9524,50.3073],[13.952,50.3047],[13.9496,50.3039],[13.9542,50.3036],[13.9529,50.3022],[13.9566,50.3011],[13.9571,50.2922],[13.9504,50.29],[13.9516,50.2882],[13.9499,50.2876],[13.9486,50.2898],[13.943,50.2878],[13.9404,50.2802],[13.9281,50.2785],[13.9255,50.2755],[13.9117,50.2715],[13.9139,50.2736],[13.9121,50.276],[13.8862,50.2702],[13.8779,50.2703],[13.8736,50.2633],[13.865,50.2595],[13.8686,50.2545],[13.8642,50.2536],[13.8642,50.2433],[13.8701,50.2439],[13.8749,50.2408],[13.8982,50.2468],[13.8998,50.2446],[13.8761,50.2395],[13.8815,50.2369],[13.8841,50.2374],[13.8831,50.2361],[13.8993,50.2402],[13.8998,50.2371],[13.9026,50.2366],[13.8992,50.2348],[13.9037,50.2339],[13.9027,50.2318],[13.9076,50.2304],[13.9034,50.2285],[13.9054,50.2208],[13.9149,50.2214],[13.9195,50.2197],[13.9201,50.2223],[13.9471,50.228],[13.9612,50.2368],[13.9684,50.2395],[13.9685,50.2413],[13.9751,50.2418],[13.9761,50.2393],[13.9811,50.2398],[13.9827,50.2354],[13.9859,50.2376],[13.9926,50.2344],[13.9977,50.2346],[13.9979,50.2362],[13.9987,50.2342],[13.9821,50.232],[13.9852,50.2297],[13.9877,50.2306],[13.9898,50.2262],[13.9949,50.2274],[13.9986,50.2252],[14.0293,50.2275],[14.0331,50.2206],[14.0315,50.2184],[14.0377,50.2187],[14.0386,50.2171],[14.0537,50.2192],[14.0559,50.2106],[14.0595,50.2088],[14.0583,50.2007],[14.0707,50.2049],[14.0787,50.2039],[14.0855,50.2051],[14.088,50.1997],[14.0772,50.1955],[14.0709,50.1952],[14.0712,50.193],[14.063,50.1916],[14.0658,50.1907],[14.0612,50.19],[14.06,50.1875],[14.0618,50.1861],[14.0636,50.1868],[14.0641,50.1853],[14.0587,50.1841],[14.0563,50.1853],[14.0538,50.1827],[14.0453,50.1836],[14.0415,50.1813],[14.0452,50.1812],[14.0274,50.1729],[14.0245,50.1699],[14.0251,50.1678],[14.0199,50.1665],[14.008,50.1656],[14.0125,50.171],[13.9947,50.1749],[13.9801,50.1727],[13.979,50.174],[13.9757,50.1723],[13.9734,50.1732],[13.9696,50.1706],[13.9598,50.1714],[13.9546,50.1805],[13.947,50.185],[13.9481,50.1827],[13.9442,50.181],[13.9461,50.1785],[13.949,50.1789],[13.9494,50.1748],[13.9397,50.1746],[13.9402,50.1707],[13.9328,50.1699],[13.9337,50.1669],[13.9321,50.1667],[13.9332,50.1588],[13.9379,50.1587],[13.9418,50.1449],[13.9475,50.1457],[13.9542,50.1426],[13.9547,50.1389],[13.9464,50.1389],[13.946,50.1308],[13.9358,50.1281],[13.9343,50.1289],[13.9235,50.1223],[13.9198,50.1236],[13.9181,50.1273],[13.8998,50.1294],[13.8906,50.135],[13.8901,50.1334],[13.8852,50.1343],[13.8769,50.1324],[13.8771,50.1301],[13.8803,50.129],[13.8765,50.1277],[13.8841,50.1206],[13.8751,50.1174],[13.877,50.1141],[13.8735,50.113],[13.8708,50.1093],[13.8728,50.106],[13.8831,50.1041],[13.8805,50.102],[13.8842,50.0981],[13.8815,50.0978],[13.8817,50.0962],[13.886,50.0962],[13.8863,50.0936],[13.8937,50.0927],[13.8992,50.0895],[13.9018,50.0813],[13.9055,50.0801],[13.9069,50.0777],[13.9105,50.0787],[13.9121,50.0761],[13.9312,50.0708],[13.9298,50.0677],[13.9329,50.0667],[13.9354,50.061],[13.9335,50.0589],[13.936,50.0579],[13.9327,50.0553],[13.9353,50.0537],[13.9355,50.0511],[13.9466,50.0499],[13.9547,50.0513],[13.9575,50.049],[13.9701,50.0506],[13.9755,50.046],[13.9705,50.0441],[13.9827,50.042],[13.988,50.0376],[13.9856,50.0364],[13.9917,50.0344],[13.9905,50.0317],[13.9931,50.0315],[13.9904,50.0292],[13.993,50.0258],[13.9894,50.024],[13.9898,50.0215],[13.9941,50.0199],[13.9891,50.0186],[13.9868,50.0157],[13.9941,50.0125],[13.9845,50.0098],[13.9811,50.0069],[13.9676,50.0075],[13.954,50.0217],[13.9416,50.0203],[13.9379,50.0179],[13.9399,50.0165],[13.9367,50.0089],[13.9422,50.0088],[13.9453,50.0053],[13.9507,50.0057],[13.946,50.0028],[13.9458,50.0009],[13.9362,49.9956],[13.935,49.9922],[13.938,49.9917],[13.9128,49.9788],[13.9145,49.9776],[13.9232,49.9777],[13.9184,49.9756],[13.9169,49.9711],[13.911,49.967],[13.9158,49.9584],[13.9048,49.9595],[13.8972,49.9582],[13.8951,49.9564],[13.876,49.9578],[13.8772,49.9625],[13.8578,49.9677],[13.8518,49.9663],[13.8504,49.9674],[13.8457,49.9636],[13.8395,49.9656],[13.8334,49.9641],[13.829,49.9681],[13.8244,49.9686],[13.8168,49.9632],[13.8085,49.965],[13.805,49.9642],[13.799,49.9579],[13.7988,49.9488],[13.8055,49.9463],[13.8135,49.9474],[13.8125,49.946],[13.8199,49.9437],[13.8162,49.9396],[13.8173,49.9345],[13.8147,49.9337],[13.809,49.9273],[13.8009,49.9306],[13.7976,49.9336],[13.7928,49.9346],[13.7866,49.9404],[13.7829,49.9415],[13.7767,49.9395],[13.7662,49.9411],[13.7611,49.9436],[13.7565,49.943],[13.7524,49.94],[13.7433,49.9405],[13.7454,49.9421],[13.7424,49.9429],[13.7441,49.9442],[13.7494,49.942],[13.7508,49.945],[13.7486,49.9495],[13.7505,49.9509],[13.7486,49.9516],[13.7527,49.9582],[13.7491,49.9607],[13.7481,49.9661],[13.7387,49.9638],[13.7242,49.9677],[13.7096,49.9659],[13.7027,49.9621],[13.6992,49.9621],[13.7008,49.9654],[13.6983,49.9735],[13.6941,49.9754],[13.692,49.9785],[13.6872,49.979],[13.6838,49.9767],[13.6792,49.9778],[13.6756,49.9822],[13.6725,49.9826],[13.6677,49.9969],[13.6589,49.9983],[13.6565,50.0019],[13.6449,50.0028],[13.6405,49.9988],[13.6309,50.0004],[13.6291,49.9988],[13.632,49.9956],[13.627,49.9961],[13.6239,49.9939],[13.6174,49.9927],[13.5932,49.9937],[13.5896,49.9927],[13.5688,49.9946],[13.5664,49.9965],[13.5678,49.9979],[13.5619,49.9997],[13.5625,50.0017],[13.5543,50.0047],[13.5572,50.0069],[13.5534,50.0091],[13.5351,50.015],[13.5214,50.0134],[13.5158,50.0209],[13.508,50.0203],[13.5013,50.0222],[13.5024,50.0276],[13.5039,50.029],[13.5071,50.0284],[13.5084,50.0313],[13.5317,50.0306],[13.5375,50.0287],[13.5376,50.0321],[13.5307,50.0319],[13.5339,50.0324],[13.5269,50.034],[13.5227,50.0332],[13.5206,50.0407],[13.5145,50.0417],[13.4984,50.0396],[13.4931,50.0338],[13.4873,50.0322],[13.478,50.0354],[13.4803,50.0391],[13.4719,50.0391],[13.4711,50.0428],[13.4672,50.0401],[13.4453,50.0417],[13.4416,50.0347],[13.438,50.0343],[13.4356,50.032],[13.4347,50.0278],[13.4242,50.0282],[13.4234,50.0346],[13.4063,50.0339],[13.3998,50.032],[13.3968,50.0381],[13.4005,50.0362],[13.402,50.0393],[13.4006,50.0409],[13.4044,50.041],[13.4008,50.0429],[13.402,50.0457],[13.412,50.0495],[13.4094,50.0533],[13.4141,50.0575],[13.4139,50.0625],[13.4213,50.0605],[13.43,50.061],[13.426,50.0667],[13.43,50.0704],[13.4254,50.0728],[13.4279,50.0742],[13.4257,50.0764],[13.4192,50.0765],[13.4158,50.0834],[13.4098,50.0793],[13.4072,50.0819],[13.4091,50.0887],[13.4048,50.0903],[13.4052,50.0855],[13.399,50.0836],[13.3993,50.0823],[13.3983,50.0839],[13.3985,50.0822],[13.3958,50.083],[13.3954,50.0805],[13.3915,50.0805],[13.3913,50.0824],[13.3868,50.0822],[13.377,50.0777],[13.3725,50.0786],[13.3722,50.0771],[13.3688,50.0798],[13.3709,50.091],[13.3653,50.0905],[13.3658,50.0919],[13.3627,50.0923],[13.3608,50.0946],[13.3555,50.0943],[13.3588,50.0964],[13.3582,50.0989],[13.3518,50.1005],[13.3584,50.1025],[13.3572,50.1044],[13.3419,50.099],[13.341,50.0921],[13.3369,50.0917],[13.3337,50.0867],[13.329,50.0885],[13.3241,50.0875],[13.3262,50.0947],[13.3247,50.1035],[13.3217,50.1035],[13.322,50.1011],[13.3057,50.1011],[13.297,50.0995],[13.2999,50.1029],[13.2978,50.1038],[13.2966,50.1126],[13.2911,50.1165],[13.2821,50.1144],[13.2823,50.1158],[13.2898,50.1182],[13.2795,50.1207],[13.2793,50.1237],[13.274,50.1282],[13.2702,50.1274],[13.2664,50.1287],[13.257,50.1261],[13.2519,50.1266],[13.2514,50.1284],[13.2494,50.1241],[13.2455,50.1263],[13.2423,50.1261],[13.2433,50.1273],[13.2358,50.1318],[13.2336,50.1307],[13.2282,50.1341],[13.2403,50.1344],[13.2419,50.1367],[13.2358,50.1391],[13.2386,50.1418],[13.2441,50.1415],[13.2502,50.1437],[13.2509,50.1465],[13.2615,50.1425],[13.2627,50.1439],[13.2667,50.1438],[13.2706,50.1425],[13.2675,50.1421],[13.2753,50.1381],[13.2842,50.1371],[13.2804,50.1418],[13.2843,50.1447],[13.2765,50.1465],[13.2804,50.1476],[13.2786,50.1498],[13.2668,50.1531],[13.2678,50.1571],[13.265,50.1575],[13.2742,50.1592],[13.2842,50.1565],[13.2843,50.1637],[13.2872,50.1682],[13.274,50.1687],[13.2781,50.1719],[13.2797,50.1765],[13.2745,50.1858],[13.2709,50.1868],[13.27,50.1892],[13.2643,50.1924],[13.2502,50.1955],[13.2525,50.1991],[13.2491,50.2065],[13.2423,50.2069],[13.2402,50.2119],[13.2347,50.2112],[13.2318,50.2149],[13.224,50.2142],[13.2192,50.2174],[13.212,50.2162],[13.2121,50.2197],[13.2192,50.2193],[13.2227,50.2206],[13.226,50.2202],[13.2226,50.2193],[13.2269,50.2191],[13.2414,50.2233],[13.2409,50.2242],[13.2506,50.2205],[13.2511,50.2221],[13.2594,50.2196],[13.2762,50.2198],[13.2775,50.2239],[13.2709,50.2255],[13.2622,50.2303],[13.2639,50.2364],[13.273,50.2364],[13.275,50.2407],[13.2979,50.2402],[13.2982,50.2424],[13.2953,50.2418],[13.2936,50.251],[13.3011,50.2536],[13.3057,50.2598],[13.3161,50.2592],[13.3197,50.2658],[13.3102,50.2672],[13.3163,50.2678],[13.3304,50.274],[13.337,50.2745],[13.335,50.2758],[13.3402,50.2753],[13.353,50.2779],[13.3581,50.2736],[13.3534,50.2724],[13.3535,50.2701],[13.3582,50.2705],[13.3583,50.2685],[13.3613,50.2684],[13.3671,50.2594],[13.38,50.2606],[13.3841,50.2633],[13.3835,50.2663],[13.3873,50.269],[13.3957,50.2695],[13.3978,50.2718],[13.3972,50.2738],[13.395,50.2737],[13.3936,50.2807],[13.4026,50.282],[13.3984,50.2962],[13.4146,50.2964],[13.4247,50.2977],[13.423,50.2994],[13.4274,50.2995],[13.4268,50.3003],[13.4342,50.3005],[13.4346,50.3027],[13.4302,50.3025],[13.4279,50.304],[13.4286,50.3066],[13.4319,50.3065],[13.4311,50.3092],[13.4274,50.3122],[13.4239,50.3127],[13.4247,50.3139],[13.4221,50.3153],[13.4295,50.3142],[13.4248,50.3157],[13.4261,50.3224],[13.4295,50.3243],[13.4443,50.3269],[13.4519,50.3308],[13.4517,50.3334],[13.4396,50.334],[13.4383,50.3361],[13.439,50.3424],[13.4515,50.3398],[13.4489,50.3414],[13.4509,50.348],[13.4506,50.3492],[13.4438,50.3494],[13.4375,50.3521],[13.43,50.3621],[13.433,50.3639],[13.4305,50.3661],[13.4312,50.3679],[13.4446,50.3688],[13.4508,50.3669],[13.4568,50.3695],[13.4614,50.3655],[13.4624,50.3668],[13.4695,50.365],[13.4694,50.3687],[13.4784,50.3652],[13.4868,50.3714],[13.4972,50.3706],[13.497,50.3731],[13.4959,50.3718],[13.4896,50.375],[13.4897,50.3767],[13.4921,50.3763],[13.4955,50.3797],[13.492,50.3809],[13.5053,50.3822],[13.5058,50.3836],[13.5035,50.3845],[13.5057,50.3844],[13.5063,50.3859],[13.5082,50.3838],[13.5093,50.3873],[13.5087,50.3837],[13.5107,50.3859],[13.5163,50.3859],[13.5218,50.3809],[13.5296,50.3798],[13.5261,50.3768],[13.5305,50.374],[13.5336,50.3782],[13.5363,50.3778],[13.5383,50.3805],[13.5432,50.381],[13.5447,50.3828],[13.5491,50.3818],[13.55,50.3828],[13.5559,50.3794],[13.5539,50.3775],[13.559,50.3772],[13.5529,50.381],[13.5551,50.387],[13.5474,50.3907],[13.5497,50.3935],[13.5445,50.3954],[13.543,50.3944],[13.539,50.3961],[13.54,50.3985],[13.5363,50.3992],[13.5399,50.4062],[13.5425,50.4087],[13.5443,50.4085],[13.5419,50.4124],[13.5479,50.4123],[13.5528,50.4163],[13.5553,50.4227],[13.5604,50.4244],[13.5601,50.4285],[13.5684,50.4256],[13.5677,50.4234],[13.5795,50.4222],[13.5781,50.4202],[13.5944,50.4175],[13.5915,50.4123],[13.6073,50.4107],[13.6101,50.4202],[13.6251,50.4181],[13.631,50.4223],[13.632,50.4308],[13.6414,50.4285],[13.6612,50.4284],[13.6642,50.4263],[13.6713,50.4264],[13.6711,50.4247],[13.6998,50.4208],[13.7008,50.4152],[13.7031,50.4141],[13.7162,50.4175],[13.7545,50.4216],[13.76,50.4232],[13.7602,50.426],[13.7653,50.4273],[13.7719,50.4259],[13.7833,50.4263],[13.7925,50.4301],[13.7944,50.4331],[13.7937,50.4409],[13.7825,50.444],[13.7752,50.4488],[13.7732,50.4474],[13.77,50.4486],[13.7736,50.4536],[13.7709,50.4542],[13.7731,50.4575],[13.7724,50.4639],[13.7784,50.465],[13.7848,50.4698],[13.7853,50.4721],[13.7939,50.4707],[13.7971,50.4717],[13.7972,50.4733],[13.7987,50.4716],[13.8035,50.4737],[13.8069,50.4702],[13.808,50.4714],[13.8127,50.4689],[13.8148,50.4687],[13.8162,50.4709],[13.8169,50.4674],[13.8175,50.4721],[13.8208,50.4738],[13.8285,50.4723],[13.8314,50.4683],[13.8386,50.4767],[13.8388,50.4819],[13.8443,50.4822],[13.8553,50.4894],[13.8691,50.4947],[13.8743,50.4928],[13.8751,50.4953],[13.8769,50.4953],[13.8738,50.4908],[13.8789,50.4883],[13.8759,50.4839],[13.8709,50.4844],[13.8679,50.4829],[13.8746,50.4798],[13.8784,50.4746],[13.8762,50.4682],[13.8823,50.4637],[13.8847,50.4653],[13.8859,50.4622],[13.8831,50.4628],[13.884,50.4607],[13.8874,50.4602],[13.8867,50.4571],[13.8852,50.4567],[13.8837,50.4589],[13.884,50.4529],[13.8793,50.4534],[13.8765,50.4513],[13.8788,50.4495],[13.8767,50.4495],[13.88,50.4443],[13.8841,50.4439],[13.8866,50.441],[13.8877,50.4361],[13.8947,50.4325],[13.8935,50.431],[13.8969,50.4285],[13.8972,50.4259],[13.9095,50.422],[13.9174,50.4317],[13.9205,50.433],[13.9204,50.4354],[13.9229,50.436],[13.9246,50.434],[13.9279,50.4345],[13.9295,50.4324],[13.9344,50.4323],[13.9348,50.4312],[13.9432,50.4314],[13.9434,50.4332],[13.9585,50.4355],[13.9575,50.4312],[13.9684,50.4294],[13.973,50.4238],[13.9746,50.4134],[13.9713,50.4142],[13.9705,50.4122],[13.9728,50.4116],[13.9723,50.4074],[13.9749,50.4066],[13.9706,50.4064],[13.9708,50.4042],[13.9644,50.4031],[13.9634,50.3985],[13.9668,50.3947],[13.9667,50.3919],[13.9632,50.3909],[13.9633,50.3896],[13.9545,50.388],[13.953,50.3892],[13.9521,50.3846],[13.9551,50.3831],[13.9624,50.3848],[13.9745,50.3759],[13.9836,50.376],[13.9932,50.3738],[13.9924,50.3757],[13.9978,50.3764],[14.0018,50.3677],[14.0166,50.3701],[14.0163,50.3716],[14.02,50.3718],[14.0243,50.3682],[14.0269,50.3702],[14.0269,50.3666],[14.0299,50.3641],[14.0323,50.3642],[14.0336,50.3617],[14.0358,50.3621],[14.0367,50.356],[14.0403,50.3566],[14.0412,50.3553],[14.0402,50.3528],[14.0418,50.3525],[14.0381,50.3513],[14.0417,50.3514],[14.0416,50.3467],[14.0391,50.3464],[14.0415,50.3458]]],"crs":null}},{"type":"Feature","properties":{"id":9,"name":"Plzeň-město","active":true},"geometry":{"type":"Polygon","coordinates":[[[13.4029,49.8056],[13.407,49.803],[13.4086,49.7988],[13.4082,49.7905],[13.4112,49.7922],[13.41,49.7822],[13.4145,49.779],[13.4208,49.779],[13.4245,49.7856],[13.4304,49.7874],[13.435,49.785],[13.4338,49.7815],[13.4282,49.7778],[13.4364,49.7747],[13.4464,49.7737],[13.4477,49.7752],[13.4455,49.778],[13.4595,49.7736],[13.4719,49.7752],[13.4698,49.7629],[13.4759,49.7621],[13.4719,49.758],[13.4704,49.7463],[13.4478,49.7466],[13.4451,49.7441],[13.4373,49.7445],[13.4288,49.7424],[13.4252,49.7363],[13.4207,49.7359],[13.4112,49.7364],[13.4063,49.7386],[13.3989,49.7457],[13.4,49.7484],[13.3919,49.7471],[13.3943,49.746],[13.3901,49.7456],[13.3807,49.7412],[13.3844,49.738],[13.3795,49.733],[13.383,49.7293],[13.3889,49.728],[13.3875,49.7212],[13.3905,49.7192],[13.398,49.7191],[13.4005,49.7165],[13.3989,49.7131],[13.3907,49.7123],[13.3915,49.7068],[13.3943,49.7059],[13.3995,49.7074],[13.4024,49.7132],[13.4083,49.7113],[13.4064,49.7097],[13.4077,49.7082],[13.4049,49.7074],[13.4057,49.7044],[13.4095,49.7052],[13.4133,49.7021],[13.4192,49.702],[13.4294,49.7056],[13.431,49.6981],[13.439,49.6964],[13.4414,49.6891],[13.4397,49.6884],[13.448,49.6845],[13.4391,49.679],[13.4267,49.6777],[13.4225,49.6822],[13.4026,49.681],[13.4003,49.6833],[13.4036,49.6885],[13.4008,49.6899],[13.3922,49.6884],[13.3766,49.6892],[13.377,49.6862],[13.3651,49.6809],[13.3515,49.6836],[13.3515,49.6824],[13.3436,49.683],[13.3311,49.6809],[13.3242,49.6846],[13.323,49.6831],[13.3204,49.6835],[13.3157,49.6793],[13.3024,49.6846],[13.305,49.6948],[13.3004,49.7031],[13.3025,49.7044],[13.3015,49.707],[13.2945,49.717],[13.306,49.7248],[13.2977,49.7339],[13.3081,49.7358],[13.3079,49.7372],[13.2934,49.7349],[13.2914,49.7354],[13.2909,49.7381],[13.2855,49.7378],[13.2883,49.741],[13.2852,49.7406],[13.2851,49.7453],[13.2875,49.7454],[13.2908,49.7582],[13.2889,49.7579],[13.2891,49.7611],[13.2918,49.7659],[13.2898,49.7673],[13.289,49.7658],[13.2858,49.7656],[13.286,49.7684],[13.2785,49.7681],[13.2747,49.7701],[13.2708,49.77],[13.2681,49.7738],[13.2709,49.7782],[13.2749,49.7797],[13.2756,49.7828],[13.2785,49.7838],[13.2798,49.7915],[13.2839,49.7916],[13.2882,49.7951],[13.2988,49.794],[13.3007,49.788],[13.3034,49.7909],[13.3043,49.7862],[13.3084,49.7861],[13.3128,49.7828],[13.3176,49.7852],[13.3256,49.7781],[13.3271,49.7778],[13.3288,49.7807],[13.3333,49.7797],[13.3331,49.7808],[13.3436,49.7784],[13.3475,49.7756],[13.3522,49.7774],[13.3546,49.7835],[13.3633,49.7871],[13.3563,49.7927],[13.3516,49.8008],[13.3666,49.8014],[13.3764,49.8052],[13.4029,49.8056]]],"crs":null}},{"type":"Feature","properties":{"id":12,"name":"Strakonice","active":true},"geometry":{"type":"Polygon","coordinates":[[[13.8214,49.5274],[13.827,49.5246],[13.8277,49.5186],[13.8326,49.5194],[13.8346,49.511],[13.8382,49.5119],[13.8382,49.5147],[13.842,49.5145],[13.84,49.5115],[13.842,49.5108],[13.8433,49.5128],[13.8536,49.5137],[13.8577,49.5199],[13.8638,49.5215],[13.8586,49.5239],[13.8675,49.5258],[13.8815,49.5228],[13.8786,49.5184],[13.8815,49.5159],[13.8813,49.513],[13.8872,49.5126],[13.8875,49.5112],[13.8891,49.514],[13.9012,49.514],[13.8966,49.5118],[13.8981,49.5106],[13.8909,49.5074],[13.8943,49.5087],[13.8994,49.5079],[13.9004,49.5106],[13.9059,49.5065],[13.9096,49.5059],[13.9095,49.5035],[13.9134,49.5043],[13.9177,49.5024],[13.931,49.5038],[13.9321,49.5014],[13.937,49.5049],[13.9407,49.5046],[13.9382,49.5058],[13.9366,49.512],[13.9389,49.5143],[13.9507,49.5181],[13.9543,49.5163],[13.9542,49.5146],[13.9614,49.5127],[13.9783,49.5118],[13.9785,49.5137],[13.9841,49.5123],[13.9837,49.5112],[13.9868,49.5108],[13.9859,49.51],[13.9897,49.5082],[13.9847,49.5065],[13.9929,49.5045],[13.9923,49.5061],[13.9981,49.5013],[14.0083,49.5004],[14.0187,49.5059],[14.0175,49.5065],[14.0205,49.5069],[14.0196,49.5023],[14.025,49.5009],[14.0257,49.4936],[14.0281,49.4916],[14.0317,49.4918],[14.0324,49.4897],[14.0369,49.4874],[14.0447,49.4918],[14.0444,49.4936],[14.0465,49.4934],[14.0477,49.4865],[14.0642,49.4837],[14.0647,49.4813],[14.0692,49.4801],[14.0666,49.4792],[14.0674,49.4754],[14.0717,49.4752],[14.0728,49.4789],[14.0745,49.4759],[14.0752,49.4784],[14.0795,49.4781],[14.0815,49.4761],[14.0828,49.4661],[14.0805,49.4665],[14.0798,49.4703],[14.077,49.4706],[14.077,49.4729],[14.0619,49.4725],[14.065,49.4687],[14.0637,49.4669],[14.0605,49.4675],[14.0586,49.4591],[14.0611,49.4596],[14.0619,49.4565],[14.0569,49.4525],[14.0627,49.4511],[14.0609,49.4478],[14.0732,49.4487],[14.0753,49.4404],[14.0737,49.4334],[14.0785,49.4317],[14.0754,49.4276],[14.0784,49.4253],[14.0766,49.4221],[14.0781,49.4205],[14.0818,49.4215],[14.0938,49.4201],[14.0942,49.4187],[14.0897,49.4182],[14.0906,49.4149],[14.0947,49.413],[14.0838,49.4121],[14.0836,49.4108],[14.0789,49.411],[14.0761,49.409],[14.0779,49.4066],[14.0817,49.4071],[14.0859,49.4048],[14.098,49.4033],[14.0981,49.4017],[14.0947,49.3999],[14.0971,49.3968],[14.0852,49.3962],[14.0903,49.3941],[14.0927,49.3945],[14.0925,49.3958],[14.0968,49.3954],[14.1005,49.3832],[14.1057,49.385],[14.1108,49.3805],[14.1159,49.3791],[14.1202,49.3794],[14.1203,49.3783],[14.1289,49.3769],[14.1321,49.3788],[14.1377,49.3778],[14.134,49.3807],[14.1353,49.3822],[14.1414,49.3839],[14.1498,49.3826],[14.1448,49.376],[14.1449,49.3693],[14.1547,49.3616],[14.1518,49.3574],[14.1471,49.3548],[14.1453,49.3493],[14.1566,49.341],[14.1598,49.3363],[14.1597,49.3331],[14.1544,49.3275],[14.1587,49.3218],[14.1706,49.3252],[14.1745,49.3244],[14.1785,49.3258],[14.18,49.3231],[14.1874,49.325],[14.1931,49.3229],[14.1917,49.3212],[14.2046,49.3198],[14.2068,49.3145],[14.22,49.3148],[14.2195,49.313],[14.2222,49.3132],[14.2237,49.31],[14.2274,49.3108],[14.2325,49.3066],[14.238,49.2601],[14.2345,49.2597],[14.2337,49.2564],[14.224,49.2559],[14.2165,49.2601],[14.2067,49.2575],[14.2112,49.254],[14.2076,49.2541],[14.2065,49.2563],[14.2008,49.2565],[14.2033,49.2544],[14.2009,49.2513],[14.2047,49.2502],[14.2033,49.2471],[14.2092,49.2487],[14.2099,49.2426],[14.2138,49.2406],[14.2144,49.2359],[14.2123,49.2322],[14.2191,49.22],[14.2277,49.2192],[14.2304,49.2163],[14.2425,49.2122],[14.2531,49.2141],[14.2581,49.2121],[14.2646,49.2123],[14.2657,49.2061],[14.2764,49.2096],[14.2761,49.2115],[14.2791,49.2117],[14.2831,49.2149],[14.2934,49.2162],[14.2971,49.2188],[14.2999,49.2051],[14.3106,49.2024],[14.314,49.1979],[14.3112,49.1953],[14.3077,49.1953],[14.308,49.1909],[14.3018,49.1876],[14.2988,49.1875],[14.2951,49.1904],[14.2928,49.1887],[14.2964,49.1853],[14.2922,49.1839],[14.293,49.182],[14.2907,49.1801],[14.283,49.1808],[14.2754,49.1762],[14.2745,49.1641],[14.2771,49.1581],[14.2729,49.1461],[14.2681,49.1463],[14.2687,49.1433],[14.2562,49.1394],[14.2488,49.1419],[14.2454,49.133],[14.2487,49.1314],[14.2489,49.1274],[14.238,49.1297],[14.233,49.128],[14.2329,49.1241],[14.2359,49.1243],[14.2419,49.1202],[14.241,49.1021],[14.2328,49.1058],[14.2301,49.1026],[14.23,49.0982],[14.2241,49.1002],[14.2239,49.0965],[14.2165,49.0972],[14.2148,49.0966],[14.2158,49.0942],[14.212,49.0943],[14.2122,49.0928],[14.1987,49.0934],[14.1888,49.0901],[14.1743,49.0965],[14.1702,49.0945],[14.1629,49.0945],[14.1556,49.0913],[14.1414,49.094],[14.1251,49.0898],[14.1266,49.0898],[14.1262,49.0882],[14.129,49.0881],[14.1291,49.0862],[14.1306,49.0861],[14.1308,49.0891],[14.1343,49.0888],[14.1337,49.0873],[14.1373,49.0864],[14.1358,49.084],[14.1402,49.0828],[14.1403,49.0788],[14.1465,49.0756],[14.1536,49.0776],[14.1515,49.0739],[14.1546,49.0748],[14.155,49.0732],[14.1483,49.0726],[14.1472,49.071],[14.1526,49.0676],[14.1506,49.066],[14.1543,49.0627],[14.1505,49.0628],[14.152,49.0584],[14.1498,49.0553],[14.1529,49.052],[14.1476,49.0495],[14.1499,49.0467],[14.1435,49.0431],[14.1432,49.0399],[14.1342,49.0367],[14.1373,49.0322],[14.1331,49.0269],[14.1265,49.027],[14.1264,49.0256],[14.1179,49.0235],[14.113,49.0256],[14.1143,49.0278],[14.1112,49.0278],[14.1094,49.0265],[14.1124,49.023],[14.1099,49.0216],[14.104,49.0194],[14.098,49.0217],[14.0899,49.0203],[14.091,49.0169],[14.0858,49.0197],[14.084,49.019],[14.0867,49.0172],[14.0846,49.0143],[14.0793,49.0146],[14.0782,49.0257],[14.0761,49.0263],[14.0772,49.0214],[14.0748,49.0204],[14.0677,49.0191],[14.0643,49.0208],[14.0651,49.0283],[14.06,49.0281],[14.0605,49.0329],[14.0537,49.0352],[14.0553,49.0379],[14.0515,49.0373],[14.0463,49.0406],[14.0384,49.0402],[14.0343,49.0389],[14.0312,49.0351],[14.0224,49.0384],[14.0231,49.0401],[14.0206,49.0389],[14.0212,49.0422],[14.0191,49.042],[14.0193,49.0439],[14.0173,49.044],[14.0141,49.0433],[14.0129,49.0412],[13.9953,49.0367],[13.9917,49.0343],[13.9774,49.0354],[13.9767,49.0324],[13.9709,49.0343],[13.9657,49.032],[13.964,49.0341],[13.9578,49.0345],[13.9549,49.0367],[13.9454,49.0303],[13.9446,49.0361],[13.9394,49.0385],[13.9311,49.034],[13.9259,49.0275],[13.9197,49.032],[13.9168,49.0296],[13.911,49.0292],[13.9132,49.0337],[13.9067,49.0338],[13.9036,49.0356],[13.8825,49.0319],[13.8768,49.0277],[13.8803,49.0235],[13.8891,49.0213],[13.8925,49.0131],[13.8969,49.0091],[13.8958,49.0068],[13.8817,49.0071],[13.8778,49.0058],[13.8736,48.996],[13.8671,48.9937],[13.8606,48.9943],[13.8458,49.0001],[13.8322,48.9988],[13.8285,48.9963],[13.8302,48.9951],[13.8276,48.9944],[13.8275,48.9841],[13.837,48.979],[13.8384,48.976],[13.8428,48.9753],[13.8527,48.9685],[13.8535,48.9618],[13.8464,48.954],[13.845,48.9473],[13.8108,48.9219],[13.806,48.9221],[13.7952,48.9173],[13.7968,48.9131],[13.7952,48.9125],[13.7943,48.914],[13.7897,48.9104],[13.7825,48.9082],[13.7798,48.9092],[13.7725,48.9082],[13.7705,48.9061],[13.7664,48.9058],[13.7554,48.9087],[13.7503,48.907],[13.7559,48.9008],[13.7511,48.8997],[13.7534,48.8973],[13.7516,48.8957],[13.7565,48.8937],[13.7537,48.8881],[13.7489,48.8843],[13.7484,48.8795],[13.7398,48.8781],[13.7369,48.8811],[13.7379,48.8861],[13.7311,48.8872],[13.7251,48.8814],[13.7172,48.8783],[13.7022,48.8818],[13.6893,48.8783],[13.6842,48.8801],[13.6759,48.8788],[13.6714,48.8802],[13.668,48.888],[13.6696,48.8906],[13.6613,48.8945],[13.6555,48.8937],[13.6454,48.9113],[13.638,48.9193],[13.638,48.9258],[13.6225,48.9389],[13.6238,48.9423],[13.6312,48.9471],[13.6286,48.9493],[13.6216,48.9491],[13.6139,48.9444],[13.6079,48.9436],[13.6103,48.9387],[13.5978,48.9461],[13.5904,48.9531],[13.5893,48.9564],[13.593,48.961],[13.5839,48.9693],[13.5801,48.9708],[13.576,48.9703],[13.5727,48.9661],[13.5633,48.9706],[13.5571,48.9672],[13.5509,48.9677],[13.5515,48.9705],[13.5489,48.9745],[13.551,48.9788],[13.5444,48.9805],[13.536,48.9858],[13.5395,48.9925],[13.5379,48.9978],[13.5418,48.9994],[13.5466,49.0057],[13.5436,49.0107],[13.546,49.0171],[13.5432,49.018],[13.5526,49.0265],[13.5533,49.0307],[13.5572,49.0319],[13.557,49.0383],[13.5631,49.0423],[13.571,49.0511],[13.5806,49.0476],[13.5848,49.0437],[13.5876,49.0447],[13.5932,49.0502],[13.6032,49.0546],[13.6071,49.0646],[13.6058,49.0708],[13.6001,49.0749],[13.5985,49.0785],[13.5941,49.0802],[13.5988,49.0858],[13.5986,49.0889],[13.5939,49.0923],[13.5864,49.0944],[13.5794,49.1043],[13.5815,49.1061],[13.5927,49.1069],[13.5982,49.1088],[13.5945,49.1203],[13.5907,49.123],[13.5895,49.1264],[13.594,49.1303],[13.5925,49.1324],[13.6005,49.1416],[13.5972,49.1438],[13.5948,49.1424],[13.5888,49.1465],[13.5949,49.1483],[13.607,49.1472],[13.608,49.1456],[13.6048,49.1437],[13.6269,49.1401],[13.6298,49.1358],[13.644,49.1441],[13.6474,49.1489],[13.6534,49.1492],[13.6562,49.1515],[13.6552,49.1526],[13.6602,49.1544],[13.6591,49.1606],[13.6691,49.1596],[13.6742,49.1632],[13.677,49.1614],[13.6817,49.1643],[13.6844,49.1622],[13.6874,49.163],[13.6897,49.16],[13.6946,49.1653],[13.6875,49.164],[13.6845,49.1653],[13.6855,49.1674],[13.694,49.1693],[13.6931,49.1789],[13.6903,49.1832],[13.6917,49.1873],[13.6962,49.1887],[13.6966,49.1914],[13.7009,49.1929],[13.7154,49.192],[13.7199,49.195],[13.7133,49.2024],[13.7146,49.2022],[13.7133,49.2039],[13.7154,49.2049],[13.7152,49.2086],[13.7105,49.2093],[13.7117,49.2108],[13.7095,49.212],[13.7066,49.2113],[13.699,49.213],[13.6961,49.2177],[13.6968,49.2207],[13.6919,49.2204],[13.69,49.2247],[13.6932,49.2251],[13.6891,49.2252],[13.6888,49.2283],[13.6915,49.2301],[13.6944,49.2295],[13.6944,49.2326],[13.691,49.2322],[13.6992,49.2389],[13.7101,49.2365],[13.7079,49.2404],[13.7092,49.2423],[13.705,49.2422],[13.7035,49.2439],[13.7063,49.2432],[13.7057,49.2458],[13.7128,49.2458],[13.714,49.2432],[13.7171,49.2427],[13.7267,49.2437],[13.7199,49.2507],[13.7285,49.257],[13.7335,49.2572],[13.731,49.2592],[13.7272,49.2572],[13.7147,49.2566],[13.7138,49.2582],[13.7086,49.259],[13.7079,49.258],[13.708,49.2617],[13.7047,49.2638],[13.7057,49.2667],[13.7025,49.2691],[13.7031,49.2768],[13.6984,49.2782],[13.7002,49.28],[13.7127,49.2767],[13.7168,49.2787],[13.7243,49.2772],[13.7309,49.2803],[13.7306,49.2851],[13.7337,49.2857],[13.736,49.2892],[13.7351,49.2921],[13.725,49.293],[13.7245,49.2952],[13.7262,49.296],[13.7243,49.2959],[13.721,49.2993],[13.7253,49.2994],[13.7274,49.3027],[13.7222,49.3071],[13.7222,49.3106],[13.7338,49.3079],[13.7361,49.3161],[13.7477,49.3182],[13.7477,49.3204],[13.7507,49.3208],[13.75,49.3229],[13.7555,49.3252],[13.7701,49.3235],[13.7713,49.329],[13.7661,49.3328],[13.7675,49.335],[13.772,49.3355],[13.7722,49.3367],[13.7681,49.3369],[13.7691,49.3418],[13.7752,49.3476],[13.7755,49.3503],[13.7856,49.3519],[13.7831,49.3534],[13.7855,49.3555],[13.7833,49.356],[13.7853,49.3588],[13.7822,49.3546],[13.7784,49.3557],[13.7812,49.3594],[13.7861,49.3611],[13.7875,49.3641],[13.7907,49.3638],[13.7888,49.3647],[13.7901,49.3645],[13.7892,49.3673],[13.7916,49.3684],[13.7849,49.375],[13.7816,49.374],[13.7772,49.3768],[13.7714,49.3761],[13.7709,49.3784],[13.7757,49.3793],[13.7713,49.3806],[13.7756,49.3815],[13.7639,49.388],[13.765,49.3939],[13.7622,49.3967],[13.7637,49.3977],[13.7586,49.3992],[13.7624,49.4022],[13.7591,49.4021],[13.7584,49.4038],[13.7639,49.403],[13.7613,49.4053],[13.7645,49.4071],[13.7656,49.4109],[13.7619,49.4114],[13.7638,49.4173],[13.7617,49.4184],[13.7674,49.4211],[13.7637,49.4209],[13.7634,49.4224],[13.7672,49.4226],[13.768,49.4261],[13.7752,49.4284],[13.7746,49.4304],[13.7779,49.4336],[13.7907,49.4351],[13.7785,49.437],[13.7766,49.4385],[13.7767,49.4401],[13.7793,49.4395],[13.7788,49.4422],[13.7778,49.4408],[13.7751,49.4437],[13.7718,49.4445],[13.7715,49.4487],[13.7697,49.4477],[13.7641,49.4527],[13.765,49.4586],[13.7679,49.4591],[13.762,49.4611],[13.7621,49.4643],[13.7666,49.4658],[13.7633,49.471],[13.7663,49.4746],[13.7689,49.4746],[13.7664,49.4763],[13.7609,49.4753],[13.7661,49.4774],[13.7622,49.4808],[13.7601,49.477],[13.7614,49.4808],[13.7591,49.4812],[13.7683,49.4812],[13.769,49.4828],[13.7589,49.4843],[13.7587,49.4821],[13.7478,49.4868],[13.7501,49.4887],[13.7485,49.4904],[13.7509,49.4917],[13.7477,49.4925],[13.7474,49.4955],[13.7518,49.4946],[13.7517,49.4978],[13.7584,49.4972],[13.7584,49.5023],[13.7503,49.5053],[13.7506,49.5068],[13.7533,49.507],[13.7539,49.5089],[13.7605,49.5099],[13.7568,49.5126],[13.7658,49.514],[13.7692,49.5112],[13.7814,49.5107],[13.7821,49.5091],[13.7843,49.509],[13.7915,49.5153],[13.7911,49.5193],[13.8047,49.5176],[13.8088,49.5157],[13.807,49.5167],[13.8085,49.5189],[13.8144,49.5186],[13.8122,49.5213],[13.8166,49.5253],[13.8226,49.5259],[13.8214,49.5274]]],"crs":null}},{"type":"Feature","properties":{"id":15,"name":"Pelhřimov","active":true},"geometry":{"type":"Polygon","coordinates":[[[15.0032,49.6079],[15.0017,49.6055],[15.0077,49.6037],[15.0057,49.6015],[15.016,49.6007],[15.0213,49.5969],[15.0246,49.5982],[15.0268,49.5973],[15.0281,49.5993],[15.0362,49.6016],[15.0379,49.5995],[15.0401,49.6011],[15.0456,49.6003],[15.0513,49.5967],[15.0506,49.5954],[15.0559,49.5941],[15.0625,49.5969],[15.0692,49.596],[15.0742,49.5977],[15.0753,49.5996],[15.0809,49.5971],[15.0839,49.5975],[15.0829,49.6007],[15.0876,49.5997],[15.0905,49.6025],[15.0983,49.605],[15.0989,49.6033],[15.1028,49.6024],[15.1021,49.6074],[15.1097,49.6072],[15.1107,49.6098],[15.1122,49.6089],[15.1139,49.6105],[15.1175,49.6104],[15.1166,49.6081],[15.1128,49.6088],[15.1121,49.6046],[15.1191,49.6048],[15.1195,49.6033],[15.1247,49.6018],[15.1256,49.5996],[15.1292,49.6011],[15.1364,49.6],[15.1359,49.6032],[15.1391,49.6016],[15.1404,49.6034],[15.1373,49.6038],[15.1392,49.6042],[15.1422,49.6019],[15.1467,49.6022],[15.1488,49.5983],[15.1537,49.5961],[15.1532,49.5916],[15.1649,49.589],[15.167,49.5901],[15.1655,49.5914],[15.1671,49.5938],[15.1645,49.5938],[15.1633,49.5966],[15.1651,49.5968],[15.1657,49.5999],[15.1676,49.5999],[15.1675,49.6024],[15.1724,49.6045],[15.1709,49.6073],[15.173,49.6092],[15.1697,49.6105],[15.171,49.6141],[15.1719,49.6132],[15.1746,49.6146],[15.1735,49.6134],[15.1761,49.6102],[15.1806,49.61],[15.1779,49.6135],[15.1807,49.6145],[15.1805,49.6161],[15.1821,49.6155],[15.1841,49.6193],[15.187,49.619],[15.1877,49.6174],[15.1888,49.6203],[15.193,49.6189],[15.2009,49.611],[15.2051,49.612],[15.2067,49.6142],[15.2105,49.6119],[15.2169,49.6141],[15.222,49.6124],[15.2243,49.6142],[15.2305,49.615],[15.2298,49.6194],[15.2337,49.6201],[15.2347,49.622],[15.2371,49.6212],[15.2372,49.6234],[15.2417,49.6226],[15.2411,49.6256],[15.249,49.6211],[15.2488,49.6155],[15.2723,49.61],[15.2848,49.6119],[15.29,49.6113],[15.2912,49.6145],[15.2984,49.6188],[15.2977,49.6173],[15.3,49.6161],[15.3069,49.6145],[15.3129,49.6143],[15.3196,49.6164],[15.3265,49.6148],[15.3293,49.6163],[15.335,49.6134],[15.338,49.619],[15.3474,49.6229],[15.3521,49.6307],[15.3515,49.6271],[15.3571,49.626],[15.3571,49.6214],[15.3629,49.6204],[15.3637,49.618],[15.3671,49.6182],[15.3689,49.6148],[15.3749,49.6163],[15.385,49.6118],[15.388,49.6128],[15.388,49.6112],[15.3831,49.6089],[15.3869,49.6027],[15.3987,49.6027],[15.4054,49.5967],[15.4101,49.5957],[15.4149,49.5995],[15.4215,49.5998],[15.4317,49.5971],[15.4332,49.5955],[15.428,49.5932],[15.4269,49.5898],[15.431,49.5879],[15.4383,49.5879],[15.4437,49.582],[15.436,49.583],[15.4274,49.5782],[15.4271,49.5763],[15.4213,49.5768],[15.4133,49.5704],[15.4124,49.5656],[15.4061,49.5595],[15.4041,49.555],[15.4054,49.5525],[15.4032,49.5508],[15.4051,49.55],[15.4083,49.552],[15.4132,49.5522],[15.4133,49.5504],[15.4086,49.5474],[15.413,49.5399],[15.4039,49.5345],[15.4081,49.5282],[15.4031,49.5254],[15.4001,49.5255],[15.3989,49.5219],[15.3919,49.5194],[15.3979,49.515],[15.4112,49.5116],[15.4111,49.5084],[15.4152,49.5034],[15.4239,49.4992],[15.4204,49.4978],[15.4183,49.4945],[15.4036,49.4906],[15.4007,49.4873],[15.3962,49.486],[15.3906,49.488],[15.3956,49.4815],[15.3943,49.4767],[15.3916,49.4776],[15.3795,49.4684],[15.3652,49.4624],[15.3694,49.4604],[15.3721,49.4525],[15.3701,49.4426],[15.3715,49.4376],[15.376,49.4357],[15.377,49.4325],[15.3818,49.429],[15.3804,49.4225],[15.3868,49.4223],[15.3952,49.4187],[15.3984,49.4172],[15.401,49.4124],[15.3995,49.4098],[15.3929,49.4119],[15.3812,49.41],[15.3809,49.4033],[15.3764,49.4009],[15.3736,49.3955],[15.3743,49.3902],[15.3819,49.3864],[15.3896,49.3884],[15.3958,49.3881],[15.3967,49.3836],[15.3948,49.3825],[15.4003,49.3806],[15.3982,49.3771],[15.4114,49.3751],[15.4167,49.37],[15.4162,49.3673],[15.4132,49.3666],[15.4,49.3712],[15.3934,49.3718],[15.3857,49.3678],[15.3787,49.3677],[15.376,49.366],[15.3802,49.3635],[15.3691,49.362],[15.3679,49.358],[15.3706,49.3512],[15.3797,49.35],[15.3835,49.3426],[15.3789,49.3395],[15.3804,49.3366],[15.3852,49.3348],[15.3694,49.3347],[15.3642,49.3369],[15.3518,49.3372],[15.3528,49.3332],[15.35,49.3317],[15.361,49.328],[15.3614,49.3161],[15.3561,49.3142],[15.3492,49.317],[15.3434,49.3134],[15.3463,49.3069],[15.3446,49.3042],[15.3369,49.3008],[15.3303,49.2838],[15.3307,49.2802],[15.3372,49.274],[15.3351,49.2709],[15.3224,49.276],[15.3098,49.2784],[15.2996,49.2737],[15.2984,49.2775],[15.3002,49.2815],[15.2985,49.2836],[15.2946,49.2812],[15.2851,49.2798],[15.2768,49.2763],[15.2751,49.274],[15.2776,49.2725],[15.2823,49.273],[15.2827,49.2715],[15.2762,49.2608],[15.2739,49.2608],[15.2748,49.2584],[15.2708,49.2552],[15.2681,49.2486],[15.2791,49.2463],[15.2761,49.2421],[15.2774,49.2398],[15.2714,49.2359],[15.2641,49.2253],[15.2554,49.2212],[15.2575,49.2177],[15.2556,49.2135],[15.254,49.2136],[15.2565,49.2112],[15.2524,49.2072],[15.2582,49.2076],[15.259,49.2107],[15.2655,49.2148],[15.271,49.2107],[15.2796,49.2103],[15.2849,49.2168],[15.2962,49.217],[15.3076,49.2132],[15.3132,49.2148],[15.3131,49.2187],[15.3151,49.2177],[15.3203,49.2195],[15.3218,49.2174],[15.3287,49.2174],[15.3312,49.2195],[15.3415,49.2184],[15.3455,49.2164],[15.3424,49.2048],[15.345,49.1995],[15.3491,49.1974],[15.3479,49.1936],[15.3509,49.1924],[15.3477,49.1876],[15.3483,49.1844],[15.3429,49.1798],[15.3418,49.1746],[15.3443,49.1728],[15.3372,49.1669],[15.3433,49.1669],[15.3535,49.153],[15.3574,49.1531],[15.3541,49.1555],[15.3552,49.1567],[15.3606,49.1553],[15.3584,49.1505],[15.3668,49.1481],[15.3715,49.149],[15.3726,49.1505],[15.3801,49.1419],[15.3794,49.138],[15.386,49.1348],[15.391,49.1349],[15.392,49.13],[15.3904,49.1285],[15.3946,49.1257],[15.3915,49.123],[15.3881,49.1227],[15.3842,49.1254],[15.3817,49.1249],[15.3834,49.1229],[15.3803,49.122],[15.3799,49.1159],[15.3843,49.1168],[15.3861,49.1152],[15.3841,49.1122],[15.382,49.1122],[15.379,49.1153],[15.381,49.1121],[15.3806,49.1071],[15.3759,49.1034],[15.3827,49.0952],[15.3812,49.0917],[15.3747,49.0956],[15.3533,49.1016],[15.3511,49.0997],[15.3404,49.1017],[15.3381,49.1004],[15.3361,49.1028],[15.3372,49.1041],[15.3337,49.1071],[15.3145,49.106],[15.3132,49.1039],[15.3152,49.1004],[15.3247,49.0935],[15.326,49.0896],[15.3289,49.0887],[15.3267,49.0873],[15.3274,49.0838],[15.3317,49.0797],[15.325,49.0801],[15.3314,49.0692],[15.3299,49.0657],[15.3331,49.0653],[15.3378,49.0563],[15.3439,49.0517],[15.3494,49.0486],[15.3629,49.046],[15.3619,49.0425],[15.3589,49.0443],[15.3586,49.0414],[15.3627,49.0363],[15.3572,49.0344],[15.3537,49.0353],[15.355,49.0342],[15.3497,49.032],[15.354,49.0339],[15.3565,49.0331],[15.356,49.0274],[15.3529,49.0242],[15.3511,49.0248],[15.3546,49.0304],[15.3453,49.0308],[15.3423,49.035],[15.3341,49.0387],[15.3194,49.04],[15.3065,49.0438],[15.3049,49.0418],[15.2953,49.0431],[15.292,49.0389],[15.2801,49.0396],[15.2761,49.0378],[15.274,49.0384],[15.2723,49.046],[15.2647,49.0471],[15.2607,49.051],[15.257,49.0483],[15.2555,49.0421],[15.249,49.0477],[15.2296,49.051],[15.229,49.0547],[15.2184,49.0552],[15.2051,49.0587],[15.1958,49.0557],[15.1926,49.0527],[15.1939,49.0472],[15.1764,49.0422],[15.1729,49.0428],[15.1734,49.0454],[15.1678,49.0411],[15.1732,49.0394],[15.1783,49.0401],[15.1882,49.0427],[15.1933,49.0463],[15.2,49.0421],[15.2021,49.0383],[15.1992,49.0354],[15.2016,49.0331],[15.201,49.031],[15.1952,49.0295],[15.1938,49.0252],[15.2079,49.0196],[15.2091,49.0175],[15.2153,49.0183],[15.223,49.0109],[15.2209,49.0106],[15.2218,49.0079],[15.2166,49.0061],[15.216,49.0019],[15.2023,48.9989],[15.2019,48.9912],[15.1817,48.9907],[15.1809,48.989],[15.178,48.9907],[15.1715,48.9902],[15.1634,48.9942],[15.1572,48.9919],[15.1494,48.9955],[15.1368,48.9977],[15.1328,49.0008],[15.129,48.9976],[15.1256,48.999],[15.1219,48.9973],[15.1142,48.9994],[15.1082,48.9992],[15.1026,48.9939],[15.092,48.997],[15.0649,48.9997],[15.0644,49.0044],[15.0673,49.0063],[15.0643,49.0122],[15.0654,49.0143],[15.0586,49.0156],[15.0525,49.0154],[15.0408,49.0116],[15.0283,49.0156],[15.0256,49.0188],[15.0206,49.0206],[15.0141,49.0178],[15.0115,49.0144],[15.003,49.0116],[14.9951,49.0148],[14.9904,49.0097],[14.995,49.0054],[15.0008,49.0038],[14.9951,48.9933],[14.9978,48.992],[14.9912,48.9892],[14.9916,48.9881],[14.9845,48.9867],[14.9805,48.9811],[14.981,48.9782],[14.9784,48.9805],[14.9785,48.9745],[14.9762,48.9711],[14.9778,48.9606],[14.9765,48.9559],[14.9806,48.944],[14.9847,48.9416],[14.9834,48.9404],[14.9865,48.936],[14.9837,48.9325],[14.9794,48.9314],[14.979,48.9281],[14.9849,48.9245],[14.9859,48.9196],[14.99,48.9159],[14.9929,48.9041],[14.9916,48.8974],[14.9873,48.8957],[14.9889,48.8911],[14.9835,48.891],[14.9838,48.8748],[14.9729,48.8747],[14.9734,48.8531],[14.9777,48.8532],[14.9782,48.8508],[14.9845,48.8461],[14.9845,48.8425],[14.9721,48.8423],[14.9719,48.8394],[14.9683,48.837],[14.9675,48.8309],[14.9697,48.824],[14.9582,48.814],[14.9574,48.8107],[14.9605,48.8046],[14.9553,48.8014],[14.9573,48.7996],[14.9532,48.7952],[14.9556,48.7928],[14.9534,48.7896],[14.9749,48.7827],[14.9801,48.7792],[14.978,48.7765],[14.9808,48.7754],[14.9757,48.769],[14.9702,48.7672],[14.968,48.7641],[14.9607,48.7624],[14.9558,48.7582],[14.9523,48.7618],[14.9504,48.7608],[14.9482,48.763],[14.9401,48.7614],[14.9319,48.7666],[14.919,48.7685],[14.9177,48.7699],[14.9118,48.7671],[14.9062,48.7671],[14.9012,48.7701],[14.9069,48.7709],[14.91,48.7742],[14.9115,48.7804],[14.8912,48.7879],[14.8916,48.7936],[14.9021,48.8048],[14.8935,48.8062],[14.8925,48.8073],[14.8945,48.8087],[14.8727,48.8223],[14.8819,48.8304],[14.8801,48.8398],[14.8746,48.8503],[14.8635,48.8456],[14.8589,48.8453],[14.8581,48.8435],[14.843,48.8457],[14.8323,48.8503],[14.82,48.8525],[14.7937,48.8764],[14.7949,48.8803],[14.799,48.883],[14.8,48.8861],[14.7982,48.8886],[14.8034,48.8904],[14.7931,48.8942],[14.7914,48.8931],[14.7878,48.897],[14.7852,48.8969],[14.7871,48.8986],[14.787,48.9039],[14.7804,48.9058],[14.7889,48.908],[14.7858,48.9115],[14.7901,48.9118],[14.7905,48.916],[14.8039,48.9124],[14.8175,48.9063],[14.8312,48.9034],[14.8371,48.91],[14.8504,48.9067],[14.855,48.9095],[14.869,48.9091],[14.8757,48.9064],[14.879,48.9068],[14.8803,48.9114],[14.8836,48.9119],[14.8842,48.9134],[14.8951,48.9141],[14.8995,48.9182],[14.8969,48.9209],[14.8997,48.9214],[14.8983,48.9229],[14.8963,48.9222],[14.896,48.927],[14.8937,48.9265],[14.8954,48.9277],[14.8881,48.9326],[14.8906,48.9356],[14.8879,48.937],[14.89,48.9387],[14.8876,48.9382],[14.8876,48.9413],[14.8849,48.9405],[14.8868,48.9421],[14.8845,48.9431],[14.8844,48.9452],[14.8824,48.9444],[14.8802,48.9458],[14.8812,48.9495],[14.8792,48.9489],[14.8775,48.9498],[14.8791,48.951],[14.875,48.9509],[14.8777,48.9519],[14.875,48.9527],[14.8774,48.9544],[14.8705,48.9572],[14.8686,48.9566],[14.8683,48.9596],[14.8656,48.9609],[14.8672,48.9623],[14.8645,48.962],[14.8647,48.9639],[14.8679,48.9639],[14.867,48.9671],[14.869,48.9672],[14.8677,48.9694],[14.8655,48.9689],[14.8666,48.9712],[14.8638,48.971],[14.8625,48.9732],[14.871,48.9717],[14.8737,48.9775],[14.87,48.9836],[14.8711,48.989],[14.8668,48.9916],[14.8617,48.9901],[14.8579,48.9912],[14.8597,49.0027],[14.8557,49.005],[14.8634,49.0076],[14.8656,49.0103],[14.8646,49.021],[14.8699,49.025],[14.8652,49.0294],[14.8667,49.0318],[14.8614,49.036],[14.8626,49.0371],[14.8561,49.0368],[14.8539,49.0399],[14.8501,49.0383],[14.8509,49.0357],[14.8464,49.0371],[14.8393,49.035],[14.8371,49.0382],[14.8383,49.0398],[14.8344,49.0419],[14.8393,49.0455],[14.8371,49.05],[14.834,49.0517],[14.8247,49.0453],[14.8126,49.0503],[14.8106,49.0554],[14.8072,49.0555],[14.8064,49.0587],[14.7965,49.062],[14.7932,49.0667],[14.7827,49.0619],[14.776,49.0679],[14.7753,49.0715],[14.7717,49.0735],[14.7738,49.0748],[14.7708,49.0769],[14.7699,49.0827],[14.7735,49.0873],[14.7678,49.0916],[14.7676,49.0965],[14.7647,49.0971],[14.7633,49.1071],[14.7559,49.1196],[14.7608,49.118],[14.7644,49.1298],[14.7899,49.1298],[14.8032,49.1168],[14.8061,49.1096],[14.8183,49.1114],[14.8224,49.1137],[14.8183,49.1177],[14.8209,49.1211],[14.8168,49.1214],[14.8182,49.1239],[14.8071,49.1267],[14.8067,49.1248],[14.8035,49.1244],[14.7996,49.1281],[14.8007,49.131],[14.7989,49.1304],[14.7984,49.1317],[14.7966,49.1302],[14.795,49.1321],[14.7931,49.1317],[14.793,49.1366],[14.7836,49.1393],[14.7846,49.1408],[14.7795,49.1443],[14.7801,49.1465],[14.783,49.1466],[14.7811,49.149],[14.7775,49.1496],[14.7795,49.1503],[14.775,49.1501],[14.7769,49.1519],[14.7728,49.1552],[14.7826,49.1605],[14.7878,49.1659],[14.8068,49.1689],[14.8059,49.1826],[14.7984,49.1843],[14.797,49.183],[14.7907,49.1832],[14.7857,49.1865],[14.7842,49.1904],[14.7778,49.189],[14.7743,49.1856],[14.7695,49.1856],[14.7694,49.1895],[14.7669,49.1896],[14.7665,49.1964],[14.7598,49.2016],[14.7596,49.2048],[14.753,49.2081],[14.7581,49.2099],[14.7603,49.2124],[14.7561,49.2127],[14.7559,49.2153],[14.7486,49.2215],[14.7501,49.2233],[14.7486,49.2263],[14.7521,49.2282],[14.7573,49.2277],[14.7627,49.2308],[14.7713,49.2312],[14.773,49.2237],[14.7889,49.2193],[14.8098,49.2164],[14.8147,49.2188],[14.8133,49.2246],[14.8226,49.2243],[14.8228,49.2224],[14.826,49.2223],[14.8253,49.2237],[14.8321,49.2239],[14.8357,49.2259],[14.8376,49.2289],[14.8415,49.2296],[14.8477,49.2276],[14.8522,49.2374],[14.8578,49.2359],[14.8594,49.2376],[14.8612,49.2366],[14.8603,49.2352],[14.8712,49.2345],[14.8744,49.241],[14.8695,49.245],[14.8711,49.2488],[14.8689,49.2512],[14.873,49.257],[14.8682,49.2597],[14.8706,49.2605],[14.8749,49.2583],[14.873,49.2652],[14.8777,49.2662],[14.8799,49.2686],[14.8823,49.2681],[14.8843,49.2712],[14.8873,49.2718],[14.887,49.2745],[14.8907,49.2748],[14.8907,49.2774],[14.8958,49.2831],[14.8843,49.2818],[14.8823,49.2822],[14.8792,49.2884],[14.8699,49.2883],[14.8675,49.2924],[14.871,49.2946],[14.8646,49.2953],[14.8624,49.3002],[14.8794,49.3052],[14.9009,49.3036],[14.9039,49.3045],[14.9048,49.3066],[14.9072,49.3062],[14.9084,49.3091],[14.9233,49.31],[14.93,49.3165],[14.9264,49.3212],[14.9094,49.3281],[14.906,49.3329],[14.9039,49.3332],[14.9094,49.3371],[14.9099,49.3407],[14.9153,49.3418],[14.9141,49.345],[14.9187,49.3456],[14.9222,49.3511],[14.932,49.3517],[14.9315,49.354],[14.9333,49.3548],[14.9312,49.3548],[14.933,49.3564],[14.9269,49.3526],[14.9254,49.3631],[14.9156,49.3684],[14.91,49.3673],[14.9002,49.3719],[14.8916,49.3735],[14.8882,49.376],[14.8926,49.38],[14.8897,49.3842],[14.892,49.3852],[14.8923,49.388],[14.8957,49.3894],[14.8926,49.3896],[14.8935,49.394],[14.9016,49.395],[14.9032,49.3996],[14.9017,49.4016],[14.9063,49.405],[14.9036,49.4079],[14.9053,49.4077],[14.9052,49.4093],[14.9019,49.411],[14.9025,49.4131],[14.9046,49.4129],[14.9067,49.4153],[14.906,49.418],[14.911,49.4193],[14.9162,49.4251],[14.9097,49.4259],[14.9086,49.4239],[14.9034,49.4238],[14.9017,49.4221],[14.9002,49.428],[14.9051,49.4281],[14.9069,49.4313],[14.9121,49.4307],[14.9142,49.4373],[14.9119,49.4407],[14.9126,49.4437],[14.9161,49.4468],[14.9198,49.4467],[14.9245,49.4563],[14.9276,49.4564],[14.9249,49.4603],[14.9301,49.4681],[14.9223,49.4705],[14.9176,49.4745],[14.9214,49.4746],[14.9259,49.4824],[14.9336,49.4841],[14.9283,49.4882],[14.9287,49.4952],[14.9262,49.4957],[14.927,49.5007],[14.9245,49.504],[14.9195,49.5055],[14.9128,49.5116],[14.9039,49.513],[14.9014,49.5146],[14.9018,49.5165],[14.9031,49.5184],[14.9058,49.5187],[14.9063,49.5224],[14.9162,49.5236],[14.9196,49.5222],[14.9265,49.5241],[14.9282,49.5212],[14.9354,49.5204],[14.9409,49.5246],[14.9437,49.5244],[14.9451,49.5277],[14.9392,49.5305],[14.9348,49.5375],[14.9288,49.5416],[14.9285,49.546],[14.932,49.5494],[14.9309,49.5543],[14.9328,49.5576],[14.9416,49.5582],[14.9465,49.5568],[14.9411,49.5657],[14.9356,49.5674],[14.9396,49.5694],[14.9421,49.5752],[14.9396,49.5799],[14.9475,49.5797],[14.9502,49.5777],[14.9569,49.5763],[14.9598,49.5797],[14.9736,49.5785],[14.9933,49.5819],[14.9906,49.5853],[14.9851,49.5862],[14.9821,49.5917],[14.9757,49.5925],[14.969,49.5958],[14.9747,49.6037],[14.9819,49.606],[14.9849,49.6049],[14.9913,49.6071],[15.0032,49.6079]]],"crs":null}},{"type":"Feature","properties":{"id":18,"name":"Příbram","active":true},"geometry":{"type":"Polygon","coordinates":[[[14.527,49.958],[14.5279,49.9591],[14.5378,49.9497],[14.54,49.944],[14.5427,49.944],[14.533,49.9384],[14.5249,49.9392],[14.5235,49.9356],[14.533,49.9348],[14.5421,49.9284],[14.5375,49.9254],[14.5346,49.9179],[14.5234,49.9158],[14.5297,49.9079],[14.5248,49.9074],[14.5249,49.9048],[14.5268,49.9049],[14.5303,49.9002],[14.5349,49.9002],[14.5329,49.8979],[14.5365,49.8963],[14.5503,49.8958],[14.5509,49.8908],[14.5451,49.8848],[14.534,49.8812],[14.5284,49.8812],[14.5293,49.8795],[14.5236,49.873],[14.5271,49.8704],[14.5253,49.8654],[14.531,49.8632],[14.5285,49.8627],[14.5309,49.859],[14.526,49.8567],[14.5123,49.8558],[14.5086,49.8587],[14.5033,49.8526],[14.4919,49.8516],[14.4915,49.8535],[14.4881,49.8541],[14.4815,49.8528],[14.4778,49.8553],[14.4798,49.8581],[14.4753,49.8664],[14.4642,49.859],[14.4519,49.8628],[14.4486,49.8612],[14.4363,49.8625],[14.4304,49.8605],[14.4294,49.8561],[14.4252,49.8558],[14.4268,49.8525],[14.4408,49.857],[14.4398,49.8539],[14.4419,49.8519],[14.4472,49.8524],[14.4502,49.8505],[14.4494,49.8478],[14.4523,49.8453],[14.4453,49.84],[14.4538,49.8332],[14.4519,49.8321],[14.4457,49.8331],[14.4427,49.8311],[14.4478,49.8255],[14.4458,49.8217],[14.4416,49.8212],[14.4317,49.8242],[14.4269,49.8224],[14.4264,49.8174],[14.4216,49.8097],[14.4329,49.8001],[14.4322,49.7945],[14.4255,49.7934],[14.417,49.796],[14.4115,49.7929],[14.4135,49.7779],[14.409,49.7683],[14.4239,49.7632],[14.4289,49.7573],[14.4219,49.7554],[14.4125,49.7564],[14.4046,49.7527],[14.4043,49.748],[14.4128,49.7481],[14.4078,49.7436],[14.4085,49.7413],[14.4117,49.7404],[14.4087,49.7348],[14.4213,49.7314],[14.425,49.7321],[14.4267,49.7285],[14.4302,49.7311],[14.4291,49.7328],[14.431,49.7351],[14.437,49.7359],[14.4334,49.735],[14.436,49.734],[14.4356,49.726],[14.438,49.7266],[14.4353,49.7254],[14.4349,49.723],[14.4388,49.7241],[14.4413,49.7229],[14.4401,49.7216],[14.4437,49.718],[14.4513,49.717],[14.4552,49.7183],[14.4574,49.7167],[14.461,49.7184],[14.4643,49.7139],[14.4636,49.712],[14.4664,49.7122],[14.4674,49.7089],[14.4655,49.7086],[14.4641,49.7033],[14.4659,49.7009],[14.4795,49.7007],[14.4786,49.7107],[14.4801,49.7122],[14.484,49.7129],[14.4866,49.7096],[14.4905,49.7111],[14.4959,49.7104],[14.5017,49.7125],[14.5009,49.7145],[14.5033,49.716],[14.5069,49.7159],[14.5086,49.7123],[14.5062,49.7103],[14.508,49.7094],[14.5069,49.7072],[14.5147,49.7016],[14.5132,49.7006],[14.5157,49.6994],[14.5149,49.6977],[14.5126,49.6971],[14.5191,49.6923],[14.5295,49.696],[14.539,49.696],[14.5382,49.6984],[14.5454,49.6975],[14.543,49.6949],[14.5515,49.6946],[14.5552,49.6916],[14.5631,49.6907],[14.57,49.6928],[14.569,49.695],[14.5726,49.695],[14.5743,49.6974],[14.5784,49.6979],[14.5773,49.7011],[14.5825,49.7024],[14.5836,49.7053],[14.5854,49.7033],[14.5903,49.7054],[14.5884,49.7117],[14.592,49.7148],[14.5922,49.7192],[14.5947,49.7194],[14.5976,49.7224],[14.6033,49.7215],[14.6014,49.72],[14.6057,49.7179],[14.6045,49.7165],[14.5991,49.716],[14.5972,49.7136],[14.6014,49.7095],[14.601,49.7042],[14.6036,49.7049],[14.6043,49.7025],[14.6098,49.7019],[14.6065,49.698],[14.6085,49.6978],[14.6093,49.6953],[14.6051,49.6972],[14.6035,49.6964],[14.6065,49.6912],[14.6097,49.6903],[14.6076,49.6891],[14.6133,49.6862],[14.6133,49.6879],[14.6165,49.6871],[14.6117,49.6846],[14.6149,49.6832],[14.6192,49.6838],[14.6217,49.6822],[14.6254,49.6842],[14.6324,49.6812],[14.6305,49.6916],[14.6421,49.6937],[14.643,49.692],[14.6482,49.6916],[14.6504,49.6955],[14.6485,49.6975],[14.6622,49.7032],[14.6646,49.7094],[14.6655,49.7067],[14.6733,49.703],[14.6735,49.7],[14.676,49.6988],[14.673,49.6988],[14.6795,49.6978],[14.6763,49.6918],[14.681,49.6888],[14.6773,49.6867],[14.679,49.6845],[14.6817,49.6864],[14.681,49.6828],[14.6731,49.6791],[14.6728,49.6769],[14.6678,49.6772],[14.6704,49.6757],[14.6698,49.6734],[14.6786,49.6697],[14.6779,49.6672],[14.6805,49.6672],[14.6813,49.6642],[14.6774,49.6614],[14.6793,49.6599],[14.6757,49.661],[14.6681,49.6575],[14.6673,49.6541],[14.6621,49.6538],[14.6593,49.6514],[14.6545,49.6532],[14.6525,49.6499],[14.6511,49.653],[14.6528,49.654],[14.6504,49.6584],[14.6459,49.6606],[14.6472,49.6615],[14.6408,49.6627],[14.6388,49.6614],[14.6371,49.6619],[14.639,49.6643],[14.6367,49.6645],[14.6321,49.6631],[14.6253,49.6563],[14.6202,49.6564],[14.6188,49.6525],[14.6137,49.6495],[14.613,49.6448],[14.6098,49.6448],[14.6074,49.6468],[14.6079,49.6488],[14.605,49.646],[14.5982,49.6465],[14.5967,49.6487],[14.5931,49.6482],[14.5907,49.65],[14.5895,49.649],[14.5918,49.648],[14.5842,49.6475],[14.5827,49.6453],[14.5719,49.6458],[14.5688,49.6441],[14.5644,49.6459],[14.5584,49.6443],[14.5546,49.6454],[14.5498,49.6423],[14.5476,49.6424],[14.5487,49.6412],[14.5462,49.6399],[14.5487,49.6386],[14.5474,49.6306],[14.5506,49.6291],[14.5516,49.6265],[14.558,49.6252],[14.5528,49.6236],[14.5537,49.622],[14.5648,49.6252],[14.5663,49.6221],[14.5716,49.6234],[14.5744,49.6222],[14.5751,49.6197],[14.5747,49.6239],[14.5782,49.6252],[14.578,49.6266],[14.587,49.6268],[14.5888,49.6297],[14.5917,49.6274],[14.5896,49.6263],[14.5919,49.6229],[14.5976,49.6212],[14.6043,49.6254],[14.6035,49.6265],[14.609,49.6269],[14.611,49.6253],[14.6127,49.6281],[14.618,49.6289],[14.6238,49.6256],[14.6306,49.6245],[14.6312,49.6189],[14.6419,49.6213],[14.6418,49.6202],[14.6461,49.62],[14.6489,49.6165],[14.6474,49.6148],[14.6511,49.6156],[14.6519,49.6145],[14.644,49.6146],[14.6443,49.6068],[14.651,49.6058],[14.6552,49.6076],[14.6559,49.6097],[14.6598,49.6087],[14.6615,49.611],[14.6608,49.6041],[14.6658,49.6046],[14.6696,49.6],[14.6735,49.5995],[14.675,49.5956],[14.6715,49.5931],[14.6736,49.5921],[14.6692,49.5903],[14.6665,49.5918],[14.6556,49.588],[14.6579,49.5843],[14.6556,49.5821],[14.6561,49.5791],[14.6467,49.5767],[14.6416,49.5794],[14.638,49.5784],[14.6404,49.577],[14.6393,49.5752],[14.6465,49.5714],[14.6466,49.5699],[14.6386,49.5697],[14.638,49.5709],[14.6345,49.5694],[14.6422,49.5661],[14.6394,49.5662],[14.6435,49.5616],[14.6391,49.563],[14.6254,49.5584],[14.6252,49.5567],[14.6283,49.556],[14.6248,49.5562],[14.6215,49.5542],[14.6221,49.5488],[14.6205,49.5482],[14.6225,49.5459],[14.6194,49.5427],[14.6169,49.544],[14.613,49.5416],[14.6072,49.542],[14.606,49.5461],[14.6076,49.5483],[14.5996,49.5484],[14.5996,49.5454],[14.5945,49.5489],[14.5913,49.5452],[14.5906,49.547],[14.5893,49.5443],[14.5853,49.543],[14.5842,49.5407],[14.5863,49.5404],[14.5809,49.5364],[14.5779,49.5355],[14.5735,49.538],[14.5728,49.5366],[14.5753,49.5368],[14.5728,49.5332],[14.5677,49.5333],[14.5674,49.5386],[14.562,49.5352],[14.5636,49.5329],[14.5611,49.5312],[14.5546,49.5319],[14.554,49.5333],[14.547,49.532],[14.5451,49.5341],[14.5379,49.5349],[14.5348,49.537],[14.5296,49.535],[14.5283,49.5327],[14.526,49.5351],[14.5225,49.5343],[14.5214,49.5369],[14.5145,49.5349],[14.516,49.5361],[14.5124,49.5363],[14.5108,49.5382],[14.5104,49.5446],[14.4939,49.5405],[14.4894,49.5444],[14.4862,49.5438],[14.4775,49.5462],[14.4754,49.5449],[14.4777,49.5434],[14.4759,49.5377],[14.4666,49.5362],[14.4672,49.5336],[14.4717,49.5324],[14.4669,49.5316],[14.4644,49.5325],[14.463,49.5363],[14.4621,49.5324],[14.4571,49.5338],[14.4563,49.5384],[14.4518,49.5392],[14.4495,49.5418],[14.4436,49.5412],[14.4432,49.5491],[14.4332,49.5477],[14.4316,49.5438],[14.4279,49.5424],[14.415,49.5556],[14.4126,49.5547],[14.406,49.5579],[14.41,49.5533],[14.4063,49.5522],[14.4016,49.5553],[14.3999,49.5542],[14.4034,49.5527],[14.4024,49.5517],[14.4079,49.547],[14.4054,49.545],[14.4072,49.5424],[14.4044,49.5419],[14.4048,49.5403],[14.4075,49.5385],[14.4132,49.539],[14.4136,49.5369],[14.4085,49.5373],[14.4062,49.5348],[14.4038,49.5367],[14.4036,49.541],[14.3971,49.5409],[14.3936,49.5436],[14.3868,49.543],[14.3847,49.5396],[14.3806,49.5413],[14.381,49.5375],[14.3761,49.5377],[14.3758,49.5334],[14.3729,49.5334],[14.3725,49.5353],[14.3706,49.5347],[14.3668,49.5269],[14.3658,49.5284],[14.364,49.5273],[14.3657,49.5298],[14.3615,49.5315],[14.3564,49.5297],[14.3567,49.5251],[14.3547,49.5242],[14.3533,49.5291],[14.3468,49.5283],[14.3463,49.5305],[14.3431,49.5302],[14.343,49.5326],[14.3321,49.5269],[14.3245,49.528],[14.3295,49.5294],[14.3285,49.5342],[14.3345,49.5393],[14.3313,49.5405],[14.3264,49.5397],[14.3236,49.5409],[14.3241,49.5433],[14.3216,49.5426],[14.3188,49.5471],[14.316,49.544],[14.314,49.5465],[14.3081,49.5475],[14.3065,49.5506],[14.2996,49.5443],[14.2967,49.5484],[14.2928,49.5471],[14.2931,49.549],[14.289,49.5509],[14.2913,49.5516],[14.2907,49.555],[14.2924,49.555],[14.2896,49.558],[14.2928,49.5581],[14.2924,49.5594],[14.2792,49.5635],[14.2775,49.5623],[14.2747,49.5659],[14.2695,49.5637],[14.2659,49.5679],[14.2632,49.5679],[14.2601,49.5653],[14.2549,49.5658],[14.2369,49.5586],[14.2388,49.5634],[14.2343,49.5652],[14.2322,49.5612],[14.2267,49.5619],[14.2233,49.5598],[14.2273,49.5539],[14.2262,49.5499],[14.2217,49.5484],[14.2228,49.5461],[14.2202,49.5439],[14.2181,49.5442],[14.2151,49.5414],[14.2107,49.5422],[14.2102,49.5387],[14.2173,49.5404],[14.2132,49.5361],[14.2099,49.5363],[14.2081,49.5317],[14.2008,49.5326],[14.2012,49.5353],[14.2065,49.5358],[14.2007,49.5379],[14.1944,49.5363],[14.1887,49.5368],[14.1872,49.5354],[14.1826,49.5359],[14.1774,49.5322],[14.1747,49.5343],[14.1645,49.5348],[14.1598,49.5332],[14.1527,49.5343],[14.1515,49.5303],[14.122,49.537],[14.1255,49.5281],[14.1184,49.5297],[14.111,49.5286],[14.1072,49.5299],[14.1058,49.5325],[14.1088,49.5356],[14.1045,49.5371],[14.1008,49.5356],[14.1019,49.5285],[14.0909,49.5299],[14.0908,49.5281],[14.0882,49.5273],[14.0866,49.5302],[14.0775,49.5309],[14.075,49.5294],[14.0666,49.5325],[14.0642,49.5414],[14.0679,49.5426],[14.0668,49.55],[14.0694,49.5517],[14.0666,49.5556],[14.0767,49.5558],[14.0731,49.5566],[14.0725,49.5583],[14.0684,49.5574],[14.0618,49.563],[14.0568,49.5601],[14.0431,49.5586],[14.039,49.5602],[14.0348,49.5541],[14.0315,49.5539],[14.0245,49.5489],[14.0219,49.5513],[14.02,49.5512],[14.0201,49.5497],[14.0188,49.551],[14.0172,49.5499],[14.0098,49.5514],[14.01,49.5461],[14.0147,49.5399],[14.0128,49.5377],[14.01,49.5392],[14.01,49.5334],[14.0077,49.5335],[14.0085,49.5306],[14.0063,49.5289],[14.0036,49.5284],[14.0026,49.5306],[13.9985,49.5313],[14.0025,49.524],[14.0053,49.5227],[14.0002,49.5225],[13.9991,49.5195],[13.9968,49.5191],[13.9938,49.5225],[13.9944,49.5247],[13.9906,49.525],[13.988,49.5278],[13.9858,49.5272],[13.9851,49.5242],[13.9818,49.5241],[13.9843,49.5208],[13.9789,49.517],[13.9783,49.5118],[13.9614,49.5127],[13.9542,49.5146],[13.9543,49.5163],[13.9507,49.5181],[13.9389,49.5143],[13.9366,49.512],[13.9382,49.5058],[13.9407,49.5046],[13.937,49.5049],[13.9321,49.5014],[13.931,49.5038],[13.9231,49.5021],[13.9134,49.5043],[13.9095,49.5035],[13.9096,49.5059],[13.9059,49.5065],[13.9004,49.5106],[13.8994,49.5079],[13.8943,49.5087],[13.8909,49.5074],[13.8981,49.5106],[13.8966,49.5118],[13.9012,49.514],[13.8891,49.514],[13.8875,49.5112],[13.8872,49.5126],[13.8813,49.513],[13.8815,49.5159],[13.8786,49.5184],[13.8815,49.5228],[13.8675,49.5258],[13.8586,49.5239],[13.8638,49.5215],[13.8577,49.5199],[13.8536,49.5137],[13.8433,49.5128],[13.842,49.5108],[13.84,49.5115],[13.842,49.5145],[13.8382,49.5147],[13.8382,49.5119],[13.8346,49.511],[13.8326,49.5194],[13.8277,49.5186],[13.827,49.5246],[13.8214,49.5274],[13.8226,49.5259],[13.8166,49.5253],[13.8122,49.5213],[13.8144,49.5186],[13.8085,49.5189],[13.807,49.5167],[13.8088,49.5157],[13.8047,49.5176],[13.7911,49.5193],[13.7915,49.5153],[13.7843,49.509],[13.7821,49.5091],[13.7814,49.5107],[13.7692,49.5112],[13.7658,49.514],[13.7674,49.5179],[13.7644,49.5183],[13.7684,49.52],[13.7724,49.5359],[13.7625,49.5377],[13.765,49.5463],[13.7556,49.5482],[13.7537,49.5505],[13.7464,49.5526],[13.7423,49.5515],[13.7391,49.5449],[13.737,49.5449],[13.7455,49.5588],[13.7429,49.5618],[13.7385,49.5616],[13.7419,49.5671],[13.7403,49.5699],[13.7436,49.5764],[13.7389,49.5864],[13.7459,49.5892],[13.7517,49.596],[13.7509,49.6052],[13.7473,49.6104],[13.7539,49.6153],[13.7537,49.6209],[13.7504,49.6232],[13.7426,49.6213],[13.7409,49.6223],[13.7536,49.6269],[13.7518,49.633],[13.7599,49.638],[13.7625,49.6352],[13.7682,49.6348],[13.7735,49.638],[13.7668,49.6435],[13.7667,49.6471],[13.7632,49.6481],[13.7639,49.6546],[13.767,49.6607],[13.7715,49.6617],[13.7758,49.6716],[13.7842,49.6699],[13.7867,49.673],[13.7915,49.6748],[13.7933,49.6773],[13.7872,49.6816],[13.8081,49.6935],[13.8238,49.6864],[13.827,49.6915],[13.8403,49.6963],[13.8377,49.7059],[13.8455,49.7059],[13.8576,49.7129],[13.8612,49.7124],[13.865,49.7148],[13.8687,49.7228],[13.8665,49.7272],[13.8716,49.7364],[13.8765,49.7338],[13.8822,49.7262],[13.8967,49.729],[13.8969,49.7319],[13.901,49.7335],[13.8906,49.7391],[13.8905,49.748],[13.8956,49.7543],[13.9205,49.7591],[13.9212,49.7626],[13.9289,49.7653],[13.926,49.7715],[13.9276,49.7788],[13.9192,49.7803],[13.9169,49.7834],[13.918,49.7906],[13.922,49.792],[13.9266,49.8034],[13.9381,49.8096],[13.9495,49.8103],[13.9449,49.8122],[13.9597,49.8111],[13.9662,49.813],[13.9647,49.8131],[13.9653,49.8173],[13.9678,49.8208],[13.9723,49.8221],[13.9759,49.8256],[13.9736,49.8281],[13.9817,49.8278],[13.9811,49.8245],[13.9867,49.8185],[13.9914,49.8188],[13.9943,49.821],[13.9998,49.8165],[14.0018,49.8122],[14.0068,49.8118],[14.0039,49.8092],[14.0082,49.8085],[14.0075,49.8013],[14.0102,49.8001],[14.0137,49.8021],[14.0123,49.7893],[14.0156,49.7898],[14.0273,49.7969],[14.0312,49.7923],[14.0377,49.7955],[14.0369,49.79],[14.0444,49.7885],[14.0459,49.7864],[14.0426,49.7847],[14.049,49.7825],[14.0526,49.7782],[14.0548,49.7782],[14.0593,49.7807],[14.0697,49.7919],[14.0797,49.7907],[14.0796,49.7936],[14.074,49.7968],[14.0722,49.8005],[14.0653,49.7998],[14.0648,49.8023],[14.0786,49.8117],[14.0855,49.8143],[14.0847,49.8156],[14.095,49.8111],[14.1008,49.8116],[14.0984,49.8169],[14.1009,49.8177],[14.0978,49.8172],[14.0965,49.8191],[14.0997,49.8277],[14.1102,49.8347],[14.1175,49.8363],[14.1194,49.8401],[14.1287,49.8474],[14.1328,49.8453],[14.1385,49.8556],[14.1462,49.8574],[14.1508,49.8606],[14.1491,49.8649],[14.1507,49.8662],[14.1606,49.865],[14.1652,49.8663],[14.1704,49.8631],[14.1777,49.8619],[14.1814,49.8684],[14.1873,49.8654],[14.1876,49.8721],[14.2067,49.8855],[14.2152,49.8803],[14.2223,49.8825],[14.225,49.886],[14.2298,49.8866],[14.2348,49.8909],[14.2454,49.8946],[14.248,49.8969],[14.2704,49.8976],[14.2818,49.9051],[14.2896,49.908],[14.303,49.9017],[14.3123,49.9048],[14.3244,49.9009],[14.3291,49.9061],[14.3323,49.9013],[14.3313,49.8992],[14.3364,49.8978],[14.3381,49.8894],[14.3485,49.8867],[14.3622,49.8941],[14.3597,49.895],[14.3607,49.8966],[14.3664,49.8986],[14.3683,49.8979],[14.3724,49.9017],[14.376,49.901],[14.3816,49.904],[14.384,49.9023],[14.3823,49.9014],[14.3861,49.9021],[14.3873,49.9039],[14.3921,49.9024],[14.3942,49.9043],[14.3964,49.9015],[14.401,49.9022],[14.4022,49.8964],[14.4063,49.8919],[14.4117,49.8926],[14.4121,49.8949],[14.4146,49.8942],[14.42,49.8963],[14.4449,49.8966],[14.4485,49.8984],[14.4469,49.9007],[14.4506,49.9001],[14.4526,49.9039],[14.4555,49.9044],[14.4557,49.908],[14.4583,49.9063],[14.4608,49.907],[14.4594,49.9083],[14.4617,49.9119],[14.4652,49.9129],[14.4683,49.9153],[14.467,49.9169],[14.4691,49.9172],[14.4689,49.9187],[14.4638,49.9177],[14.4627,49.9235],[14.4605,49.9229],[14.4614,49.9246],[14.4549,49.9266],[14.4548,49.9299],[14.4446,49.9295],[14.4415,49.9308],[14.4406,49.934],[14.4436,49.9347],[14.4424,49.9374],[14.4518,49.94],[14.4519,49.9437],[14.4561,49.9445],[14.457,49.9483],[14.4704,49.9525],[14.4737,49.9523],[14.4738,49.9508],[14.4761,49.9521],[14.4806,49.9495],[14.4818,49.9463],[14.4841,49.9497],[14.4863,49.9492],[14.4865,49.9459],[14.4838,49.9455],[14.4892,49.9451],[14.4838,49.9447],[14.4892,49.9449],[14.4887,49.9434],[14.491,49.9428],[14.4938,49.946],[14.4962,49.9458],[14.4944,49.9466],[14.499,49.9547],[14.5053,49.9542],[14.5053,49.9525],[14.5073,49.9524],[14.5073,49.9542],[14.5142,49.9581],[14.5168,49.9573],[14.5185,49.9597],[14.527,49.958]]],"crs":null}},{"type":"Feature","properties":{"id":21,"name":"Praha 5","active":true},"geometry":{"type":"Polygon","coordinates":[[[14.3734,50.0794],[14.3712,50.0781],[14.3798,50.0795],[14.3903,50.0779],[14.4092,50.0814],[14.4164,50.0583],[14.4103,50.0447],[14.4001,50.031],[14.3899,50.027],[14.3826,50.0267],[14.3792,50.0291],[14.3658,50.0223],[14.3632,50.0263],[14.3559,50.0251],[14.3555,50.0284],[14.3575,50.0301],[14.3551,50.0317],[14.3544,50.0356],[14.3428,50.0319],[14.3385,50.0328],[14.3357,50.0317],[14.3349,50.0344],[14.331,50.0328],[14.3277,50.035],[14.3238,50.0399],[14.308,50.0454],[14.3007,50.039],[14.2889,50.0363],[14.2821,50.032],[14.2742,50.0358],[14.2687,50.0434],[14.2711,50.047],[14.2683,50.0492],[14.2727,50.0507],[14.276,50.0494],[14.2983,50.0524],[14.2972,50.0551],[14.3048,50.0574],[14.3045,50.0609],[14.3223,50.0652],[14.3218,50.0736],[14.3734,50.0794]]],"crs":null}},{"type":"Feature","properties":{"id":24,"name":"Praha 9","active":true},"geometry":{"type":"Polygon","coordinates":[[[14.5633,50.1502],[14.5662,50.1517],[14.5689,50.1501],[14.5786,50.1503],[14.5844,50.1537],[14.5991,50.1542],[14.5936,50.1501],[14.5933,50.1477],[14.5885,50.1472],[14.5878,50.1453],[14.5914,50.1428],[14.5898,50.1397],[14.5994,50.1304],[14.6087,50.1272],[14.6324,50.13],[14.6353,50.124],[14.6592,50.1227],[14.6575,50.1066],[14.6607,50.1066],[14.666,50.1027],[14.6687,50.104],[14.6769,50.1017],[14.6904,50.1007],[14.6887,50.0989],[14.6898,50.0961],[14.6859,50.0854],[14.6697,50.0875],[14.6368,50.085],[14.6347,50.0912],[14.6245,50.0957],[14.6226,50.0936],[14.6042,50.0922],[14.6052,50.0868],[14.6014,50.086],[14.6016,50.0835],[14.5769,50.0806],[14.5773,50.076],[14.5656,50.0741],[14.5631,50.0782],[14.5616,50.0772],[14.5617,50.0802],[14.5568,50.0793],[14.5544,50.0826],[14.5443,50.0801],[14.5432,50.0817],[14.5391,50.081],[14.5376,50.085],[14.5321,50.0845],[14.5302,50.0878],[14.5341,50.0886],[14.5331,50.0906],[14.5185,50.0866],[14.4984,50.0918],[14.494,50.099],[14.4792,50.0966],[14.4786,50.0978],[14.4837,50.1022],[14.4809,50.1013],[14.4812,50.1088],[14.4923,50.1122],[14.4886,50.1141],[14.4883,50.1166],[14.4827,50.118],[14.4758,50.1174],[14.4763,50.1193],[14.4835,50.1228],[14.4851,50.1247],[14.4824,50.1262],[14.4887,50.1308],[14.4979,50.1314],[14.4985,50.1276],[14.5075,50.1271],[14.5185,50.1229],[14.5221,50.1267],[14.5246,50.1264],[14.5259,50.1291],[14.5354,50.1311],[14.5351,50.1402],[14.5406,50.1404],[14.5406,50.1429],[14.5441,50.1424],[14.5437,50.1471],[14.546,50.1473],[14.5444,50.1491],[14.5606,50.1554],[14.5633,50.1502]]],"crs":null}},{"type":"Feature","properties":{"id":27,"name":"Praha 1","active":true},"geometry":{"type":"Polygon","coordinates":[[[14.4065,50.1303],[14.409,50.1257],[14.4237,50.1239],[14.4239,50.1205],[14.4342,50.1234],[14.4337,50.1162],[14.4418,50.1159],[14.4455,50.1149],[14.4454,50.1135],[14.4532,50.113],[14.4591,50.1094],[14.4606,50.1048],[14.4576,50.1007],[14.4446,50.0954],[14.4367,50.0944],[14.4375,50.0866],[14.4306,50.0777],[14.4312,50.0682],[14.4219,50.0655],[14.4248,50.0623],[14.4243,50.061],[14.4186,50.0633],[14.4159,50.0619],[14.4092,50.0814],[14.3977,50.08],[14.3881,50.0831],[14.3856,50.0864],[14.3821,50.0856],[14.3791,50.089],[14.3702,50.0884],[14.3661,50.0953],[14.3853,50.0986],[14.396,50.0964],[14.3963,50.095],[14.4077,50.0977],[14.4072,50.0996],[14.3996,50.0985],[14.3955,50.1007],[14.3919,50.1154],[14.4009,50.1295],[14.4065,50.1303]]],"crs":null}},{"type":"Feature","properties":{"id":30,"name":"Kladno","active":true},"geometry":{"type":"Polygon","coordinates":[[[14.2359,50.2636],[14.235,50.259],[14.2389,50.259],[14.2384,50.252],[14.2358,50.2526],[14.2378,50.2489],[14.2358,50.248],[14.2385,50.2442],[14.232,50.2445],[14.2331,50.2416],[14.2245,50.2406],[14.23,50.2383],[14.2247,50.2387],[14.2253,50.2362],[14.2214,50.2359],[14.2261,50.2326],[14.2268,50.2299],[14.2298,50.2312],[14.2302,50.2296],[14.2356,50.229],[14.2434,50.2297],[14.2443,50.2273],[14.2596,50.2251],[14.2559,50.2235],[14.259,50.2221],[14.2669,50.2232],[14.2681,50.2254],[14.2694,50.2237],[14.2722,50.225],[14.2735,50.2229],[14.281,50.224],[14.2868,50.2182],[14.2849,50.2177],[14.2868,50.2179],[14.2883,50.2134],[14.2941,50.2132],[14.2951,50.212],[14.3084,50.2126],[14.3099,50.2088],[14.3127,50.2106],[14.3172,50.2104],[14.317,50.2093],[14.3244,50.21],[14.3254,50.2118],[14.3308,50.2136],[14.3402,50.214],[14.3446,50.2136],[14.3441,50.2112],[14.3478,50.2087],[14.351,50.2099],[14.3561,50.2072],[14.3618,50.2069],[14.369,50.1989],[14.3755,50.1971],[14.3777,50.192],[14.3722,50.1838],[14.3646,50.1806],[14.3571,50.1799],[14.353,50.1774],[14.3518,50.1723],[14.3546,50.1692],[14.3588,50.1682],[14.3747,50.172],[14.3965,50.1728],[14.4007,50.1713],[14.4042,50.163],[14.3982,50.1435],[14.3938,50.1413],[14.385,50.147],[14.3658,50.1481],[14.3562,50.1412],[14.3575,50.1394],[14.3542,50.1376],[14.3545,50.1363],[14.3562,50.1367],[14.3575,50.1297],[14.3601,50.1296],[14.3557,50.1247],[14.3613,50.118],[14.3609,50.1161],[14.3277,50.1168],[14.3207,50.1153],[14.3158,50.123],[14.316,50.1287],[14.3107,50.1281],[14.3154,50.1365],[14.3133,50.1386],[14.3117,50.1362],[14.311,50.1383],[14.3073,50.1362],[14.2974,50.1449],[14.2941,50.1435],[14.2767,50.1432],[14.2786,50.1478],[14.2739,50.1485],[14.2758,50.1525],[14.2729,50.1538],[14.2759,50.1544],[14.2705,50.1557],[14.2709,50.1576],[14.2616,50.159],[14.2613,50.1573],[14.2594,50.1576],[14.2584,50.1609],[14.253,50.1606],[14.2528,50.1618],[14.2416,50.1594],[14.241,50.1645],[14.232,50.167],[14.2291,50.1647],[14.2292,50.1595],[14.2263,50.1591],[14.2249,50.155],[14.2213,50.1546],[14.2262,50.1457],[14.2343,50.1457],[14.2342,50.1445],[14.2359,50.1462],[14.2384,50.1457],[14.2354,50.1444],[14.2368,50.1438],[14.2344,50.1382],[14.2302,50.1364],[14.2257,50.1371],[14.2261,50.1343],[14.2243,50.135],[14.2268,50.1337],[14.2241,50.1324],[14.227,50.132],[14.2232,50.1309],[14.2227,50.1283],[14.2266,50.1285],[14.2236,50.1266],[14.2291,50.1278],[14.2133,50.1235],[14.2127,50.1268],[14.209,50.126],[14.2131,50.1224],[14.209,50.1199],[14.2122,50.1149],[14.2081,50.1135],[14.2108,50.1112],[14.2082,50.1089],[14.2108,50.1078],[14.2079,50.1063],[14.2078,50.1032],[14.2105,50.1011],[14.2087,50.1005],[14.2071,50.1025],[14.2048,50.1014],[14.2022,50.1033],[14.2015,50.1002],[14.1931,50.0972],[14.1906,50.0948],[14.1821,50.0934],[14.1699,50.0954],[14.1704,50.0762],[14.1578,50.077],[14.1542,50.0754],[14.1554,50.0692],[14.1527,50.0686],[14.1514,50.0713],[14.1497,50.0708],[14.1511,50.0684],[14.1488,50.0682],[14.1494,50.0655],[14.1504,50.0672],[14.156,50.0629],[14.1545,50.06],[14.1586,50.0604],[14.1599,50.0587],[14.1567,50.0571],[14.1538,50.0583],[14.1545,50.0566],[14.1379,50.0566],[14.119,50.0518],[14.1166,50.0523],[14.1157,50.0549],[14.108,50.0522],[14.1088,50.0548],[14.1059,50.0565],[14.1016,50.0555],[14.1029,50.0539],[14.0997,50.0528],[14.1048,50.0502],[14.1011,50.0481],[14.0976,50.0495],[14.0977,50.0527],[14.0944,50.0552],[14.0866,50.058],[14.0515,50.0492],[14.0387,50.0534],[14.0297,50.0509],[14.0267,50.0515],[14.0172,50.0441],[14.0177,50.0421],[14.0134,50.0389],[14.0152,50.0377],[14.0045,50.0362],[14.0002,50.0346],[13.9987,50.032],[13.9931,50.0315],[13.9905,50.0317],[13.9917,50.0344],[13.9856,50.0364],[13.988,50.0376],[13.9827,50.042],[13.9705,50.0441],[13.9755,50.046],[13.9701,50.0506],[13.9575,50.049],[13.9547,50.0513],[13.9466,50.0499],[13.9355,50.0511],[13.9353,50.0537],[13.9327,50.0553],[13.936,50.0579],[13.9335,50.0589],[13.9354,50.061],[13.9329,50.0667],[13.9298,50.0677],[13.9312,50.0708],[13.9121,50.0761],[13.9105,50.0787],[13.9069,50.0777],[13.9055,50.0801],[13.9018,50.0813],[13.8992,50.0895],[13.8937,50.0927],[13.8863,50.0936],[13.886,50.0962],[13.8817,50.0962],[13.8815,50.0978],[13.8842,50.0981],[13.8805,50.102],[13.8831,50.1041],[13.8728,50.106],[13.8708,50.1093],[13.8735,50.113],[13.877,50.1141],[13.8751,50.1174],[13.8841,50.1206],[13.8765,50.1277],[13.8803,50.129],[13.8771,50.1301],[13.8769,50.1324],[13.8852,50.1343],[13.8901,50.1334],[13.8906,50.135],[13.8998,50.1294],[13.9181,50.1273],[13.9198,50.1236],[13.9235,50.1223],[13.9343,50.1289],[13.9358,50.1281],[13.946,50.1308],[13.9464,50.1389],[13.9547,50.1389],[13.9542,50.1426],[13.9475,50.1457],[13.9418,50.1449],[13.9379,50.1587],[13.9332,50.1588],[13.9328,50.1699],[13.9402,50.1707],[13.9397,50.1746],[13.9494,50.1748],[13.949,50.1789],[13.9461,50.1785],[13.9442,50.181],[13.9481,50.1827],[13.947,50.185],[13.9546,50.1805],[13.9598,50.1714],[13.9696,50.1706],[13.9734,50.1732],[13.9757,50.1723],[13.979,50.174],[13.9801,50.1727],[13.9947,50.1749],[14.0125,50.171],[14.008,50.1656],[14.0251,50.1678],[14.0245,50.1699],[14.0274,50.1729],[14.0452,50.1812],[14.0415,50.1813],[14.0453,50.1836],[14.0538,50.1827],[14.0563,50.1853],[14.0587,50.1841],[14.0641,50.1853],[14.0636,50.1868],[14.0618,50.1861],[14.06,50.1875],[14.0612,50.19],[14.0658,50.1907],[14.063,50.1916],[14.0712,50.193],[14.0709,50.1952],[14.0772,50.1955],[14.088,50.1997],[14.0869,50.2022],[14.0897,50.203],[14.0888,50.2053],[14.0908,50.2057],[14.0943,50.2019],[14.101,50.2053],[14.1118,50.2136],[14.1085,50.2165],[14.1219,50.2221],[14.1248,50.2257],[14.1517,50.2281],[14.1646,50.231],[14.1704,50.2354],[14.1703,50.2379],[14.1747,50.2387],[14.1737,50.2416],[14.177,50.2419],[14.1773,50.2401],[14.187,50.242],[14.1865,50.2468],[14.1894,50.247],[14.1888,50.2506],[14.1972,50.2518],[14.199,50.2556],[14.2123,50.2568],[14.2164,50.2583],[14.2161,50.2599],[14.2193,50.26],[14.2219,50.2576],[14.2208,50.2602],[14.2227,50.2629],[14.2359,50.2636]]],"crs":null}},{"type":"Feature","properties":{"id":33,"name":"Děčín","active":true},"geometry":{"type":"Polygon","coordinates":[[[14.3172,51.0554],[14.3268,51.0494],[14.3271,51.0471],[14.3371,51.0391],[14.3453,51.0391],[14.347,51.0415],[14.3621,51.0454],[14.3742,51.0387],[14.3828,51.0386],[14.3849,51.0271],[14.3905,51.024],[14.4053,51.021],[14.4087,51.0189],[14.42,51.0191],[14.4321,51.0235],[14.4353,51.0271],[14.454,51.036],[14.4658,51.0354],[14.4706,51.031],[14.4755,51.0296],[14.4745,51.0256],[14.4928,51.0235],[14.4944,51.0358],[14.4909,51.0436],[14.5003,51.0466],[14.5087,51.0428],[14.5019,51.0324],[14.4987,51.0222],[14.5323,51.0167],[14.5399,51.0105],[14.5348,51.0088],[14.5327,51.0058],[14.5349,51.0038],[14.5611,51.007],[14.5647,51.0102],[14.5685,51.0046],[14.5789,51.0004],[14.5816,50.9936],[14.5934,50.9878],[14.5992,50.9872],[14.5985,50.9808],[14.6008,50.9795],[14.5972,50.9743],[14.597,50.9692],[14.5923,50.9668],[14.5963,50.9628],[14.5855,50.9517],[14.5819,50.9425],[14.5721,50.9376],[14.5606,50.9252],[14.5645,50.9186],[14.578,50.916],[14.5821,50.9136],[14.5891,50.917],[14.5935,50.9164],[14.6017,50.9209],[14.6124,50.9224],[14.6172,50.9256],[14.6283,50.9256],[14.6442,50.9315],[14.6503,50.9316],[14.6524,50.926],[14.653,50.9055],[14.6473,50.9041],[14.6368,50.8979],[14.6328,50.8834],[14.6294,50.8802],[14.6242,50.8684],[14.6191,50.8646],[14.619,50.8578],[14.6084,50.8434],[14.5921,50.8379],[14.5753,50.8392],[14.5674,50.8382],[14.5706,50.8294],[14.5633,50.8261],[14.5641,50.8192],[14.5595,50.8139],[14.5635,50.8073],[14.5608,50.7999],[14.5436,50.7961],[14.5422,50.7975],[14.541,50.7943],[14.5357,50.797],[14.5258,50.7954],[14.5233,50.7988],[14.5118,50.8001],[14.5063,50.8061],[14.4987,50.8084],[14.4943,50.8116],[14.4911,50.8119],[14.4883,50.8095],[14.4852,50.8104],[14.4777,50.809],[14.4844,50.8111],[14.484,50.8161],[14.481,50.8145],[14.4763,50.8163],[14.4674,50.8144],[14.4597,50.8092],[14.4515,50.8139],[14.443,50.8113],[14.4485,50.8102],[14.4471,50.8086],[14.4501,50.8081],[14.4468,50.8059],[14.4529,50.8071],[14.4564,50.806],[14.4523,50.805],[14.4514,50.8033],[14.4505,50.8007],[14.4532,50.7973],[14.4486,50.796],[14.4533,50.7942],[14.4552,50.7955],[14.4562,50.7932],[14.459,50.7927],[14.4498,50.7878],[14.4483,50.7846],[14.4556,50.7815],[14.4581,50.7782],[14.4485,50.771],[14.4386,50.7733],[14.433,50.773],[14.4339,50.7714],[14.4277,50.7668],[14.4276,50.7606],[14.4224,50.7532],[14.4223,50.7499],[14.4185,50.7484],[14.4169,50.7414],[14.4313,50.7365],[14.4278,50.7337],[14.4149,50.7321],[14.4163,50.7346],[14.4147,50.74],[14.4093,50.7364],[14.4101,50.7338],[14.4033,50.7259],[14.3761,50.7207],[14.3725,50.7145],[14.374,50.7096],[14.3684,50.7059],[14.367,50.7001],[14.3676,50.6982],[14.3772,50.6938],[14.3791,50.691],[14.3729,50.6862],[14.3526,50.678],[14.3454,50.6711],[14.3428,50.6669],[14.3427,50.6585],[14.3514,50.6562],[14.3507,50.6534],[14.3472,50.6536],[14.349,50.65],[14.3416,50.649],[14.3396,50.6501],[14.3394,50.6488],[14.3345,50.6487],[14.3262,50.6456],[14.3249,50.6434],[14.3196,50.645],[14.3199,50.6465],[14.3158,50.6465],[14.3127,50.6503],[14.3041,50.6535],[14.2792,50.6535],[14.2782,50.6514],[14.2745,50.6512],[14.2663,50.6542],[14.2457,50.6564],[14.2274,50.6687],[14.2252,50.6736],[14.2117,50.6764],[14.2064,50.6759],[14.1975,50.6807],[14.192,50.6878],[14.1991,50.6926],[14.1969,50.694],[14.1897,50.6895],[14.1863,50.6905],[14.1847,50.6888],[14.1827,50.6893],[14.1825,50.6919],[14.1769,50.6963],[14.1793,50.7],[14.1723,50.7],[14.1754,50.7014],[14.1726,50.7021],[14.1727,50.7099],[14.1708,50.7086],[14.1652,50.7105],[14.1593,50.7087],[14.1495,50.7185],[14.1439,50.7193],[14.1347,50.7238],[14.1191,50.7182],[14.1079,50.7335],[14.0949,50.741],[14.09,50.7489],[14.0652,50.7478],[14.0717,50.7563],[14.0702,50.7674],[14.0744,50.7679],[14.0772,50.776],[14.0822,50.7797],[14.0763,50.7781],[14.0564,50.7782],[14.0423,50.782],[14.0436,50.7842],[14.0399,50.7876],[14.0453,50.7935],[14.0433,50.7953],[14.0464,50.8004],[14.0525,50.8009],[14.0486,50.8047],[14.0492,50.8105],[14.0582,50.812],[14.0638,50.81],[14.0786,50.8126],[14.0791,50.8189],[14.0896,50.8262],[14.099,50.8264],[14.1073,50.8303],[14.111,50.8295],[14.1167,50.8324],[14.133,50.8341],[14.1443,50.8407],[14.154,50.8431],[14.1617,50.8477],[14.1711,50.8475],[14.1911,50.8497],[14.1957,50.8519],[14.2009,50.8513],[14.2172,50.8603],[14.2236,50.8592],[14.236,50.8761],[14.2366,50.8824],[14.2335,50.8877],[14.2443,50.8865],[14.2517,50.8879],[14.2676,50.8954],[14.2719,50.8953],[14.2832,50.8923],[14.2894,50.8861],[14.3049,50.884],[14.3195,50.8889],[14.3493,50.8928],[14.3492,50.9008],[14.3521,50.9006],[14.3545,50.8983],[14.3587,50.8996],[14.3629,50.8975],[14.374,50.8963],[14.3753,50.8981],[14.3884,50.8994],[14.3859,50.9025],[14.3888,50.9086],[14.3858,50.9166],[14.3898,50.9166],[14.3888,50.919],[14.3943,50.9181],[14.3915,50.9207],[14.4023,50.9239],[14.3994,50.9302],[14.4009,50.9333],[14.3971,50.9364],[14.3874,50.942],[14.3739,50.9382],[14.3695,50.9394],[14.3695,50.9423],[14.3608,50.9415],[14.3612,50.9428],[14.3574,50.9443],[14.3488,50.9453],[14.346,50.9486],[14.3266,50.9496],[14.3164,50.952],[14.3107,50.955],[14.3177,50.9583],[14.3171,50.9607],[14.3065,50.963],[14.3027,50.9653],[14.3156,50.9732],[14.3283,50.9732],[14.3261,50.9791],[14.3296,50.9824],[14.3236,50.9855],[14.3131,50.985],[14.2987,50.9791],[14.2858,50.977],[14.2777,50.9822],[14.2588,50.9876],[14.2587,50.9921],[14.2689,51.0001],[14.2624,51.004],[14.2607,51.0089],[14.2655,51.0082],[14.2803,51.0142],[14.2821,51.0157],[14.2778,51.019],[14.2865,51.0276],[14.2854,51.0323],[14.2799,51.0365],[14.2737,51.0379],[14.274,51.0399],[14.2866,51.0386],[14.2892,51.0396],[14.2923,51.0466],[14.3022,51.0552],[14.3172,51.0554]]],"crs":null}},{"type":"Feature","properties":{"id":36,"name":"Česká Lípa","active":true},"geometry":{"type":"Polygon","coordinates":[[[14.6479,50.8488],[14.6604,50.8502],[14.6651,50.8493],[14.6901,50.8381],[14.7087,50.8408],[14.7202,50.8323],[14.7171,50.8299],[14.7162,50.8255],[14.7168,50.8236],[14.7225,50.8221],[14.7344,50.8254],[14.7391,50.829],[14.7448,50.8295],[14.7476,50.8289],[14.7499,50.8244],[14.7591,50.8247],[14.7666,50.8193],[14.7793,50.8201],[14.7906,50.8241],[14.7926,50.8236],[14.793,50.82],[14.8003,50.8231],[14.8027,50.8366],[14.8082,50.8444],[14.8077,50.8464],[14.8107,50.8513],[14.8215,50.8594],[14.8216,50.8633],[14.8252,50.8679],[14.8235,50.8706],[14.8296,50.8728],[14.8407,50.8691],[14.8471,50.8703],[14.8555,50.8688],[14.8639,50.8706],[14.8672,50.8773],[14.8745,50.8772],[14.8974,50.8674],[14.9003,50.876],[14.9026,50.8759],[14.9375,50.8695],[14.9482,50.8643],[14.9594,50.862],[14.9706,50.8644],[14.9792,50.8681],[14.9944,50.8694],[14.9981,50.8685],[15.0037,50.8628],[15.0083,50.8639],[15.0146,50.8539],[15.0199,50.8553],[15.0333,50.8554],[15.0335,50.845],[15.0245,50.838],[15.0292,50.836],[15.0336,50.8272],[15.0372,50.8244],[15.0188,50.8164],[15.0107,50.8064],[14.9992,50.8037],[14.9975,50.8003],[14.9945,50.8001],[14.9876,50.8034],[14.972,50.7983],[14.973,50.7936],[14.9688,50.7959],[14.9605,50.7974],[14.9581,50.7938],[14.9595,50.7913],[14.9711,50.7891],[14.9673,50.7859],[14.9623,50.7858],[14.9602,50.7826],[14.9531,50.7798],[14.9675,50.7704],[14.974,50.7562],[14.9781,50.7524],[14.9823,50.7511],[14.9789,50.7475],[14.9786,50.7424],[14.9833,50.7335],[14.9887,50.7283],[14.9998,50.7263],[15.0051,50.7177],[14.9987,50.7157],[14.9964,50.7094],[14.9993,50.7075],[14.9931,50.7083],[14.9915,50.7013],[14.987,50.701],[14.9866,50.6972],[14.9833,50.6962],[14.9817,50.6979],[14.98,50.6973],[14.9773,50.6936],[14.9759,50.6941],[14.9726,50.6914],[14.9733,50.6965],[14.9644,50.6981],[14.9658,50.6935],[14.9606,50.6952],[14.9581,50.6931],[14.9643,50.692],[14.965,50.69],[14.9587,50.6824],[14.9591,50.6806],[14.9535,50.6769],[14.949,50.6771],[14.9467,50.6743],[14.94,50.6705],[14.9374,50.6707],[14.9348,50.6679],[14.9388,50.6664],[14.9427,50.6672],[14.9452,50.6649],[14.9546,50.6641],[14.9578,50.6618],[14.9643,50.6659],[14.9666,50.6639],[14.9642,50.6608],[14.9692,50.659],[14.9742,50.6597],[14.9764,50.6575],[14.9739,50.6556],[14.9797,50.654],[14.9746,50.6534],[14.978,50.6503],[14.979,50.6475],[14.9774,50.6466],[14.971,50.6498],[14.9668,50.6502],[14.9712,50.6469],[14.971,50.644],[14.9799,50.6369],[14.9794,50.6343],[14.9836,50.6309],[14.9816,50.6299],[14.9841,50.6292],[14.9773,50.6282],[14.9799,50.6272],[14.9778,50.6252],[14.9821,50.6245],[14.9779,50.623],[14.9772,50.6196],[14.9718,50.6184],[14.9733,50.6171],[14.9718,50.6145],[14.9783,50.6131],[14.9806,50.6112],[14.9795,50.6087],[14.9716,50.6104],[14.9766,50.6076],[14.9746,50.6069],[14.9743,50.5984],[14.966,50.5975],[14.9666,50.5947],[14.9689,50.5938],[14.9681,50.5921],[14.9656,50.5942],[14.9579,50.5938],[14.9556,50.5946],[14.9565,50.5958],[14.9454,50.5989],[14.9466,50.6],[14.9547,50.5981],[14.9569,50.5992],[14.9499,50.6067],[14.9423,50.6071],[14.9402,50.6042],[14.9378,50.6065],[14.9304,50.6077],[14.931,50.611],[14.9334,50.611],[14.9314,50.6136],[14.9326,50.6173],[14.9306,50.6163],[14.9237,50.6189],[14.9121,50.619],[14.9081,50.6175],[14.9175,50.6069],[14.9094,50.605],[14.9035,50.6063],[14.9031,50.6042],[14.8954,50.6018],[14.8987,50.6015],[14.9042,50.5958],[14.9037,50.5939],[14.9088,50.5865],[14.8929,50.5792],[14.8902,50.5835],[14.8866,50.5804],[14.8843,50.5817],[14.8751,50.5803],[14.8655,50.575],[14.8472,50.5721],[14.8492,50.567],[14.8479,50.5648],[14.8584,50.56],[14.8574,50.5582],[14.8594,50.5564],[14.853,50.5526],[14.847,50.5516],[14.8269,50.5386],[14.8024,50.5504],[14.7505,50.5569],[14.7496,50.5461],[14.7583,50.5297],[14.7537,50.5185],[14.7515,50.5163],[14.7261,50.5203],[14.7192,50.4986],[14.7155,50.4995],[14.7102,50.4959],[14.6998,50.4958],[14.6988,50.4934],[14.6883,50.4917],[14.6895,50.4867],[14.6924,50.4847],[14.6906,50.4831],[14.6938,50.4768],[14.7027,50.4745],[14.7065,50.4692],[14.7171,50.4657],[14.7177,50.463],[14.7018,50.4652],[14.6967,50.4675],[14.6872,50.4655],[14.6809,50.4617],[14.6842,50.4614],[14.6892,50.4575],[14.6788,50.45],[14.6818,50.4481],[14.6809,50.4466],[14.6849,50.4449],[14.6795,50.4388],[14.6738,50.44],[14.6691,50.4386],[14.6746,50.4346],[14.6735,50.4335],[14.6793,50.4308],[14.6738,50.4311],[14.6748,50.4292],[14.6862,50.4289],[14.6848,50.4281],[14.6907,50.4275],[14.6862,50.4264],[14.6875,50.4258],[14.6947,50.4255],[14.6954,50.4231],[14.6986,50.4226],[14.7086,50.4136],[14.709,50.4088],[14.7197,50.4048],[14.7228,50.4021],[14.7171,50.3971],[14.7184,50.3964],[14.7122,50.3887],[14.7135,50.3877],[14.7005,50.3927],[14.6955,50.3828],[14.6988,50.3821],[14.6977,50.3811],[14.7039,50.3782],[14.7031,50.3773],[14.709,50.3766],[14.7078,50.3754],[14.713,50.3716],[14.7191,50.3713],[14.7265,50.3678],[14.7339,50.3668],[14.7358,50.3638],[14.7403,50.3618],[14.7346,50.3548],[14.7307,50.3563],[14.7295,50.3551],[14.7326,50.3539],[14.7313,50.3497],[14.733,50.3493],[14.7304,50.3457],[14.728,50.3474],[14.719,50.348],[14.7208,50.3458],[14.7198,50.3434],[14.7138,50.3418],[14.7129,50.3392],[14.701,50.3407],[14.698,50.3432],[14.6968,50.3394],[14.6967,50.342],[14.6937,50.3436],[14.6949,50.3397],[14.6922,50.34],[14.6933,50.3433],[14.6897,50.3438],[14.6913,50.3421],[14.6886,50.3422],[14.6808,50.337],[14.6737,50.3387],[14.6725,50.336],[14.6633,50.3371],[14.6585,50.3352],[14.6587,50.338],[14.6567,50.3388],[14.6495,50.3347],[14.6532,50.3333],[14.6378,50.3227],[14.6445,50.3191],[14.6392,50.316],[14.6416,50.3159],[14.6422,50.312],[14.6458,50.3127],[14.655,50.3094],[14.6596,50.3107],[14.657,50.3086],[14.6439,50.3054],[14.6452,50.3044],[14.6397,50.3025],[14.6387,50.3004],[14.6211,50.3059],[14.6003,50.3055],[14.5972,50.3093],[14.6006,50.3143],[14.6027,50.3128],[14.6048,50.3157],[14.6102,50.3141],[14.6073,50.3211],[14.5968,50.3339],[14.5861,50.3354],[14.5839,50.339],[14.5739,50.3398],[14.5624,50.3435],[14.565,50.3457],[14.576,50.3477],[14.5693,50.3487],[14.5691,50.3505],[14.5729,50.3506],[14.5743,50.3525],[14.5676,50.3602],[14.5641,50.3599],[14.5623,50.362],[14.5571,50.3629],[14.5391,50.358],[14.542,50.3618],[14.5381,50.3628],[14.5358,50.3618],[14.5227,50.3682],[14.5218,50.3722],[14.4919,50.3814],[14.4992,50.3863],[14.4918,50.3898],[14.4957,50.3919],[14.488,50.3979],[14.492,50.399],[14.4759,50.405],[14.468,50.4038],[14.4654,50.4015],[14.4597,50.4013],[14.4593,50.4028],[14.4526,50.4035],[14.4515,50.4019],[14.46,50.3933],[14.4522,50.3794],[14.453,50.3696],[14.4635,50.3562],[14.4781,50.3458],[14.4767,50.3453],[14.4783,50.3408],[14.4775,50.3284],[14.4724,50.3243],[14.4644,50.3213],[14.4486,50.3188],[14.412,50.3173],[14.393,50.3199],[14.3829,50.317],[14.3788,50.3223],[14.38,50.3246],[14.3764,50.3267],[14.3791,50.3291],[14.3799,50.3407],[14.3631,50.3295],[14.3588,50.3321],[14.3562,50.3326],[14.3538,50.331],[14.3491,50.3336],[14.354,50.3342],[14.3487,50.3364],[14.35,50.3404],[14.3475,50.3415],[14.3555,50.3432],[14.3549,50.3456],[14.3605,50.3473],[14.3587,50.3491],[14.3627,50.3521],[14.3672,50.3521],[14.3721,50.3588],[14.3721,50.3613],[14.3699,50.3615],[14.372,50.363],[14.371,50.3675],[14.3673,50.368],[14.3692,50.3715],[14.3673,50.3774],[14.3776,50.3761],[14.3765,50.3921],[14.3797,50.3951],[14.3755,50.3982],[14.3683,50.3985],[14.3702,50.4029],[14.3633,50.4064],[14.3638,50.4086],[14.3691,50.4108],[14.3752,50.4087],[14.3778,50.4106],[14.371,50.4141],[14.3725,50.4164],[14.3672,50.4181],[14.3666,50.4213],[14.371,50.421],[14.3683,50.4249],[14.3594,50.4284],[14.3599,50.4299],[14.3694,50.4318],[14.3697,50.4334],[14.3781,50.4362],[14.3911,50.4271],[14.4165,50.4208],[14.4182,50.423],[14.4237,50.4223],[14.4183,50.4251],[14.4225,50.4281],[14.4196,50.43],[14.4127,50.4295],[14.4101,50.431],[14.4164,50.4344],[14.4202,50.4326],[14.4224,50.4357],[14.4171,50.4372],[14.4206,50.4369],[14.4264,50.44],[14.4235,50.4534],[14.4333,50.4489],[14.4424,50.4468],[14.449,50.4465],[14.4477,50.4542],[14.4586,50.4516],[14.4613,50.4492],[14.4733,50.4494],[14.4715,50.4587],[14.4739,50.463],[14.4706,50.4689],[14.4665,50.4699],[14.4713,50.4704],[14.4727,50.474],[14.4706,50.4795],[14.4665,50.4819],[14.4619,50.4901],[14.4549,50.4966],[14.4635,50.4991],[14.4709,50.4982],[14.4741,50.4994],[14.4694,50.5094],[14.4873,50.5059],[14.4825,50.5106],[14.4838,50.5115],[14.4799,50.5136],[14.4805,50.5158],[14.4766,50.516],[14.4758,50.5231],[14.4707,50.5244],[14.4732,50.5252],[14.4705,50.5268],[14.46,50.5273],[14.4601,50.5259],[14.455,50.5286],[14.4399,50.5301],[14.4438,50.5338],[14.4415,50.5326],[14.4366,50.5351],[14.4405,50.5391],[14.4394,50.5413],[14.4336,50.5406],[14.4371,50.5433],[14.4355,50.5435],[14.4366,50.5451],[14.4315,50.5463],[14.43,50.5476],[14.4321,50.5486],[14.4275,50.5506],[14.4254,50.5548],[14.4215,50.5535],[14.4226,50.5553],[14.4185,50.5562],[14.418,50.5581],[14.4208,50.5594],[14.4182,50.5625],[14.4189,50.5651],[14.4154,50.5658],[14.4162,50.5684],[14.4126,50.5724],[14.4157,50.5735],[14.4119,50.5735],[14.4083,50.5814],[14.4029,50.5819],[14.4081,50.5824],[14.4039,50.5847],[14.4056,50.5874],[14.3916,50.5914],[14.3918,50.5943],[14.3863,50.5995],[14.3801,50.6011],[14.3831,50.6044],[14.379,50.6142],[14.3672,50.62],[14.3699,50.6233],[14.3663,50.6259],[14.3591,50.6284],[14.3661,50.6359],[14.3651,50.6412],[14.3594,50.6481],[14.3594,50.6528],[14.3627,50.6568],[14.36,50.6577],[14.3514,50.6562],[14.3427,50.6585],[14.3428,50.6669],[14.3526,50.678],[14.3729,50.6862],[14.3791,50.691],[14.3772,50.6938],[14.3676,50.6982],[14.367,50.7001],[14.3684,50.7059],[14.374,50.7096],[14.3725,50.7145],[14.3761,50.7207],[14.4033,50.7259],[14.4101,50.7338],[14.4093,50.7364],[14.4147,50.74],[14.4163,50.7346],[14.4149,50.7321],[14.4278,50.7337],[14.4313,50.7365],[14.4169,50.7414],[14.4185,50.7484],[14.4223,50.7499],[14.4224,50.7532],[14.4276,50.7606],[14.4277,50.7668],[14.4339,50.7714],[14.433,50.773],[14.4386,50.7733],[14.4485,50.771],[14.4581,50.7782],[14.4556,50.7815],[14.4483,50.7846],[14.4498,50.7878],[14.459,50.7927],[14.4562,50.7932],[14.4552,50.7955],[14.4533,50.7942],[14.4486,50.796],[14.4532,50.7973],[14.4505,50.8007],[14.4514,50.8033],[14.4523,50.805],[14.4564,50.806],[14.4529,50.8071],[14.4468,50.8059],[14.4501,50.8081],[14.4471,50.8086],[14.4485,50.8102],[14.443,50.8113],[14.4515,50.8139],[14.4597,50.8092],[14.4674,50.8144],[14.4763,50.8163],[14.481,50.8145],[14.484,50.8161],[14.4844,50.8111],[14.4777,50.809],[14.4852,50.8104],[14.4883,50.8095],[14.4911,50.8119],[14.4943,50.8116],[14.4987,50.8084],[14.5063,50.8061],[14.5118,50.8001],[14.5233,50.7988],[14.5258,50.7954],[14.5357,50.797],[14.541,50.7943],[14.5422,50.7975],[14.5436,50.7961],[14.5608,50.7999],[14.5635,50.8073],[14.5595,50.8139],[14.5641,50.8192],[14.5633,50.8261],[14.5706,50.8294],[14.5674,50.8382],[14.5753,50.8392],[14.5921,50.8379],[14.5967,50.8402],[14.6051,50.8416],[14.6084,50.8434],[14.619,50.8578],[14.6333,50.8551],[14.6479,50.8488]]],"crs":null}},{"type":"Feature","properties":{"id":39,"name":"Trutnov","active":true},"geometry":{"type":"Polygon","coordinates":[[[15.5641,50.7762],[15.5789,50.779],[15.6019,50.7769],[15.6165,50.7724],[15.6222,50.7652],[15.6487,50.7596],[15.6594,50.7599],[15.6678,50.7568],[15.6804,50.7548],[15.684,50.7527],[15.6887,50.7428],[15.7058,50.7373],[15.7148,50.7374],[15.7235,50.7398],[15.7286,50.7394],[15.7344,50.7362],[15.7399,50.736],[15.7599,50.7436],[15.7793,50.7423],[15.7889,50.7468],[15.7916,50.7527],[15.8163,50.7554],[15.8198,50.7498],[15.832,50.7427],[15.83,50.7244],[15.8462,50.71],[15.8512,50.7083],[15.8532,50.7006],[15.8575,50.6969],[15.8634,50.6813],[15.8611,50.6745],[15.8841,50.6712],[15.8852,50.6754],[15.9068,50.6799],[15.9196,50.6846],[15.9263,50.6808],[15.9319,50.6865],[15.9426,50.6871],[15.95,50.6901],[15.9613,50.6919],[15.9673,50.6918],[15.991,50.6835],[15.9905,50.677],[15.9938,50.6734],[15.999,50.6724],[15.998,50.6685],[16.0046,50.6575],[16.0035,50.6513],[16.0051,50.6487],[16.001,50.6448],[16.0055,50.6425],[16.0086,50.6345],[16.0164,50.6333],[16.0219,50.6302],[15.9977,50.6226],[15.9868,50.6153],[15.9865,50.6135],[15.9906,50.6106],[16.0086,50.6047],[16.0113,50.6069],[16.0158,50.6062],[16.0196,50.6003],[16.0249,50.5987],[16.0427,50.6143],[16.0562,50.6097],[16.0585,50.6132],[16.0574,50.6169],[16.0599,50.6251],[16.0677,50.6398],[16.0848,50.6471],[16.0893,50.6527],[16.0952,50.653],[16.1009,50.6625],[16.1038,50.6634],[16.1114,50.661],[16.1131,50.6587],[16.1164,50.6604],[16.1259,50.6606],[16.128,50.6576],[16.1346,50.6562],[16.1396,50.6508],[16.1485,50.6534],[16.1705,50.6453],[16.1771,50.6397],[16.1803,50.6337],[16.1795,50.6287],[16.1843,50.6272],[16.201,50.6317],[16.2175,50.6334],[16.2206,50.6365],[16.2191,50.6383],[16.221,50.6398],[16.2216,50.6515],[16.2303,50.6677],[16.2349,50.6716],[16.2585,50.6671],[16.2795,50.6682],[16.2829,50.6608],[16.2994,50.6608],[16.305,50.6523],[16.3025,50.6499],[16.3026,50.6458],[16.2957,50.6373],[16.2964,50.6299],[16.3031,50.6272],[16.3032,50.6252],[16.295,50.6177],[16.284,50.6155],[16.2809,50.6171],[16.2669,50.6019],[16.2648,50.5978],[16.266,50.5956],[16.271,50.5919],[16.2766,50.5904],[16.2668,50.5878],[16.2571,50.5927],[16.2503,50.5908],[16.2479,50.5874],[16.2435,50.5854],[16.2351,50.598],[16.2248,50.6007],[16.2174,50.6003],[16.2176,50.599],[16.2248,50.5974],[16.2278,50.5951],[16.2265,50.5894],[16.2184,50.5926],[16.2169,50.5909],[16.2209,50.5887],[16.2137,50.5863],[16.2045,50.5791],[16.204,50.575],[16.208,50.5711],[16.193,50.5642],[16.1907,50.5594],[16.1942,50.5571],[16.194,50.5532],[16.1848,50.5552],[16.183,50.5607],[16.1815,50.56],[16.1837,50.5568],[16.182,50.5551],[16.1754,50.5548],[16.1471,50.5674],[16.1417,50.5586],[16.1368,50.5558],[16.1396,50.5523],[16.1385,50.5506],[16.1329,50.5487],[16.13,50.5532],[16.1276,50.5534],[16.1299,50.551],[16.1279,50.55],[16.1307,50.5442],[16.1283,50.5428],[16.13,50.5423],[16.1209,50.5413],[16.1175,50.5395],[16.1188,50.5375],[16.1249,50.5371],[16.1288,50.5348],[16.1216,50.5324],[16.1131,50.5269],[16.1087,50.5284],[16.1061,50.5272],[16.106,50.5213],[16.1032,50.5168],[16.1116,50.5132],[16.113,50.507],[16.1179,50.5046],[16.1142,50.5023],[16.104,50.5056],[16.1009,50.5041],[16.0995,50.5025],[16.1016,50.5013],[16.1113,50.4987],[16.1079,50.4945],[16.0959,50.4959],[16.0864,50.4898],[16.0645,50.4915],[16.0629,50.4897],[16.0639,50.4879],[16.0657,50.4882],[16.0656,50.4837],[16.0603,50.4809],[16.0484,50.4807],[16.0475,50.4763],[16.0442,50.4742],[16.0316,50.4773],[16.0289,50.4809],[16.019,50.4804],[16.0128,50.4757],[16.0184,50.472],[16.0004,50.4683],[15.9841,50.4727],[15.9812,50.4768],[15.983,50.4794],[15.9788,50.4803],[15.9657,50.4792],[15.9632,50.4765],[15.96,50.4765],[15.955,50.4668],[15.9509,50.4669],[15.9467,50.4704],[15.9438,50.4703],[15.9458,50.4671],[15.9438,50.4653],[15.9498,50.4618],[15.9333,50.458],[15.9384,50.4548],[15.9333,50.451],[15.9362,50.4473],[15.9315,50.4472],[15.9316,50.4452],[15.9352,50.4437],[15.9299,50.4351],[15.9341,50.4256],[15.933,50.4208],[15.9377,50.4193],[15.9412,50.4155],[15.9449,50.4074],[15.9518,50.4071],[15.9493,50.4038],[15.9453,50.4059],[15.9452,50.4002],[15.9384,50.4017],[15.936,50.3975],[15.9328,50.3978],[15.9327,50.3948],[15.9295,50.3945],[15.9236,50.3987],[15.9159,50.3976],[15.9061,50.4065],[15.8964,50.407],[15.8954,50.3991],[15.8935,50.3993],[15.8888,50.3944],[15.8887,50.3891],[15.8868,50.3878],[15.882,50.3887],[15.8859,50.3863],[15.8851,50.3851],[15.8812,50.3839],[15.8774,50.3863],[15.8767,50.3842],[15.8741,50.3841],[15.8748,50.3818],[15.8715,50.3827],[15.8661,50.3801],[15.8616,50.3802],[15.8648,50.3775],[15.8639,50.3763],[15.8681,50.3743],[15.8624,50.3725],[15.8656,50.3708],[15.8612,50.369],[15.8631,50.3679],[15.8616,50.3667],[15.8546,50.3694],[15.8499,50.3678],[15.8519,50.3654],[15.8488,50.3639],[15.8372,50.3632],[15.8343,50.3581],[15.8322,50.3578],[15.8286,50.3586],[15.8245,50.3629],[15.823,50.3592],[15.8162,50.3609],[15.8034,50.36],[15.8023,50.3554],[15.7953,50.3588],[15.7924,50.3584],[15.7955,50.3513],[15.7979,50.3519],[15.7984,50.3457],[15.7954,50.345],[15.7909,50.3497],[15.7918,50.3469],[15.7885,50.3466],[15.7879,50.3447],[15.7825,50.3532],[15.7806,50.3501],[15.7765,50.3511],[15.7687,50.3466],[15.7608,50.3474],[15.7605,50.3458],[15.7547,50.3462],[15.748,50.3412],[15.7407,50.3397],[15.7365,50.3451],[15.7279,50.3453],[15.7285,50.35],[15.7247,50.3533],[15.7258,50.3552],[15.7221,50.3592],[15.7218,50.3614],[15.7269,50.3648],[15.7251,50.3662],[15.7268,50.3691],[15.7323,50.368],[15.7207,50.3747],[15.7195,50.3735],[15.7166,50.3767],[15.7185,50.3802],[15.7149,50.3886],[15.7214,50.3926],[15.7224,50.3953],[15.7202,50.3968],[15.7239,50.4006],[15.7178,50.4023],[15.7181,50.4035],[15.7254,50.4035],[15.7176,50.4044],[15.7242,50.4038],[15.7144,50.4063],[15.7142,50.4081],[15.7067,50.4094],[15.7072,50.411],[15.7038,50.4118],[15.7046,50.4133],[15.7023,50.4122],[15.6977,50.4132],[15.6967,50.4192],[15.6947,50.4205],[15.6924,50.4188],[15.6905,50.4198],[15.6961,50.4243],[15.691,50.4256],[15.6899,50.4291],[15.684,50.4329],[15.6898,50.4365],[15.6909,50.4434],[15.682,50.4443],[15.6779,50.4426],[15.6747,50.4495],[15.6522,50.4518],[15.6498,50.4527],[15.6499,50.4562],[15.6452,50.4577],[15.6458,50.4608],[15.6413,50.4665],[15.6452,50.4744],[15.6551,50.4768],[15.6539,50.4911],[15.6516,50.4911],[15.6503,50.4941],[15.6448,50.4952],[15.6329,50.4967],[15.6321,50.4954],[15.6047,50.5017],[15.5982,50.5013],[15.5949,50.5098],[15.5864,50.5144],[15.5845,50.5182],[15.5908,50.5191],[15.5946,50.5155],[15.5991,50.5203],[15.6323,50.5228],[15.6327,50.5254],[15.628,50.5311],[15.6277,50.5359],[15.6262,50.5352],[15.6252,50.538],[15.623,50.5382],[15.6195,50.5419],[15.6167,50.5416],[15.6115,50.5487],[15.6057,50.5505],[15.6036,50.5529],[15.6042,50.5563],[15.5905,50.5587],[15.6015,50.5582],[15.595,50.5636],[15.5862,50.5676],[15.5943,50.574],[15.5811,50.5761],[15.5712,50.5812],[15.5844,50.5963],[15.5812,50.5991],[15.5827,50.6008],[15.5947,50.6115],[15.6022,50.6144],[15.5883,50.6204],[15.5882,50.6237],[15.5827,50.6312],[15.5652,50.6374],[15.5735,50.6467],[15.5839,50.6527],[15.5712,50.6604],[15.5652,50.6801],[15.5629,50.6798],[15.5616,50.6824],[15.5666,50.6941],[15.5656,50.708],[15.5587,50.7123],[15.5607,50.7192],[15.5737,50.736],[15.5692,50.744],[15.5451,50.7536],[15.5394,50.7576],[15.5356,50.7633],[15.5353,50.7794],[15.5458,50.7805],[15.5641,50.7762]]],"crs":null}},{"type":"Feature","properties":{"id":42,"name":"Kolín","active":true},"geometry":{"type":"Polygon","coordinates":[[[14.6976,50.1772],[14.6995,50.1756],[14.697,50.1693],[14.6931,50.169],[14.6976,50.161],[14.7002,50.1618],[14.6986,50.1512],[14.706,50.1495],[14.7064,50.1523],[14.7154,50.1502],[14.7157,50.1529],[14.723,50.1532],[14.7233,50.1543],[14.7189,50.155],[14.7191,50.1564],[14.7241,50.1573],[14.7223,50.1585],[14.7248,50.1601],[14.7307,50.1583],[14.7309,50.1631],[14.7264,50.1646],[14.7356,50.1656],[14.7345,50.1692],[14.7374,50.1713],[14.7474,50.1672],[14.7649,50.1729],[14.7762,50.1724],[14.7726,50.1785],[14.7759,50.1812],[14.781,50.1802],[14.7804,50.1819],[14.7921,50.1803],[14.7941,50.1787],[14.7944,50.1723],[14.8001,50.1706],[14.81,50.1746],[14.8234,50.1754],[14.8324,50.1804],[14.8368,50.1799],[14.836,50.1768],[14.8309,50.176],[14.8323,50.1738],[14.8455,50.179],[14.8529,50.1716],[14.8558,50.1722],[14.8579,50.1763],[14.8565,50.1777],[14.8616,50.1806],[14.862,50.1887],[14.8691,50.1902],[14.8736,50.193],[14.8804,50.1905],[14.8829,50.1943],[14.891,50.1941],[14.8916,50.1958],[14.9025,50.1937],[14.9029,50.1903],[14.9075,50.1893],[14.9075,50.1878],[14.9215,50.1877],[14.9207,50.186],[14.9272,50.1837],[14.9293,50.1795],[14.9248,50.179],[14.928,50.1773],[14.9268,50.1732],[14.9291,50.1713],[14.9352,50.1714],[14.9406,50.1679],[14.9523,50.1672],[14.9574,50.1633],[14.9642,50.1613],[14.9802,50.1634],[14.9833,50.1621],[14.9939,50.1627],[15.0062,50.1568],[15.0125,50.1555],[15.0111,50.1599],[15.0205,50.162],[15.0242,50.1648],[15.0365,50.1654],[15.041,50.1637],[15.0431,50.1566],[15.0439,50.1593],[15.0517,50.1573],[15.0539,50.1592],[15.0462,50.1637],[15.047,50.1651],[15.0442,50.1654],[15.0443,50.168],[15.056,50.1688],[15.0554,50.1719],[15.0576,50.1721],[15.06,50.1761],[15.0634,50.1754],[15.0641,50.1792],[15.0707,50.1792],[15.079,50.1755],[15.08,50.1769],[15.0822,50.1764],[15.0841,50.1788],[15.0815,50.1804],[15.0836,50.1818],[15.0802,50.183],[15.0795,50.1858],[15.0846,50.186],[15.0883,50.1818],[15.0919,50.1823],[15.0905,50.1808],[15.1032,50.1786],[15.1183,50.1703],[15.1213,50.1724],[15.1255,50.1718],[15.13,50.1768],[15.1264,50.1713],[15.1292,50.1693],[15.1312,50.1713],[15.1374,50.1663],[15.1419,50.1675],[15.144,50.1651],[15.1394,50.1637],[15.1439,50.1605],[15.1455,50.161],[15.1531,50.1536],[15.1509,50.1527],[15.1506,50.1498],[15.1542,50.1487],[15.1491,50.1401],[15.1527,50.1336],[15.16,50.1346],[15.164,50.1328],[15.169,50.1329],[15.1697,50.1316],[15.1642,50.1259],[15.1656,50.1246],[15.1605,50.1248],[15.1581,50.1227],[15.1544,50.1244],[15.1495,50.12],[15.1392,50.1209],[15.1384,50.1237],[15.1367,50.121],[15.1379,50.1187],[15.1352,50.1179],[15.1385,50.1143],[15.1379,50.1111],[15.1351,50.1071],[15.1251,50.1049],[15.1254,50.0993],[15.1319,50.0963],[15.1358,50.0983],[15.1466,50.0996],[15.1466,50.0983],[15.1551,50.0985],[15.1583,50.1001],[15.1614,50.0943],[15.1654,50.0952],[15.169,50.0916],[15.1712,50.0928],[15.1697,50.0962],[15.1744,50.0953],[15.1733,50.098],[15.1774,50.0988],[15.1761,50.1033],[15.1842,50.1018],[15.1913,50.1028],[15.1909,50.108],[15.1875,50.1096],[15.1842,50.1079],[15.1853,50.1098],[15.2042,50.1088],[15.204,50.1074],[15.2145,50.1095],[15.2161,50.1072],[15.2336,50.1022],[15.2394,50.1025],[15.2394,50.1014],[15.2425,50.1012],[15.2424,50.099],[15.2454,50.0988],[15.2437,50.1061],[15.2527,50.105],[15.254,50.1091],[15.2538,50.1068],[15.2594,50.1066],[15.261,50.1089],[15.2586,50.1106],[15.2676,50.1102],[15.2688,50.1068],[15.2712,50.1077],[15.2726,50.1151],[15.2772,50.1146],[15.277,50.1178],[15.2839,50.118],[15.283,50.1229],[15.285,50.1231],[15.2847,50.1262],[15.2812,50.1266],[15.2794,50.1303],[15.276,50.1304],[15.2764,50.1331],[15.27,50.1347],[15.2669,50.1376],[15.2709,50.1392],[15.2785,50.1382],[15.2825,50.1409],[15.2781,50.141],[15.2785,50.1438],[15.2827,50.1445],[15.284,50.1462],[15.2815,50.1476],[15.2765,50.1467],[15.2721,50.148],[15.2703,50.1516],[15.2719,50.1495],[15.2809,50.1482],[15.2796,50.1509],[15.2851,50.1495],[15.2874,50.153],[15.2914,50.1516],[15.292,50.156],[15.3009,50.1578],[15.3,50.1596],[15.3023,50.1567],[15.3304,50.1463],[15.3667,50.1438],[15.3819,50.1456],[15.3909,50.1381],[15.4033,50.135],[15.4059,50.1386],[15.4036,50.1411],[15.4102,50.139],[15.4155,50.1405],[15.4164,50.1389],[15.4137,50.1361],[15.4243,50.1303],[15.4387,50.1268],[15.4403,50.1286],[15.4426,50.1273],[15.4395,50.1264],[15.4481,50.1246],[15.4423,50.1187],[15.44,50.1188],[15.435,50.1153],[15.4407,50.112],[15.4383,50.1121],[15.4374,50.1099],[15.4325,50.1109],[15.4342,50.1035],[15.4373,50.1018],[15.4256,50.0993],[15.4197,50.103],[15.4191,50.1063],[15.414,50.1077],[15.4079,50.1054],[15.3992,50.0956],[15.4016,50.096],[15.401,50.094],[15.4025,50.0952],[15.4095,50.093],[15.4076,50.092],[15.4099,50.0907],[15.4156,50.094],[15.4237,50.0884],[15.4281,50.0881],[15.4204,50.0872],[15.4161,50.0891],[15.409,50.0855],[15.4054,50.0871],[15.4043,50.0861],[15.4068,50.0805],[15.4135,50.0745],[15.4126,50.0631],[15.3962,50.0608],[15.3942,50.0617],[15.3926,50.0592],[15.3882,50.0615],[15.3806,50.0606],[15.3808,50.0577],[15.3769,50.0575],[15.3754,50.0558],[15.3835,50.052],[15.3897,50.0523],[15.3941,50.0505],[15.397,50.0521],[15.3946,50.0501],[15.3963,50.0487],[15.4036,50.0506],[15.4015,50.0484],[15.4027,50.0466],[15.3942,50.046],[15.3908,50.048],[15.3894,50.0468],[15.3922,50.0443],[15.389,50.0444],[15.3857,50.0473],[15.3781,50.0473],[15.3731,50.0433],[15.3629,50.0411],[15.3667,50.0395],[15.3697,50.0347],[15.3735,50.0348],[15.3744,50.0295],[15.3793,50.026],[15.3805,50.0254],[15.3816,50.027],[15.3822,50.0249],[15.3833,50.0267],[15.3851,50.0244],[15.3921,50.0224],[15.3933,50.0207],[15.4022,50.0199],[15.4023,50.0184],[15.397,50.0186],[15.3943,50.0163],[15.3785,50.0247],[15.3656,50.0284],[15.3611,50.0319],[15.3533,50.0346],[15.347,50.033],[15.3406,50.034],[15.334,50.0245],[15.3293,50.0241],[15.3234,50.0271],[15.3182,50.0208],[15.3147,50.0225],[15.3101,50.0224],[15.31,50.0174],[15.3169,50.0184],[15.317,50.0159],[15.3227,50.0162],[15.3279,50.013],[15.3289,50.0103],[15.3097,50.0069],[15.3182,50.0037],[15.3116,50.0053],[15.3107,50.0003],[15.3251,49.9944],[15.3221,49.9942],[15.3067,50.0011],[15.3031,49.9979],[15.2979,49.9967],[15.2913,50.0002],[15.2943,50.0042],[15.2905,50.0039],[15.2904,50.0005],[15.2807,50.0005],[15.2785,49.995],[15.2749,49.9977],[15.2714,49.9975],[15.2694,49.995],[15.2712,49.9937],[15.2689,49.994],[15.2674,49.9909],[15.2783,49.9883],[15.2761,49.9857],[15.2673,49.9882],[15.263,49.9811],[15.2608,49.9812],[15.2583,49.9775],[15.2621,49.9694],[15.2597,49.9692],[15.2578,49.9665],[15.2518,49.9681],[15.2508,49.9709],[15.2481,49.9719],[15.2473,49.977],[15.2444,49.9776],[15.2447,49.9819],[15.2426,49.9818],[15.2398,49.9808],[15.2408,49.9785],[15.2349,49.9793],[15.2334,49.9754],[15.2266,49.976],[15.2231,49.9623],[15.2171,49.9611],[15.2141,49.9621],[15.2116,49.9593],[15.1953,49.9579],[15.1863,49.9531],[15.1811,49.9527],[15.1811,49.9563],[15.1775,49.9592],[15.1716,49.9585],[15.1663,49.9631],[15.16,49.9628],[15.1587,49.9562],[15.1527,49.9568],[15.1518,49.9532],[15.1275,49.9557],[15.1277,49.9513],[15.1173,49.9489],[15.1146,49.9454],[15.1166,49.9443],[15.1159,49.9423],[15.1103,49.9421],[15.1145,49.9346],[15.103,49.9315],[15.1036,49.9188],[15.093,49.9234],[15.0902,49.9219],[15.0797,49.9232],[15.0803,49.9196],[15.0747,49.9177],[15.0748,49.9156],[15.07,49.9156],[15.0695,49.914],[15.0552,49.9149],[15.0488,49.917],[15.0457,49.9198],[15.0415,49.92],[15.0354,49.9273],[15.0294,49.9266],[15.0298,49.924],[15.0244,49.9235],[15.0225,49.9217],[15.0222,49.9155],[15.0264,49.9143],[15.0273,49.9118],[15.022,49.9096],[15.0205,49.9058],[15.0244,49.9006],[15.0195,49.899],[15.019,49.895],[15.0141,49.8955],[15.0123,49.8922],[15.0117,49.8798],[15.0086,49.8797],[15.0054,49.8831],[14.9991,49.8824],[14.9959,49.8804],[14.9948,49.8847],[14.9916,49.8851],[14.9947,49.8896],[14.9875,49.8897],[14.9912,49.8946],[14.9862,49.8977],[14.9866,49.9004],[14.9847,49.9008],[14.977,49.9005],[14.976,49.8989],[14.9726,49.8996],[14.9725,49.8949],[14.9675,49.8927],[14.9626,49.8933],[14.9636,49.8943],[14.9607,49.8946],[14.9608,49.8966],[14.9556,49.8962],[14.9546,49.889],[14.9529,49.8884],[14.9473,49.8881],[14.9385,49.8918],[14.9357,49.8953],[14.9404,49.8994],[14.9412,49.903],[14.9353,49.9067],[14.9373,49.9076],[14.9324,49.9171],[14.9176,49.9226],[14.9177,49.9176],[14.9048,49.9165],[14.8965,49.9235],[14.8934,49.9301],[14.8897,49.9316],[14.8865,49.9376],[14.8917,49.9364],[14.8908,49.9393],[14.8942,49.9441],[14.8982,49.9477],[14.9097,49.953],[14.9186,49.9524],[14.9234,49.9392],[14.9286,49.9376],[14.9338,49.9391],[14.9244,49.9421],[14.9276,49.9456],[14.9264,49.9483],[14.9293,49.9482],[14.9303,49.9496],[14.9275,49.951],[14.9307,49.9528],[14.9332,49.9578],[14.9281,49.958],[14.9323,49.9675],[14.9304,49.9726],[14.9314,49.9781],[14.9383,49.982],[14.936,49.9864],[14.942,49.9896],[14.9368,49.9907],[14.9312,49.9883],[14.9307,49.9901],[14.9271,49.9859],[14.9204,49.9836],[14.9193,49.9846],[14.9213,49.9858],[14.9181,49.9912],[14.9091,49.9905],[14.909,49.9894],[14.9001,49.9937],[14.8904,49.9921],[14.8868,49.9968],[14.8872,50.0006],[14.8808,50.0007],[14.8836,50.0079],[14.8683,50.0097],[14.8667,50.0138],[14.87,50.0299],[14.8621,50.0332],[14.8537,50.0321],[14.85,50.0279],[14.8571,50.0214],[14.8544,50.0162],[14.8369,50.0167],[14.8363,50.012],[14.8343,50.0125],[14.8339,50.0172],[14.8312,50.0174],[14.8168,50.0087],[14.8116,50.0092],[14.8079,50.0061],[14.8062,50.0066],[14.8062,50.0115],[14.8028,50.0137],[14.7976,50.0123],[14.7882,50.0136],[14.7707,50.0101],[14.7616,50.0129],[14.7637,50.0222],[14.7614,50.0238],[14.7511,50.0234],[14.755,50.0274],[14.7494,50.0392],[14.753,50.0404],[14.7517,50.0474],[14.7547,50.053],[14.7484,50.0585],[14.7461,50.0648],[14.7523,50.0658],[14.7535,50.0711],[14.7386,50.0709],[14.7423,50.0786],[14.7502,50.0802],[14.7492,50.082],[14.7443,50.082],[14.7441,50.0835],[14.737,50.0837],[14.7367,50.0819],[14.7336,50.0821],[14.7349,50.0852],[14.7306,50.0869],[14.7378,50.0913],[14.7364,50.0944],[14.7595,50.0991],[14.7633,50.1033],[14.7594,50.1089],[14.756,50.1083],[14.7586,50.1116],[14.7472,50.121],[14.7275,50.1152],[14.7153,50.1176],[14.7146,50.1199],[14.7117,50.1188],[14.7103,50.1203],[14.714,50.1232],[14.709,50.1249],[14.7059,50.1313],[14.7023,50.1302],[14.7002,50.1323],[14.7014,50.1336],[14.6991,50.1345],[14.6939,50.1329],[14.6908,50.1363],[14.6813,50.1324],[14.6835,50.1309],[14.6772,50.1283],[14.6776,50.1267],[14.6595,50.1242],[14.6592,50.1227],[14.6353,50.124],[14.6324,50.13],[14.6463,50.1332],[14.6455,50.1366],[14.6425,50.1386],[14.6387,50.1384],[14.6372,50.141],[14.6407,50.1421],[14.6408,50.1448],[14.6342,50.151],[14.6353,50.1532],[14.6397,50.1545],[14.642,50.1587],[14.6472,50.1592],[14.6476,50.157],[14.6522,50.1579],[14.6516,50.1665],[14.6585,50.1675],[14.6583,50.1723],[14.6628,50.1729],[14.663,50.1748],[14.6668,50.1753],[14.6669,50.1765],[14.6775,50.1788],[14.6794,50.1763],[14.6828,50.1757],[14.6887,50.1799],[14.6976,50.1772]]],"crs":null}},{"type":"Feature","properties":{"id":45,"name":"Hradec Králové","active":true},"geometry":{"type":"Polygon","coordinates":[[[15.5169,50.3395],[15.5258,50.3389],[15.5262,50.3346],[15.5369,50.3355],[15.5366,50.3323],[15.5422,50.3301],[15.5437,50.3278],[15.5382,50.327],[15.538,50.3232],[15.5443,50.3208],[15.5485,50.321],[15.5484,50.3199],[15.5551,50.3214],[15.555,50.3194],[15.5587,50.3195],[15.5589,50.3138],[15.5623,50.3131],[15.5673,50.3086],[15.569,50.3096],[15.6023,50.3082],[15.6006,50.306],[15.5899,50.3025],[15.5923,50.3012],[15.5925,50.2982],[15.5947,50.2982],[15.5955,50.3],[15.5954,50.298],[15.5971,50.2978],[15.5974,50.2999],[15.5994,50.3001],[15.6018,50.2936],[15.6149,50.2948],[15.6121,50.2953],[15.6133,50.2973],[15.6218,50.2994],[15.6178,50.3032],[15.6235,50.3031],[15.6205,50.3051],[15.6228,50.3066],[15.6205,50.3064],[15.619,50.3081],[15.6266,50.308],[15.6341,50.3118],[15.6399,50.3108],[15.6396,50.3151],[15.6421,50.3169],[15.6441,50.316],[15.6453,50.3179],[15.6431,50.3182],[15.6537,50.3191],[15.6539,50.3209],[15.6583,50.32],[15.659,50.3231],[15.6528,50.327],[15.6526,50.3301],[15.6541,50.3287],[15.656,50.3307],[15.6558,50.3293],[15.6581,50.3296],[15.655,50.3258],[15.6658,50.3222],[15.665,50.326],[15.6739,50.3256],[15.6721,50.3206],[15.6777,50.3208],[15.6791,50.3245],[15.679,50.3232],[15.6851,50.3224],[15.685,50.321],[15.6935,50.3232],[15.6956,50.3213],[15.6985,50.3215],[15.6984,50.3198],[15.701,50.3178],[15.6974,50.3148],[15.7022,50.3134],[15.7046,50.3109],[15.7068,50.3125],[15.7112,50.311],[15.7134,50.3125],[15.7126,50.3111],[15.7146,50.3108],[15.7124,50.3071],[15.7154,50.307],[15.7149,50.3049],[15.7205,50.3055],[15.7219,50.2997],[15.7263,50.2983],[15.7258,50.2972],[15.7281,50.2988],[15.7353,50.2988],[15.7417,50.3073],[15.7435,50.3065],[15.7478,50.3082],[15.7551,50.3034],[15.7579,50.3035],[15.762,50.2959],[15.7812,50.2947],[15.7839,50.292],[15.7817,50.2901],[15.7836,50.2864],[15.7907,50.2873],[15.7891,50.2837],[15.7961,50.2818],[15.7949,50.2807],[15.7994,50.2781],[15.799,50.2733],[15.8024,50.2737],[15.803,50.2692],[15.8164,50.2681],[15.8176,50.265],[15.8209,50.2649],[15.8219,50.267],[15.8299,50.2664],[15.8345,50.2621],[15.8346,50.266],[15.838,50.2674],[15.8428,50.2638],[15.8483,50.2655],[15.8577,50.2656],[15.8595,50.2622],[15.8635,50.2624],[15.8721,50.2568],[15.8696,50.252],[15.8707,50.2502],[15.8685,50.2482],[15.8629,50.2477],[15.8675,50.2449],[15.8743,50.2482],[15.8762,50.2478],[15.8741,50.2454],[15.8822,50.246],[15.8836,50.2433],[15.8864,50.2453],[15.889,50.2448],[15.8981,50.2406],[15.9039,50.2421],[15.909,50.2455],[15.9146,50.2444],[15.9197,50.2327],[15.9104,50.2301],[15.9064,50.2263],[15.9068,50.2237],[15.9089,50.2207],[15.9117,50.2228],[15.9105,50.2244],[15.9148,50.2238],[15.9153,50.2163],[15.9242,50.214],[15.9246,50.2114],[15.9278,50.2122],[15.9258,50.21],[15.9277,50.2077],[15.9296,50.2084],[15.9295,50.2107],[15.9319,50.2102],[15.9301,50.2081],[15.9326,50.2088],[15.9321,50.2075],[15.935,50.2075],[15.9351,50.2045],[15.925,50.2049],[15.9275,50.1976],[15.9271,50.1821],[15.9171,50.1707],[15.9183,50.1654],[15.9165,50.1637],[15.8879,50.1625],[15.8874,50.1472],[15.8527,50.1477],[15.8523,50.1398],[15.84,50.1362],[15.8414,50.1327],[15.8346,50.1318],[15.8344,50.135],[15.8151,50.1359],[15.8149,50.1383],[15.8106,50.1402],[15.8047,50.1403],[15.8032,50.1472],[15.8095,50.16],[15.8004,50.1629],[15.8044,50.1681],[15.7888,50.1686],[15.7808,50.1744],[15.7763,50.1757],[15.771,50.1728],[15.7669,50.1672],[15.7563,50.1686],[15.7547,50.1639],[15.746,50.1646],[15.7467,50.1626],[15.7433,50.1632],[15.743,50.1614],[15.7405,50.1611],[15.7396,50.1547],[15.744,50.1543],[15.7406,50.1437],[15.739,50.1417],[15.7315,50.1416],[15.7268,50.1374],[15.727,50.1338],[15.7251,50.1368],[15.7217,50.1379],[15.714,50.1389],[15.706,50.1378],[15.7055,50.1393],[15.7042,50.137],[15.6991,50.137],[15.6954,50.1321],[15.6922,50.1324],[15.6936,50.1287],[15.6884,50.1258],[15.6847,50.1284],[15.6796,50.1286],[15.6786,50.1259],[15.6734,50.1298],[15.6671,50.1297],[15.6672,50.1329],[15.658,50.1348],[15.6485,50.1405],[15.6464,50.1329],[15.6412,50.135],[15.6413,50.1333],[15.6371,50.135],[15.6363,50.1333],[15.6345,50.1336],[15.6318,50.1376],[15.6191,50.1382],[15.6106,50.1362],[15.608,50.1385],[15.6017,50.139],[15.6001,50.1378],[15.5995,50.14],[15.5961,50.1394],[15.5984,50.1346],[15.603,50.1333],[15.5968,50.1337],[15.5941,50.1364],[15.5909,50.1354],[15.5922,50.1346],[15.5865,50.1334],[15.5838,50.1375],[15.5807,50.1367],[15.5808,50.1476],[15.5701,50.1504],[15.5665,50.1501],[15.5654,50.1462],[15.5711,50.1427],[15.5668,50.142],[15.5615,50.1436],[15.5574,50.1398],[15.5551,50.1422],[15.5585,50.145],[15.5555,50.1463],[15.5522,50.1545],[15.5489,50.1543],[15.5461,50.157],[15.5451,50.1595],[15.5476,50.1603],[15.543,50.1593],[15.5437,50.1619],[15.5346,50.1618],[15.5331,50.1658],[15.5345,50.1673],[15.5323,50.1685],[15.5287,50.1683],[15.5229,50.1648],[15.5082,50.1694],[15.5051,50.1757],[15.5018,50.1753],[15.5017,50.1739],[15.4921,50.1761],[15.4887,50.1747],[15.4787,50.1777],[15.4752,50.1722],[15.4686,50.1741],[15.4618,50.1733],[15.4641,50.1812],[15.4488,50.1812],[15.4463,50.1832],[15.4485,50.186],[15.4325,50.1882],[15.4315,50.1895],[15.4249,50.188],[15.424,50.1904],[15.4203,50.1903],[15.42,50.1929],[15.4141,50.1968],[15.3975,50.1979],[15.396,50.2019],[15.3926,50.2041],[15.3974,50.2067],[15.3938,50.2134],[15.391,50.2133],[15.3914,50.2179],[15.3823,50.2216],[15.3803,50.2191],[15.3773,50.2242],[15.3787,50.2249],[15.3709,50.2267],[15.3754,50.2338],[15.372,50.2467],[15.3673,50.2473],[15.3741,50.2509],[15.3817,50.2517],[15.3844,50.255],[15.3813,50.2599],[15.3772,50.2612],[15.379,50.2688],[15.375,50.2704],[15.3775,50.2719],[15.3761,50.2737],[15.3797,50.2736],[15.3821,50.2792],[15.3892,50.2767],[15.3925,50.2813],[15.3983,50.2793],[15.4032,50.2795],[15.4026,50.2871],[15.4048,50.2889],[15.402,50.2908],[15.405,50.2938],[15.4033,50.2952],[15.4059,50.297],[15.405,50.2994],[15.4148,50.3015],[15.4192,50.2972],[15.4271,50.2949],[15.4318,50.2975],[15.4353,50.2948],[15.446,50.3009],[15.4457,50.3037],[15.4527,50.3044],[15.4544,50.3086],[15.4564,50.3088],[15.4544,50.3091],[15.4544,50.3109],[15.4515,50.3104],[15.448,50.3125],[15.4495,50.3159],[15.4478,50.3187],[15.4502,50.3214],[15.4477,50.3231],[15.4578,50.326],[15.4611,50.3298],[15.4713,50.3293],[15.4737,50.3263],[15.4905,50.3204],[15.4958,50.3157],[15.4955,50.3212],[15.4998,50.3214],[15.5026,50.3258],[15.4998,50.3268],[15.5034,50.3273],[15.5008,50.3285],[15.5027,50.333],[15.4958,50.338],[15.5032,50.3363],[15.5067,50.3383],[15.5132,50.3365],[15.5134,50.3405],[15.5112,50.3411],[15.512,50.3427],[15.5152,50.3423],[15.5169,50.3395]]],"crs":null}},{"type":"Feature","properties":{"id":48,"name":"Rychnov nad Kněžnou","active":true},"geometry":{"type":"Polygon","coordinates":[[[16.317,50.3802],[16.3264,50.3821],[16.3419,50.3779],[16.3486,50.3807],[16.3526,50.3786],[16.3607,50.3796],[16.365,50.374],[16.3637,50.3707],[16.3681,50.367],[16.3657,50.3632],[16.366,50.3573],[16.3612,50.3537],[16.3622,50.3498],[16.3647,50.3469],[16.3753,50.3423],[16.3833,50.3288],[16.3993,50.3192],[16.4054,50.3202],[16.4108,50.3246],[16.4314,50.3247],[16.4366,50.321],[16.4381,50.3165],[16.4441,50.3131],[16.4483,50.305],[16.4647,50.2957],[16.4648,50.293],[16.4682,50.2902],[16.4668,50.2869],[16.4802,50.2771],[16.482,50.2714],[16.487,50.2708],[16.4898,50.2643],[16.4938,50.2635],[16.4976,50.2599],[16.5063,50.2603],[16.5082,50.2577],[16.5068,50.2555],[16.5085,50.2528],[16.5144,50.2516],[16.5129,50.2475],[16.5171,50.2433],[16.5229,50.2394],[16.5293,50.2376],[16.5376,50.239],[16.5407,50.2339],[16.5453,50.2301],[16.5484,50.2298],[16.5515,50.2228],[16.5574,50.2205],[16.5568,50.2171],[16.5535,50.215],[16.5583,50.2135],[16.5586,50.2101],[16.5618,50.2076],[16.5613,50.2055],[16.556,50.2031],[16.5571,50.1996],[16.5545,50.1957],[16.5589,50.1891],[16.5572,50.1849],[16.5605,50.1841],[16.5639,50.1798],[16.5583,50.174],[16.5579,50.1706],[16.5617,50.1634],[16.5784,50.1577],[16.5779,50.1553],[16.5855,50.1523],[16.5803,50.1487],[16.5847,50.1457],[16.5756,50.1398],[16.5719,50.1412],[16.5694,50.1387],[16.5402,50.1502],[16.5356,50.1478],[16.5267,50.153],[16.5234,50.1513],[16.5207,50.1596],[16.5058,50.165],[16.5032,50.1634],[16.4965,50.1676],[16.4786,50.1634],[16.4781,50.1461],[16.4723,50.1369],[16.4544,50.1318],[16.4519,50.1284],[16.4362,50.1284],[16.435,50.1307],[16.4344,50.1277],[16.4318,50.1275],[16.4313,50.1258],[16.4228,50.1262],[16.4278,50.1235],[16.4305,50.1238],[16.4303,50.1209],[16.4252,50.1192],[16.4189,50.1224],[16.4159,50.1201],[16.4135,50.1208],[16.4109,50.1179],[16.4074,50.1181],[16.4091,50.1153],[16.4077,50.1145],[16.3939,50.1182],[16.3869,50.1083],[16.375,50.101],[16.3522,50.1007],[16.3529,50.0972],[16.3407,50.0924],[16.3388,50.0896],[16.34,50.0858],[16.3421,50.0842],[16.3442,50.0849],[16.3488,50.0798],[16.3575,50.0776],[16.347,50.0744],[16.3442,50.072],[16.3364,50.071],[16.3333,50.0665],[16.3286,50.0702],[16.3243,50.0701],[16.3245,50.0681],[16.3165,50.068],[16.3188,50.0627],[16.3161,50.0607],[16.3126,50.062],[16.3122,50.0608],[16.317,50.0573],[16.3211,50.0571],[16.3246,50.0547],[16.3304,50.0486],[16.3327,50.0404],[16.3146,50.0445],[16.3102,50.043],[16.3053,50.0439],[16.3083,50.0452],[16.3038,50.0448],[16.3003,50.0475],[16.2823,50.0514],[16.2809,50.0512],[16.2848,50.0494],[16.2799,50.0481],[16.2827,50.046],[16.2732,50.0481],[16.2727,50.0457],[16.2698,50.0455],[16.2694,50.0381],[16.2663,50.0367],[16.2803,50.0334],[16.2863,50.029],[16.2816,50.0279],[16.2722,50.0309],[16.2656,50.0311],[16.2627,50.0284],[16.2564,50.0285],[16.2564,50.026],[16.2527,50.025],[16.2508,50.0205],[16.2444,50.0209],[16.2415,50.0138],[16.2523,50.0118],[16.252,50.0092],[16.2496,50.0086],[16.2522,50.0035],[16.2498,50.0029],[16.2488,50.0067],[16.2484,50.0033],[16.246,50.0046],[16.247,50.0005],[16.2416,50.0009],[16.2343,49.9961],[16.2359,49.983],[16.2266,49.983],[16.2261,49.9809],[16.2216,49.9802],[16.2162,49.9684],[16.207,49.9678],[16.1939,49.972],[16.1951,49.9664],[16.1987,49.9647],[16.1977,49.9637],[16.1865,49.969],[16.1861,49.9743],[16.1762,49.9832],[16.1715,49.9814],[16.1681,49.9826],[16.1697,49.9852],[16.1682,49.9896],[16.1612,49.9902],[16.1556,49.9928],[16.1547,49.996],[16.1507,49.9974],[16.149,49.9942],[16.1517,49.992],[16.1448,49.989],[16.1298,49.9949],[16.1205,49.9959],[16.1204,49.9937],[16.1173,49.9933],[16.1138,50.0007],[16.106,50.0025],[16.0983,49.9966],[16.1008,49.9954],[16.0956,49.9868],[16.0885,49.9882],[16.0878,49.9866],[16.0806,49.9856],[16.08,49.9819],[16.0731,49.9824],[16.0746,49.9839],[16.0727,49.9859],[16.0639,49.9889],[16.0603,49.9869],[16.0615,49.9838],[16.0596,49.9774],[16.038,49.9792],[16.0339,49.9779],[16.0301,49.9822],[16.0295,49.985],[16.033,49.9892],[16.0309,49.9907],[16.0265,49.9878],[16.0203,49.987],[16.0153,49.9903],[16.0124,49.9897],[16.0101,49.9913],[16.0068,49.9829],[16.004,49.9807],[15.9993,49.9795],[15.9844,49.9805],[15.9854,49.972],[15.9784,49.9717],[15.9779,49.9702],[15.9732,49.9703],[15.9669,49.9734],[15.9641,49.972],[15.952,49.9751],[15.9485,49.9771],[15.949,49.9804],[15.9439,49.9807],[15.9414,49.986],[15.9304,49.9863],[15.9224,49.9935],[15.9178,49.9914],[15.9156,49.9859],[15.9026,49.9934],[15.9006,49.9899],[15.8949,49.9899],[15.8951,49.9913],[15.889,49.9933],[15.8783,49.983],[15.8751,49.9851],[15.869,49.985],[15.8688,49.9869],[15.8662,49.9879],[15.8672,49.9901],[15.8622,49.9923],[15.8637,49.9933],[15.8629,49.9953],[15.86,49.9959],[15.8608,49.997],[15.8652,49.9984],[15.8698,49.9971],[15.8686,49.9951],[15.8832,50.0085],[15.8903,50.009],[15.8907,50.0116],[15.8891,50.0106],[15.8918,50.0172],[15.8812,50.0201],[15.8813,50.0238],[15.8752,50.024],[15.8744,50.0187],[15.8696,50.0187],[15.8655,50.0161],[15.864,50.017],[15.8652,50.0143],[15.8614,50.0124],[15.8596,50.013],[15.8591,50.0169],[15.8427,50.0224],[15.8478,50.027],[15.8492,50.0375],[15.8409,50.0399],[15.8405,50.0507],[15.8353,50.0515],[15.8304,50.0606],[15.8238,50.0583],[15.8126,50.0576],[15.8096,50.0555],[15.7956,50.0562],[15.7933,50.0596],[15.7894,50.0602],[15.7873,50.0599],[15.7858,50.0566],[15.7811,50.0582],[15.7759,50.0564],[15.774,50.0587],[15.7757,50.0627],[15.7637,50.0626],[15.7595,50.0722],[15.7592,50.0738],[15.7614,50.0739],[15.756,50.0756],[15.7545,50.0731],[15.7468,50.0697],[15.7355,50.0726],[15.7254,50.0698],[15.7241,50.0724],[15.7179,50.0747],[15.7184,50.084],[15.7227,50.0872],[15.7128,50.0992],[15.7118,50.1027],[15.7145,50.1063],[15.7119,50.1076],[15.7121,50.1113],[15.7109,50.1125],[15.7012,50.1112],[15.7096,50.1171],[15.7046,50.1179],[15.7076,50.1197],[15.6977,50.1233],[15.6866,50.1239],[15.6936,50.1287],[15.6922,50.1324],[15.6954,50.1321],[15.6991,50.137],[15.7042,50.137],[15.7055,50.1393],[15.706,50.1378],[15.714,50.1389],[15.7217,50.1379],[15.7251,50.1368],[15.727,50.1338],[15.7268,50.1374],[15.7315,50.1416],[15.739,50.1417],[15.7406,50.1437],[15.744,50.1543],[15.7396,50.1547],[15.7405,50.1611],[15.743,50.1614],[15.7433,50.1632],[15.7467,50.1626],[15.746,50.1646],[15.7547,50.1639],[15.7563,50.1686],[15.7669,50.1672],[15.771,50.1728],[15.7763,50.1757],[15.7808,50.1744],[15.7888,50.1686],[15.8044,50.1681],[15.8004,50.1629],[15.8095,50.16],[15.8032,50.1472],[15.8047,50.1403],[15.8106,50.1402],[15.8149,50.1383],[15.8151,50.1359],[15.8344,50.135],[15.8346,50.1318],[15.8414,50.1327],[15.84,50.1362],[15.8523,50.1398],[15.8527,50.1477],[15.8874,50.1472],[15.8879,50.1625],[15.9165,50.1637],[15.9183,50.1654],[15.9171,50.1707],[15.9225,50.1701],[15.9413,50.1602],[15.9494,50.1639],[15.9503,50.1602],[15.9536,50.1597],[15.9552,50.1614],[15.9645,50.1576],[15.9923,50.1574],[15.9927,50.1777],[15.9979,50.1758],[16.0041,50.1769],[16.0024,50.1745],[16.0083,50.1749],[16.0058,50.1738],[16.0078,50.1731],[16.0073,50.1715],[16.0147,50.1736],[16.016,50.1713],[16.0143,50.1691],[16.0204,50.1725],[16.0106,50.1775],[16.0091,50.1826],[16.0068,50.1838],[16.0098,50.1868],[16.0062,50.1906],[16.0094,50.1891],[16.0152,50.1981],[16.0196,50.1966],[16.0216,50.1993],[16.0206,50.2012],[16.0146,50.2008],[16.0153,50.2048],[16.0238,50.2092],[16.0299,50.2098],[16.0281,50.211],[16.0332,50.2126],[16.0388,50.2203],[16.0361,50.22],[16.0352,50.2214],[16.0404,50.2245],[16.0321,50.2234],[16.0234,50.2278],[16.0237,50.2294],[16.0146,50.2305],[16.0121,50.2355],[16.008,50.2356],[16.0016,50.2393],[16.0037,50.2456],[15.9994,50.2545],[16.0014,50.2589],[15.998,50.2606],[16.0026,50.2648],[15.9887,50.2724],[15.9877,50.2784],[15.9898,50.2832],[15.9772,50.2883],[15.9766,50.2975],[15.9705,50.3023],[16.0042,50.3029],[16.0101,50.2995],[16.0102,50.303],[16.0162,50.3029],[16.0194,50.3067],[16.0196,50.3109],[16.025,50.3181],[16.0398,50.3133],[16.0527,50.3132],[16.0563,50.3013],[16.0537,50.3011],[16.0544,50.2993],[16.0562,50.2995],[16.057,50.2951],[16.0616,50.2918],[16.0674,50.2902],[16.0775,50.2966],[16.0762,50.2985],[16.0798,50.3018],[16.0846,50.3011],[16.0854,50.3023],[16.0879,50.3007],[16.1164,50.2983],[16.1283,50.3041],[16.1288,50.3131],[16.1226,50.3185],[16.1351,50.3215],[16.1481,50.3285],[16.1579,50.3239],[16.1702,50.3261],[16.177,50.3295],[16.1825,50.3353],[16.1832,50.3391],[16.1849,50.3381],[16.1868,50.3394],[16.1917,50.3391],[16.1983,50.3348],[16.2074,50.3387],[16.2113,50.3371],[16.212,50.3394],[16.2183,50.3406],[16.2143,50.3468],[16.2177,50.3479],[16.2165,50.3507],[16.2217,50.3513],[16.2267,50.3598],[16.2321,50.3588],[16.2307,50.3571],[16.2333,50.3549],[16.238,50.3543],[16.2394,50.3521],[16.2372,50.3503],[16.2407,50.3474],[16.2453,50.3485],[16.2499,50.3463],[16.2557,50.3485],[16.2568,50.3468],[16.2636,50.3475],[16.2709,50.3543],[16.2724,50.3532],[16.2754,50.3574],[16.2781,50.3567],[16.2838,50.3585],[16.2856,50.3607],[16.28,50.3648],[16.2818,50.367],[16.2919,50.3703],[16.2993,50.3808],[16.3088,50.3832],[16.317,50.3802]]],"crs":null}},{"type":"Feature","properties":{"id":51,"name":"Žďár nad Sázavou","active":true},"geometry":{"type":"Polygon","coordinates":[[[16.0023,49.7393],[16.0052,49.7366],[16.0099,49.7378],[16.0101,49.7353],[16.0059,49.7349],[16.0076,49.7321],[16.01,49.7318],[16.009,49.7239],[16.0203,49.7169],[16.0342,49.7173],[16.0364,49.715],[16.0443,49.7136],[16.048,49.7114],[16.0529,49.7164],[16.0692,49.7125],[16.0704,49.7136],[16.0788,49.7102],[16.0827,49.705],[16.0895,49.7014],[16.0905,49.6985],[16.0886,49.6961],[16.0958,49.6922],[16.0963,49.6875],[16.103,49.6834],[16.1089,49.6851],[16.1098,49.6873],[16.1133,49.6862],[16.1134,49.6879],[16.1159,49.6883],[16.1271,49.6866],[16.1295,49.6887],[16.1395,49.6914],[16.1449,49.6865],[16.1487,49.6859],[16.1509,49.6782],[16.1598,49.6815],[16.1686,49.6819],[16.1791,49.6755],[16.1865,49.6736],[16.1889,49.6776],[16.1937,49.6784],[16.1982,49.6724],[16.2044,49.6701],[16.2058,49.6662],[16.2206,49.6668],[16.226,49.6635],[16.2422,49.6601],[16.2579,49.645],[16.2663,49.6406],[16.2749,49.6402],[16.2699,49.6297],[16.2835,49.6265],[16.2881,49.6212],[16.2872,49.6199],[16.29,49.6191],[16.2911,49.6204],[16.2965,49.6181],[16.3024,49.6239],[16.3103,49.6192],[16.316,49.6199],[16.3246,49.6154],[16.3482,49.6132],[16.3498,49.6082],[16.3566,49.6023],[16.3631,49.601],[16.3705,49.6021],[16.3763,49.5964],[16.3776,49.5907],[16.3868,49.5856],[16.3921,49.5802],[16.3938,49.5765],[16.3925,49.5667],[16.3898,49.5665],[16.3912,49.5623],[16.3887,49.5594],[16.3849,49.5587],[16.3829,49.5552],[16.373,49.5539],[16.3727,49.5509],[16.3749,49.5509],[16.3793,49.5437],[16.3853,49.5414],[16.3857,49.5425],[16.3872,49.5377],[16.394,49.5401],[16.4003,49.5382],[16.4084,49.5395],[16.4154,49.5333],[16.4183,49.5252],[16.4102,49.5108],[16.4046,49.511],[16.4017,49.5094],[16.3962,49.5016],[16.389,49.499],[16.3878,49.4951],[16.3848,49.4929],[16.3728,49.4915],[16.3697,49.498],[16.3649,49.5014],[16.3551,49.5023],[16.3533,49.4989],[16.3628,49.496],[16.3624,49.4934],[16.3592,49.4913],[16.363,49.489],[16.3628,49.4872],[16.3752,49.4817],[16.3767,49.4845],[16.3817,49.4848],[16.3765,49.4804],[16.3801,49.4759],[16.3896,49.476],[16.3902,49.47],[16.3724,49.465],[16.3823,49.4569],[16.3786,49.452],[16.3677,49.4489],[16.3652,49.4528],[16.3617,49.4534],[16.358,49.4523],[16.3551,49.4485],[16.352,49.4485],[16.3506,49.4548],[16.3459,49.4602],[16.3519,49.4634],[16.3496,49.4648],[16.3504,49.4688],[16.3522,49.4688],[16.3505,49.4702],[16.3456,49.4679],[16.3397,49.4691],[16.3373,49.468],[16.336,49.471],[16.3311,49.4713],[16.3288,49.4709],[16.3284,49.4675],[16.3147,49.4656],[16.314,49.4587],[16.3072,49.4549],[16.3046,49.4563],[16.3016,49.4523],[16.2924,49.4499],[16.2917,49.4471],[16.2946,49.4471],[16.2972,49.4492],[16.3091,49.4491],[16.3116,49.4504],[16.3156,49.448],[16.3257,49.4498],[16.3334,49.4463],[16.3362,49.4402],[16.333,49.438],[16.3276,49.4389],[16.3285,49.4367],[16.3229,49.4366],[16.3264,49.4356],[16.3292,49.4314],[16.3237,49.4332],[16.3218,49.4292],[16.3154,49.4315],[16.2929,49.4273],[16.2899,49.432],[16.2849,49.4333],[16.267,49.4283],[16.2619,49.4256],[16.2609,49.4182],[16.2539,49.4144],[16.2577,49.4117],[16.256,49.4094],[16.2597,49.4057],[16.2396,49.4029],[16.2348,49.3926],[16.2278,49.3941],[16.2285,49.3895],[16.2329,49.3865],[16.2362,49.3811],[16.2356,49.3796],[16.2337,49.3803],[16.2355,49.3789],[16.2334,49.3774],[16.237,49.3769],[16.2295,49.3694],[16.2263,49.3696],[16.2318,49.3666],[16.2282,49.3625],[16.2263,49.3625],[16.227,49.3609],[16.2255,49.3603],[16.2248,49.3616],[16.2172,49.3553],[16.2199,49.351],[16.227,49.3485],[16.2288,49.3501],[16.2352,49.3503],[16.2417,49.3427],[16.2535,49.3403],[16.2534,49.3368],[16.2676,49.3363],[16.2731,49.3325],[16.2688,49.3308],[16.2617,49.3327],[16.2441,49.3312],[16.2399,49.3261],[16.2444,49.3235],[16.2697,49.3185],[16.2731,49.316],[16.2778,49.3206],[16.286,49.3208],[16.2877,49.3221],[16.2926,49.3191],[16.2892,49.3172],[16.2941,49.3123],[16.2904,49.3111],[16.2898,49.3077],[16.285,49.3026],[16.2795,49.302],[16.2773,49.2992],[16.2811,49.2984],[16.2806,49.2974],[16.2756,49.298],[16.2753,49.2953],[16.2728,49.2938],[16.2595,49.2922],[16.2553,49.2832],[16.2583,49.2745],[16.2651,49.2719],[16.2781,49.2703],[16.2778,49.2683],[16.2881,49.2638],[16.2884,49.2571],[16.2846,49.2575],[16.2815,49.2549],[16.2714,49.2518],[16.265,49.2545],[16.2551,49.2541],[16.2511,49.2511],[16.2512,49.2532],[16.2494,49.2513],[16.2345,49.2534],[16.2247,49.253],[16.2244,49.2506],[16.2162,49.2535],[16.2047,49.2416],[16.1998,49.2455],[16.2051,49.2478],[16.1994,49.2464],[16.1982,49.2499],[16.1964,49.2486],[16.1887,49.2515],[16.1944,49.2563],[16.1927,49.2572],[16.1911,49.2554],[16.1856,49.2598],[16.1885,49.2618],[16.1912,49.2616],[16.191,49.2635],[16.1962,49.263],[16.1952,49.2616],[16.1992,49.2633],[16.1935,49.2658],[16.1864,49.2659],[16.1904,49.2645],[16.1796,49.2647],[16.1774,49.2667],[16.1792,49.2683],[16.1755,49.2699],[16.1807,49.2703],[16.1797,49.2723],[16.1824,49.2755],[16.1781,49.2746],[16.1683,49.2759],[16.1679,49.2738],[16.1627,49.2758],[16.1563,49.2746],[16.155,49.279],[16.1487,49.2844],[16.1428,49.2838],[16.1504,49.2791],[16.1515,49.2763],[16.1381,49.2823],[16.1373,49.2808],[16.1319,49.2824],[16.1294,49.2787],[16.1235,49.2802],[16.1219,49.2752],[16.1182,49.2759],[16.1115,49.27],[16.1205,49.2643],[16.1054,49.2627],[16.0995,49.2661],[16.0988,49.2723],[16.093,49.2752],[16.0887,49.2734],[16.0879,49.2688],[16.0835,49.2693],[16.0826,49.2724],[16.0845,49.2756],[16.0824,49.2792],[16.077,49.2811],[16.0805,49.2825],[16.0789,49.2867],[16.0709,49.2861],[16.0648,49.2829],[16.0616,49.2835],[16.063,49.2812],[16.0563,49.2824],[16.0524,49.2856],[16.0405,49.2844],[16.0425,49.2958],[16.0349,49.298],[16.0327,49.3019],[16.029,49.3016],[16.0341,49.3043],[16.0336,49.3069],[16.0289,49.3093],[16.0264,49.3165],[16.0199,49.3202],[16.0128,49.3181],[16.0068,49.3198],[16.0071,49.3229],[16.0003,49.322],[15.988,49.3253],[15.9834,49.3226],[15.9866,49.3208],[15.9811,49.3208],[15.9827,49.3157],[15.9794,49.3157],[15.9793,49.3142],[15.9886,49.312],[15.9878,49.3111],[15.9721,49.3118],[15.9692,49.3102],[15.9576,49.313],[15.954,49.3116],[15.951,49.3183],[15.9535,49.3216],[15.9463,49.3242],[15.9499,49.327],[15.9459,49.3264],[15.9456,49.3289],[15.9411,49.3289],[15.9387,49.3311],[15.9437,49.3367],[15.9373,49.3406],[15.9316,49.3384],[15.93,49.3399],[15.9334,49.3428],[15.9272,49.3436],[15.9227,49.3421],[15.9203,49.3443],[15.9163,49.3445],[15.9117,49.3413],[15.9117,49.3388],[15.9091,49.3375],[15.9104,49.3353],[15.9078,49.3349],[15.9065,49.3316],[15.9012,49.332],[15.8932,49.33],[15.8913,49.328],[15.8809,49.3267],[15.8779,49.3308],[15.8724,49.3296],[15.8734,49.3342],[15.8764,49.3343],[15.8733,49.337],[15.8544,49.3392],[15.8505,49.3438],[15.8404,49.3478],[15.8552,49.355],[15.8353,49.3624],[15.8285,49.3753],[15.8244,49.3777],[15.8271,49.3822],[15.8199,49.3842],[15.8162,49.3888],[15.8181,49.3933],[15.8113,49.3933],[15.7993,49.3882],[15.8024,49.3898],[15.7995,49.3928],[15.8003,49.395],[15.8074,49.3939],[15.8079,49.3926],[15.8105,49.3937],[15.8108,49.3947],[15.8009,49.3974],[15.802,49.3999],[15.8068,49.4014],[15.8028,49.4044],[15.8051,49.4061],[15.795,49.4064],[15.7977,49.4118],[15.7937,49.4121],[15.7933,49.4136],[15.7918,49.4119],[15.7853,49.4148],[15.7914,49.4151],[15.7932,49.4185],[15.7963,49.4191],[15.8052,49.415],[15.8198,49.412],[15.8222,49.41],[15.8278,49.411],[15.8272,49.4129],[15.8327,49.4137],[15.8398,49.4108],[15.8372,49.4141],[15.8436,49.4183],[15.8463,49.4316],[15.8499,49.4358],[15.8443,49.4394],[15.8468,49.4421],[15.8525,49.439],[15.8526,49.4418],[15.858,49.4436],[15.8544,49.4461],[15.8547,49.4487],[15.8492,49.4492],[15.8425,49.4522],[15.8386,49.4547],[15.8391,49.4563],[15.8299,49.4601],[15.8241,49.4662],[15.8189,49.4788],[15.8241,49.4836],[15.8163,49.4839],[15.8145,49.4826],[15.8072,49.4871],[15.8008,49.4868],[15.7965,49.4972],[15.7907,49.4987],[15.7899,49.5025],[15.7857,49.5015],[15.7803,49.5046],[15.7767,49.5095],[15.7778,49.5178],[15.764,49.5243],[15.7626,49.5295],[15.7601,49.5303],[15.77,49.5338],[15.7708,49.5363],[15.7754,49.5365],[15.7818,49.5423],[15.7782,49.5457],[15.7819,49.546],[15.7827,49.5518],[15.7875,49.5583],[15.784,49.5598],[15.7851,49.5629],[15.7829,49.565],[15.7785,49.5598],[15.7795,49.5625],[15.7772,49.5677],[15.7862,49.5667],[15.7941,49.5695],[15.7915,49.5724],[15.7941,49.5778],[15.7914,49.5824],[15.7929,49.587],[15.7859,49.5957],[15.7815,49.5968],[15.7802,49.6002],[15.7817,49.6008],[15.7781,49.6049],[15.7827,49.6132],[15.7851,49.615],[15.8011,49.6164],[15.8007,49.6211],[15.8125,49.6327],[15.835,49.6261],[15.8384,49.6282],[15.8409,49.6375],[15.8238,49.6474],[15.8252,49.652],[15.8349,49.6565],[15.8345,49.6549],[15.8431,49.6525],[15.848,49.6481],[15.8536,49.6484],[15.8627,49.6556],[15.8673,49.6805],[15.8794,49.6899],[15.8903,49.6938],[15.8956,49.6975],[15.9054,49.6984],[15.9032,49.6962],[15.911,49.6922],[15.9179,49.6855],[15.925,49.686],[15.9328,49.6888],[15.9495,49.6861],[15.9509,49.6894],[15.9599,49.6913],[15.9536,49.7024],[15.967,49.7006],[15.9729,49.7035],[15.9701,49.7102],[15.9723,49.7196],[15.9827,49.728],[15.9869,49.7278],[15.9967,49.7335],[15.9946,49.7355],[15.9958,49.738],[16.0023,49.7393]]],"crs":null}},{"type":"Feature","properties":{"id":54,"name":"Znojmo","active":true},"geometry":{"type":"Polygon","coordinates":[[[16.2464,49.0997],[16.2438,49.0933],[16.2453,49.0912],[16.2603,49.0978],[16.2749,49.0958],[16.2699,49.0847],[16.2725,49.0802],[16.281,49.0782],[16.2764,49.0733],[16.2813,49.0728],[16.2862,49.0774],[16.293,49.0758],[16.2952,49.0776],[16.3126,49.0788],[16.316,49.0807],[16.3235,49.0735],[16.327,49.0748],[16.3285,49.0685],[16.3347,49.067],[16.3369,49.0646],[16.3432,49.0637],[16.3462,49.0679],[16.3497,49.0681],[16.3593,49.0598],[16.3584,49.0566],[16.3637,49.0531],[16.366,49.0457],[16.3781,49.059],[16.395,49.0648],[16.4027,49.0648],[16.403,49.0622],[16.4195,49.0604],[16.4167,49.0572],[16.4242,49.0563],[16.4241,49.0506],[16.4385,49.0483],[16.4381,49.0466],[16.4427,49.0455],[16.4567,49.0378],[16.4544,49.0352],[16.4593,49.0328],[16.4534,49.029],[16.4625,49.0237],[16.4636,49.025],[16.4767,49.0133],[16.4734,49.0099],[16.4798,49.007],[16.4713,49.0026],[16.4696,48.9983],[16.466,48.9975],[16.4615,48.9933],[16.4759,48.9888],[16.4722,48.9837],[16.4832,48.9803],[16.4738,48.9714],[16.4546,48.968],[16.4591,48.9613],[16.4684,48.96],[16.4587,48.9508],[16.4522,48.9537],[16.4424,48.9448],[16.4372,48.9344],[16.4648,48.9295],[16.4694,48.9247],[16.4741,48.9231],[16.4752,48.9053],[16.4509,48.8982],[16.4324,48.8791],[16.4398,48.8753],[16.4335,48.864],[16.4289,48.8655],[16.4332,48.863],[16.4213,48.8489],[16.4258,48.8457],[16.4322,48.8364],[16.4323,48.8278],[16.4276,48.8212],[16.4481,48.8175],[16.4645,48.8099],[16.459,48.8081],[16.4628,48.8063],[16.461,48.8059],[16.4619,48.8047],[16.448,48.7985],[16.4479,48.7908],[16.4358,48.7782],[16.4352,48.7766],[16.4393,48.7744],[16.435,48.7657],[16.4275,48.7621],[16.4228,48.7621],[16.4192,48.7592],[16.4135,48.754],[16.4149,48.7534],[16.4126,48.7517],[16.4103,48.7433],[16.4043,48.7406],[16.4036,48.7422],[16.4006,48.7411],[16.4004,48.7394],[16.3952,48.7364],[16.3923,48.7392],[16.3888,48.7391],[16.3886,48.7356],[16.3831,48.7333],[16.3839,48.7308],[16.378,48.7285],[16.3774,48.731],[16.3665,48.7281],[16.3598,48.7281],[16.3598,48.731],[16.3582,48.7301],[16.3514,48.7337],[16.3567,48.7385],[16.3497,48.7422],[16.3455,48.741],[16.3428,48.7457],[16.3362,48.7323],[16.3299,48.7313],[16.3296,48.7326],[16.311,48.7337],[16.3023,48.7396],[16.299,48.7398],[16.2966,48.7377],[16.2779,48.7416],[16.2683,48.7414],[16.263,48.737],[16.2487,48.7397],[16.2241,48.7401],[16.2044,48.743],[16.189,48.7433],[16.154,48.7488],[16.1532,48.7453],[16.1499,48.7432],[16.1393,48.7454],[16.1389,48.7428],[16.118,48.7467],[16.1172,48.7483],[16.1118,48.7473],[16.112,48.7459],[16.1029,48.7454],[16.0805,48.7498],[16.021,48.7721],[15.9944,48.7794],[15.9865,48.7861],[15.9684,48.797],[15.9596,48.7985],[15.9496,48.8053],[15.952,48.814],[15.9599,48.8198],[15.9584,48.8231],[15.9467,48.8226],[15.9456,48.8237],[15.9479,48.8267],[15.9418,48.8278],[15.9402,48.8271],[15.9404,48.8195],[15.9346,48.8192],[15.9242,48.8246],[15.9267,48.8268],[15.9269,48.8307],[15.9309,48.8336],[15.9218,48.8351],[15.9198,48.8388],[15.907,48.8356],[15.8932,48.8347],[15.8909,48.8387],[15.8928,48.8434],[15.8973,48.8383],[15.9028,48.8375],[15.9052,48.8389],[15.8977,48.8484],[15.8935,48.8491],[15.8902,48.8431],[15.8846,48.8421],[15.8797,48.848],[15.8807,48.8556],[15.8769,48.8596],[15.8714,48.8603],[15.8713,48.8589],[15.8746,48.8581],[15.875,48.8551],[15.8643,48.8524],[15.8574,48.8578],[15.8427,48.8597],[15.8415,48.8621],[15.8504,48.8651],[15.8522,48.8672],[15.8437,48.873],[15.843,48.8747],[15.845,48.8757],[15.8415,48.8772],[15.8369,48.8769],[15.8328,48.8727],[15.8276,48.8711],[15.8217,48.8728],[15.8061,48.8723],[15.7795,48.8749],[15.7708,48.8642],[15.7537,48.8522],[15.7139,48.858],[15.7147,48.8597],[15.7091,48.8607],[15.6906,48.8556],[15.6865,48.8571],[15.6805,48.8638],[15.6717,48.8678],[15.6557,48.8815],[15.6389,48.8873],[15.636,48.8871],[15.6368,48.8847],[15.6303,48.8851],[15.6254,48.8889],[15.6255,48.8911],[15.6142,48.8977],[15.578,48.8959],[15.5595,48.9044],[15.5424,48.9078],[15.5466,48.9161],[15.5507,48.9177],[15.5496,48.9239],[15.5539,48.9247],[15.558,48.9224],[15.5607,48.9257],[15.563,48.9257],[15.5631,48.9276],[15.5697,48.9278],[15.5581,48.9295],[15.5608,48.9292],[15.5635,48.9321],[15.5692,48.9319],[15.5718,48.9375],[15.567,48.94],[15.5674,48.942],[15.5713,48.9423],[15.5738,48.9398],[15.5797,48.9386],[15.5794,48.943],[15.583,48.9435],[15.5893,48.9489],[15.5874,48.9494],[15.588,48.9552],[15.5966,48.9558],[15.5981,48.9532],[15.6042,48.9538],[15.6027,48.9574],[15.6114,48.9592],[15.6155,48.9563],[15.6172,48.9518],[15.6236,48.9502],[15.621,48.9458],[15.6238,48.9419],[15.631,48.941],[15.6374,48.9424],[15.638,48.9445],[15.6397,48.9444],[15.6428,48.9385],[15.6457,48.9376],[15.6482,48.9382],[15.6513,48.9431],[15.6504,48.9463],[15.6581,48.9479],[15.6571,48.9522],[15.6622,48.9528],[15.665,48.9562],[15.6626,48.9572],[15.6639,48.9593],[15.6594,48.9633],[15.6604,48.9646],[15.669,48.9657],[15.6741,48.9629],[15.6787,48.9637],[15.6799,48.9613],[15.6828,48.9609],[15.6907,48.9666],[15.7063,48.9678],[15.7066,48.9657],[15.7173,48.9618],[15.7196,48.9564],[15.7305,48.947],[15.7351,48.9512],[15.739,48.9518],[15.7375,48.9547],[15.7424,48.9587],[15.7392,48.9602],[15.7409,48.9623],[15.7375,48.9641],[15.7416,48.9632],[15.7456,48.9696],[15.7551,48.9664],[15.7581,48.9809],[15.762,48.9796],[15.7806,48.9801],[15.792,48.9842],[15.7949,48.9858],[15.7954,48.9918],[15.8018,48.9919],[15.8026,48.9944],[15.8055,48.9937],[15.8061,48.9949],[15.7968,48.9972],[15.7981,48.9992],[15.8036,49.0023],[15.8138,49.0046],[15.8186,49.011],[15.8274,49.0072],[15.8348,49.0133],[15.8481,49.0116],[15.8504,49.015],[15.8603,49.0107],[15.8673,49.0118],[15.8694,49.0104],[15.8668,49.007],[15.8753,49.0085],[15.8719,49.0123],[15.8739,49.0142],[15.8811,49.0144],[15.8767,49.0179],[15.8812,49.0201],[15.8765,49.0212],[15.8834,49.027],[15.8869,49.0329],[15.8841,49.0392],[15.8947,49.0394],[15.8985,49.0365],[15.9054,49.0355],[15.9105,49.0326],[15.9036,49.0323],[15.9026,49.0304],[15.909,49.0291],[15.9137,49.0306],[15.9173,49.029],[15.9243,49.0347],[15.9346,49.0388],[15.932,49.0427],[15.9337,49.0468],[15.9315,49.0511],[15.9458,49.0474],[15.9508,49.0519],[15.9613,49.0574],[15.9666,49.055],[15.9642,49.0519],[15.9677,49.0478],[15.9729,49.046],[15.9694,49.0437],[15.9723,49.0401],[15.9687,49.0392],[15.9729,49.0391],[15.9765,49.0363],[15.979,49.0374],[15.9782,49.0397],[15.9807,49.0397],[15.9847,49.0363],[15.9807,49.0363],[15.9833,49.0351],[15.9824,49.0333],[15.9974,49.0279],[16.0095,49.027],[16.0127,49.0291],[16.0215,49.0294],[16.0248,49.0363],[16.0333,49.0356],[16.0343,49.0407],[16.0301,49.0446],[16.0333,49.0472],[16.0369,49.0461],[16.0386,49.0418],[16.0444,49.0422],[16.0462,49.0401],[16.0544,49.0422],[16.0563,49.0395],[16.0633,49.0358],[16.067,49.0354],[16.0692,49.0381],[16.0757,49.0391],[16.0774,49.036],[16.0858,49.0309],[16.0882,49.0321],[16.0841,49.0357],[16.086,49.0393],[16.0966,49.0387],[16.0994,49.0364],[16.1,49.04],[16.1038,49.0408],[16.1153,49.0385],[16.1176,49.0363],[16.1184,49.0381],[16.1248,49.0398],[16.1206,49.041],[16.1252,49.0444],[16.124,49.0456],[16.1292,49.046],[16.1308,49.0436],[16.1341,49.0434],[16.1465,49.0479],[16.1441,49.0503],[16.1391,49.051],[16.1389,49.0546],[16.1329,49.0551],[16.129,49.0578],[16.1345,49.0634],[16.1325,49.0641],[16.1331,49.0658],[16.1358,49.0643],[16.137,49.0679],[16.1458,49.0683],[16.15,49.0713],[16.1562,49.0695],[16.1609,49.0734],[16.1745,49.0723],[16.177,49.0714],[16.1761,49.07],[16.1795,49.0692],[16.1823,49.0704],[16.1831,49.0714],[16.1805,49.0719],[16.1836,49.0737],[16.1891,49.0709],[16.198,49.0741],[16.211,49.0716],[16.216,49.0758],[16.2123,49.0766],[16.2268,49.0837],[16.2274,49.0866],[16.2231,49.0874],[16.2164,49.0925],[16.2204,49.0972],[16.2266,49.0989],[16.2333,49.098],[16.2387,49.0982],[16.2405,49.1],[16.2464,49.0997]]],"crs":null}},{"type":"Feature","properties":{"id":57,"name":"Vyškov","active":true},"geometry":{"type":"MultiPolygon","coordinates":[[[[16.8369,49.3765],[16.8404,49.3702],[16.84,49.3665],[16.8461,49.3624],[16.8524,49.361],[16.8584,49.3564],[16.8771,49.35],[16.8843,49.3438],[16.8968,49.3407],[16.899,49.338],[16.9049,49.3353],[16.9071,49.3357],[16.9134,49.3319],[16.9164,49.3329],[16.9162,49.3393],[16.9224,49.338],[16.9219,49.3366],[16.9277,49.3379],[16.9327,49.3369],[16.9311,49.3346],[16.9346,49.3317],[16.9439,49.3285],[16.9455,49.3248],[16.9517,49.3244],[16.9668,49.313],[16.9742,49.3158],[16.9759,49.3143],[16.9811,49.3153],[16.9801,49.3197],[16.9828,49.3246],[16.9869,49.3235],[16.9908,49.3267],[16.9892,49.3273],[16.9912,49.3284],[16.9843,49.3299],[16.9873,49.3319],[16.985,49.3323],[16.9878,49.3354],[16.9897,49.3357],[16.9935,49.333],[16.9964,49.3344],[17.0098,49.3271],[17.0113,49.3275],[17.0075,49.3304],[17.0088,49.3315],[17.0152,49.3335],[17.0174,49.332],[17.0171,49.3348],[17.0124,49.3353],[17.0095,49.3389],[16.9999,49.3426],[17.0029,49.3456],[17.0079,49.3429],[17.0081,49.3449],[17.0222,49.3426],[17.0294,49.3373],[17.027,49.3357],[17.0401,49.3321],[17.0432,49.3327],[17.044,49.3362],[17.0473,49.3373],[17.0468,49.3403],[17.0541,49.3414],[17.0448,49.3448],[17.0467,49.3483],[17.0455,49.3524],[17.0353,49.3594],[17.0398,49.3584],[17.0462,49.354],[17.061,49.3526],[17.0615,49.3488],[17.0732,49.3458],[17.072,49.3446],[17.0748,49.3435],[17.0798,49.3443],[17.0926,49.3396],[17.0886,49.3353],[17.0884,49.3263],[17.0824,49.326],[17.0831,49.324],[17.078,49.3239],[17.0745,49.3199],[17.0685,49.3221],[17.0696,49.316],[17.064,49.3146],[17.0672,49.3082],[17.0649,49.3079],[17.065,49.3049],[17.0749,49.3001],[17.0743,49.2982],[17.083,49.292],[17.0859,49.294],[17.0933,49.2849],[17.1016,49.2869],[17.1011,49.2784],[17.1049,49.2776],[17.1054,49.276],[17.1035,49.2735],[17.1068,49.2699],[17.1104,49.2705],[17.1092,49.2694],[17.1113,49.2694],[17.1098,49.2608],[17.114,49.2465],[17.1199,49.2454],[17.1241,49.2404],[17.1199,49.2195],[17.1069,49.218],[17.1087,49.2123],[17.1143,49.2057],[17.1031,49.1967],[17.1008,49.1928],[17.0945,49.1924],[17.0943,49.1903],[17.0894,49.1889],[17.0793,49.1884],[17.078,49.1856],[17.0694,49.183],[17.0678,49.1841],[17.0651,49.1823],[17.0604,49.186],[17.0616,49.1865],[17.0567,49.1889],[17.0547,49.1869],[17.0531,49.188],[17.0426,49.1847],[17.0417,49.186],[17.0479,49.1881],[17.0453,49.1911],[17.0392,49.1882],[17.0433,49.1831],[17.0467,49.1834],[17.0472,49.1765],[17.0499,49.1765],[17.0492,49.1724],[17.0457,49.1697],[17.0488,49.1668],[17.0474,49.1629],[17.0496,49.161],[17.0416,49.1584],[17.0357,49.1533],[17.0404,49.1504],[17.0461,49.1403],[17.0417,49.14],[17.0379,49.1422],[17.0359,49.1388],[17.0388,49.139],[17.0401,49.1345],[17.0363,49.1337],[17.0352,49.1263],[17.0331,49.1277],[17.0294,49.1271],[17.0271,49.1238],[17.0231,49.1233],[17.0155,49.1173],[17.0165,49.1141],[17.0148,49.1121],[17.0182,49.1054],[17.017,49.1014],[17.0199,49.0949],[17.0206,49.0822],[17.0127,49.0831],[17.0107,49.0813],[17.0066,49.0814],[17.0087,49.0878],[17.0043,49.0836],[16.9882,49.0862],[16.981,49.0904],[16.9753,49.0857],[16.9618,49.0841],[16.9566,49.0817],[16.9485,49.0856],[16.9416,49.084],[16.937,49.0851],[16.9321,49.0828],[16.9242,49.073],[16.9162,49.0721],[16.9168,49.0675],[16.8996,49.0619],[16.8877,49.0615],[16.8829,49.0598],[16.8742,49.0507],[16.8602,49.0509],[16.8619,49.0491],[16.8555,49.0514],[16.8417,49.0432],[16.8418,49.0418],[16.826,49.0412],[16.8167,49.0441],[16.8101,49.0487],[16.8092,49.0522],[16.803,49.0521],[16.8,49.0422],[16.7953,49.0407],[16.792,49.0339],[16.7903,49.0345],[16.7827,49.027],[16.7825,49.0309],[16.758,49.026],[16.743,49.0308],[16.726,49.0391],[16.7252,49.0379],[16.7198,49.0429],[16.7134,49.0402],[16.7044,49.0326],[16.6989,49.0362],[16.6908,49.0307],[16.6842,49.0328],[16.6571,49.0361],[16.6513,49.0344],[16.6515,49.0329],[16.6426,49.0319],[16.6426,49.029],[16.6339,49.0218],[16.6383,49.0205],[16.6361,49.0196],[16.6256,49.025],[16.6224,49.023],[16.6194,49.0276],[16.6148,49.028],[16.6053,49.0345],[16.609,49.0372],[16.6008,49.0403],[16.6038,49.0421],[16.6036,49.0452],[16.6014,49.0466],[16.5945,49.0496],[16.5915,49.043],[16.5876,49.0461],[16.5832,49.0471],[16.5878,49.0485],[16.577,49.0534],[16.5765,49.0552],[16.5789,49.0564],[16.5742,49.0583],[16.5801,49.0643],[16.5729,49.068],[16.5788,49.0742],[16.5732,49.0765],[16.5788,49.0817],[16.5701,49.0882],[16.5707,49.0913],[16.5651,49.0939],[16.5821,49.1038],[16.5847,49.1043],[16.5895,49.1013],[16.595,49.1049],[16.5991,49.1049],[16.599,49.1033],[16.6022,49.103],[16.6024,49.1046],[16.6058,49.1052],[16.6064,49.1081],[16.6353,49.11],[16.6322,49.1165],[16.6379,49.1185],[16.6618,49.1146],[16.6798,49.1155],[16.6808,49.1192],[16.6839,49.1191],[16.6862,49.126],[16.6897,49.1247],[16.6969,49.1283],[16.7,49.1268],[16.7063,49.1282],[16.7091,49.1435],[16.712,49.1435],[16.7124,49.1456],[16.7039,49.1443],[16.7002,49.1485],[16.6955,49.1633],[16.7048,49.172],[16.6942,49.1764],[16.6944,49.1851],[16.7052,49.1869],[16.7084,49.1881],[16.7073,49.1899],[16.7208,49.1934],[16.7174,49.1963],[16.7185,49.1989],[16.7167,49.2037],[16.7185,49.2075],[16.7131,49.2097],[16.7121,49.2118],[16.7143,49.2134],[16.7181,49.2131],[16.7199,49.2171],[16.7132,49.2197],[16.7149,49.221],[16.7188,49.2199],[16.7155,49.2266],[16.7206,49.2304],[16.7198,49.2329],[16.7228,49.2332],[16.7278,49.2371],[16.7242,49.2449],[16.7135,49.2439],[16.7116,49.2401],[16.7087,49.2407],[16.7063,49.2331],[16.6874,49.2245],[16.6798,49.2172],[16.6682,49.2218],[16.6647,49.225],[16.668,49.23],[16.6733,49.2336],[16.6681,49.2344],[16.6651,49.2392],[16.6478,49.2453],[16.644,49.2451],[16.6416,49.2473],[16.6431,49.2509],[16.6477,49.2512],[16.6427,49.2621],[16.6358,49.2683],[16.6281,49.2689],[16.6236,49.2748],[16.6197,49.2744],[16.6176,49.2781],[16.6236,49.2801],[16.6234,49.2831],[16.6338,49.2816],[16.649,49.2868],[16.6558,49.2844],[16.6662,49.2846],[16.673,49.2907],[16.6643,49.2966],[16.6709,49.2945],[16.6645,49.2982],[16.669,49.2986],[16.6654,49.302],[16.6688,49.3044],[16.6678,49.3068],[16.6701,49.3111],[16.6726,49.3098],[16.6737,49.3061],[16.6801,49.306],[16.6861,49.3086],[16.6912,49.3082],[16.6938,49.3054],[16.6983,49.304],[16.7005,49.3049],[16.7015,49.2996],[16.7133,49.2933],[16.7195,49.2948],[16.7248,49.2915],[16.7313,49.292],[16.7332,49.2938],[16.7388,49.2902],[16.7477,49.2893],[16.7525,49.2867],[16.7562,49.2879],[16.7557,49.2902],[16.7582,49.2899],[16.7593,49.2877],[16.7637,49.2873],[16.7645,49.2893],[16.7724,49.2884],[16.7737,49.2913],[16.779,49.2919],[16.7836,49.2887],[16.7969,49.2882],[16.7998,49.284],[16.8039,49.283],[16.8068,49.2835],[16.8128,49.2885],[16.8236,49.292],[16.8361,49.2914],[16.8447,49.2977],[16.8296,49.303],[16.8247,49.3028],[16.8219,49.3059],[16.8176,49.3066],[16.8157,49.3105],[16.8064,49.3117],[16.8078,49.3174],[16.8151,49.3199],[16.8183,49.329],[16.8227,49.3297],[16.8283,49.3345],[16.8387,49.3351],[16.8418,49.3371],[16.8385,49.3388],[16.8313,49.3385],[16.8304,49.3401],[16.8327,49.3421],[16.8294,49.3543],[16.8142,49.3677],[16.8171,49.3748],[16.8265,49.3795],[16.8369,49.3765]]],[[[17.0159,49.3774],[17.0223,49.3755],[17.0247,49.3702],[17.0475,49.3677],[17.048,49.366],[17.0512,49.3654],[17.0485,49.3606],[17.0412,49.3587],[17.0403,49.361],[17.038,49.359],[17.0306,49.3622],[17.0281,49.3679],[17.0217,49.3669],[17.0225,49.3645],[17.0175,49.3614],[17.0083,49.362],[17.0079,49.3644],[17.0032,49.3661],[17.0034,49.3682],[17.0054,49.3687],[17.0015,49.3692],[17.0014,49.3714],[17.0056,49.372],[17.0137,49.3804],[17.0159,49.3795],[17.0159,49.3774]]],[[[16.8836,49.3947],[16.8869,49.3937],[16.8911,49.3892],[16.8885,49.3827],[16.8977,49.3755],[16.8891,49.3749],[16.8996,49.3679],[16.8973,49.3669],[16.8978,49.3645],[16.8907,49.3671],[16.8888,49.3645],[16.8902,49.3639],[16.8875,49.363],[16.8905,49.3598],[16.8821,49.3638],[16.8786,49.3639],[16.8779,49.3607],[16.8763,49.3611],[16.8753,49.3657],[16.8689,49.3712],[16.8592,49.373],[16.8616,49.3756],[16.8581,49.3801],[16.8628,49.3872],[16.8699,49.3914],[16.8756,49.3975],[16.8815,49.3998],[16.8863,49.3989],[16.893,49.403],[16.8836,49.3947]]],[[[16.9069,49.4159],[16.9105,49.4119],[16.9102,49.4096],[16.9188,49.4048],[16.9179,49.4022],[16.9115,49.4021],[16.909,49.3979],[16.8943,49.4058],[16.8944,49.411],[16.8919,49.4076],[16.894,49.41],[16.8915,49.4128],[16.8936,49.4173],[16.8971,49.4165],[16.9031,49.4191],[16.9069,49.4159]]]],"crs":null}},{"type":"Feature","properties":{"id":60,"name":"Brno-město","active":true},"geometry":{"type":"Polygon","coordinates":[[[16.6021,49.29],[16.6196,49.2912],[16.6222,49.2859],[16.63,49.2855],[16.6264,49.2862],[16.6302,49.2909],[16.6301,49.2944],[16.6414,49.2879],[16.649,49.2868],[16.6338,49.2816],[16.6234,49.2831],[16.6236,49.2801],[16.6176,49.2781],[16.6197,49.2744],[16.6236,49.2748],[16.6281,49.2689],[16.6358,49.2683],[16.6427,49.2621],[16.6477,49.2512],[16.6431,49.2509],[16.6416,49.2473],[16.6315,49.2494],[16.6271,49.2487],[16.6255,49.2456],[16.6281,49.242],[16.6311,49.2413],[16.6299,49.2395],[16.6325,49.2368],[16.6295,49.2354],[16.6315,49.2315],[16.6351,49.2298],[16.6339,49.2264],[16.6373,49.2252],[16.6363,49.223],[16.639,49.2182],[16.6424,49.2162],[16.6365,49.2086],[16.6329,49.2082],[16.6283,49.2032],[16.6292,49.1982],[16.626,49.1995],[16.6222,49.1987],[16.622,49.2021],[16.6155,49.2015],[16.6096,49.2096],[16.6047,49.2077],[16.6029,49.2104],[16.5951,49.2085],[16.5937,49.2111],[16.5834,49.2055],[16.5826,49.2033],[16.5795,49.2043],[16.5751,49.2018],[16.5722,49.2035],[16.5692,49.2002],[16.5675,49.2009],[16.5659,49.1933],[16.5614,49.1947],[16.5596,49.198],[16.553,49.1998],[16.5518,49.2014],[16.5494,49.2021],[16.549,49.2002],[16.5433,49.2002],[16.5352,49.2032],[16.5373,49.2078],[16.5344,49.2103],[16.5247,49.209],[16.5233,49.2109],[16.5264,49.2119],[16.5279,49.2185],[16.537,49.2202],[16.5346,49.2258],[16.5384,49.2298],[16.5362,49.233],[16.5402,49.239],[16.5344,49.2419],[16.5281,49.2509],[16.532,49.2523],[16.532,49.2549],[16.5385,49.2554],[16.54,49.2506],[16.5427,49.2525],[16.5417,49.2555],[16.5495,49.2593],[16.5525,49.2584],[16.5529,49.2528],[16.5621,49.2535],[16.5581,49.2564],[16.5582,49.2588],[16.56,49.259],[16.5584,49.2606],[16.562,49.2612],[16.5609,49.2635],[16.5561,49.2638],[16.5533,49.2658],[16.5628,49.2654],[16.5612,49.2684],[16.5646,49.2717],[16.5695,49.27],[16.575,49.2709],[16.5777,49.2741],[16.5746,49.2756],[16.5754,49.2769],[16.5804,49.2772],[16.5788,49.283],[16.5885,49.2834],[16.5903,49.2856],[16.5949,49.2858],[16.5992,49.2936],[16.6021,49.29]]],"crs":null}},{"type":"Feature","properties":{"id":63,"name":"Přerov","active":true},"geometry":{"type":"Polygon","coordinates":[[[17.7921,49.758],[17.7936,49.753],[17.8036,49.7484],[17.8061,49.7415],[17.8172,49.7412],[17.8348,49.7333],[17.8177,49.7344],[17.824,49.7335],[17.824,49.7324],[17.8321,49.73],[17.8199,49.7183],[17.8172,49.7104],[17.8192,49.7077],[17.8263,49.7049],[17.8264,49.7067],[17.8361,49.7089],[17.8431,49.7136],[17.8592,49.7139],[17.8628,49.7106],[17.8696,49.7093],[17.8671,49.7064],[17.8697,49.6986],[17.8635,49.6912],[17.8638,49.6893],[17.8663,49.6886],[17.8652,49.6827],[17.8744,49.6809],[17.8825,49.6827],[17.8836,49.6806],[17.9139,49.6849],[17.9278,49.6805],[17.9352,49.6716],[17.9615,49.6608],[17.9664,49.6602],[17.9686,49.6575],[17.9721,49.6579],[17.9724,49.6555],[17.9702,49.6559],[17.9684,49.653],[17.9665,49.6534],[17.9677,49.6524],[17.9643,49.6479],[17.9584,49.6463],[17.9576,49.6421],[17.9559,49.6421],[17.9571,49.6404],[17.9505,49.6388],[17.9489,49.6356],[17.9466,49.635],[17.9471,49.6334],[17.9458,49.6341],[17.9445,49.6327],[17.9455,49.6312],[17.9438,49.6315],[17.9392,49.6279],[17.9417,49.6257],[17.9396,49.6247],[17.9415,49.6221],[17.9377,49.6213],[17.9322,49.6243],[17.9297,49.622],[17.9316,49.6184],[17.9268,49.6144],[17.9289,49.6092],[17.9357,49.6055],[17.9414,49.5992],[17.951,49.6001],[17.9604,49.5884],[17.9652,49.5899],[17.9684,49.5883],[17.9763,49.5803],[17.9761,49.5785],[17.9883,49.5695],[17.9815,49.5666],[17.9732,49.5681],[17.9717,49.5671],[17.974,49.5631],[17.983,49.5567],[17.9793,49.553],[17.9692,49.5479],[17.964,49.5425],[17.9675,49.5402],[17.967,49.5351],[17.9626,49.5359],[17.963,49.5373],[17.9567,49.5398],[17.9168,49.5382],[17.9122,49.5254],[17.8995,49.5174],[17.9009,49.5116],[17.8867,49.5086],[17.8795,49.5135],[17.874,49.5115],[17.8718,49.5138],[17.8628,49.5153],[17.8639,49.5182],[17.8525,49.5183],[17.8478,49.5203],[17.8452,49.5235],[17.8373,49.522],[17.8421,49.5214],[17.8435,49.5182],[17.8395,49.513],[17.8415,49.5115],[17.8379,49.509],[17.8399,49.5068],[17.8389,49.504],[17.8202,49.5002],[17.8143,49.5027],[17.8104,49.4989],[17.8124,49.4953],[17.8087,49.491],[17.7907,49.4872],[17.7868,49.4884],[17.7873,49.4858],[17.7955,49.4793],[17.8005,49.4705],[17.7935,49.4689],[17.7954,49.4669],[17.7899,49.465],[17.7907,49.4625],[17.7777,49.458],[17.7788,49.4564],[17.7825,49.4571],[17.7816,49.4553],[17.7834,49.455],[17.7772,49.4485],[17.7802,49.441],[17.7744,49.4408],[17.7742,49.4373],[17.7687,49.4403],[17.7662,49.439],[17.7558,49.4405],[17.7516,49.4396],[17.7498,49.4371],[17.7399,49.4357],[17.7408,49.4344],[17.7392,49.434],[17.7338,49.4348],[17.7251,49.4392],[17.72,49.4378],[17.7175,49.439],[17.718,49.4406],[17.7099,49.444],[17.7136,49.4485],[17.7115,49.4484],[17.712,49.4509],[17.7064,49.4518],[17.7024,49.4556],[17.7011,49.4546],[17.6972,49.4563],[17.6921,49.4632],[17.6867,49.4593],[17.6811,49.4626],[17.6739,49.4612],[17.6716,49.4553],[17.6684,49.4556],[17.6703,49.451],[17.6672,49.4491],[17.6713,49.4426],[17.6644,49.4392],[17.6576,49.4407],[17.658,49.4421],[17.6523,49.4456],[17.6484,49.4518],[17.6394,49.4481],[17.6376,49.4499],[17.632,49.449],[17.6298,49.4459],[17.6246,49.4497],[17.621,49.447],[17.626,49.4441],[17.6232,49.4409],[17.6357,49.4346],[17.6355,49.4309],[17.6485,49.4223],[17.6441,49.4204],[17.6504,49.415],[17.6416,49.4087],[17.6342,49.4071],[17.6315,49.4042],[17.632,49.401],[17.6203,49.3968],[17.6148,49.3988],[17.611,49.3975],[17.6113,49.4004],[17.6081,49.3978],[17.6046,49.3995],[17.5995,49.3976],[17.5986,49.3999],[17.5909,49.3973],[17.5932,49.399],[17.5917,49.4042],[17.581,49.4076],[17.5479,49.4032],[17.5455,49.4058],[17.5346,49.4026],[17.5286,49.3963],[17.5233,49.3984],[17.523,49.4023],[17.5159,49.4011],[17.5161,49.3997],[17.5044,49.4012],[17.5144,49.3979],[17.509,49.394],[17.5154,49.3905],[17.515,49.3834],[17.5105,49.3786],[17.5053,49.3783],[17.4977,49.3701],[17.4737,49.3547],[17.4663,49.3698],[17.4638,49.3696],[17.4622,49.3728],[17.4585,49.3732],[17.4584,49.3749],[17.4489,49.3773],[17.4499,49.3801],[17.4465,49.3805],[17.4434,49.3787],[17.4353,49.3807],[17.429,49.3795],[17.4317,49.3756],[17.4297,49.3745],[17.4261,49.3791],[17.414,49.3777],[17.4151,49.3833],[17.4102,49.386],[17.4063,49.3845],[17.3903,49.388],[17.3896,49.3811],[17.3748,49.3801],[17.3739,49.3856],[17.3767,49.3895],[17.3764,49.3978],[17.3791,49.4015],[17.3856,49.4052],[17.3781,49.407],[17.3696,49.4129],[17.3704,49.4154],[17.3739,49.4154],[17.399,49.4288],[17.3953,49.4306],[17.3981,49.4335],[17.4017,49.4327],[17.4005,49.4382],[17.4153,49.4419],[17.4138,49.4463],[17.4063,49.4462],[17.398,49.4427],[17.4003,49.4404],[17.3967,49.4387],[17.3974,49.4361],[17.3932,49.4348],[17.3942,49.4328],[17.3855,49.431],[17.3866,49.4286],[17.3812,49.4274],[17.3786,49.4327],[17.3715,49.4312],[17.375,49.4472],[17.3706,49.4481],[17.374,49.4502],[17.3773,49.4493],[17.3844,49.4544],[17.3896,49.4527],[17.3945,49.4537],[17.391,49.4549],[17.3925,49.458],[17.4018,49.4629],[17.4109,49.4647],[17.4101,49.472],[17.4022,49.4718],[17.4029,49.4764],[17.3983,49.4761],[17.3986,49.4812],[17.396,49.4826],[17.3849,49.4842],[17.383,49.4829],[17.3844,49.48],[17.3827,49.4794],[17.3662,49.4852],[17.3528,49.4871],[17.355,49.4876],[17.3524,49.4903],[17.3527,49.4937],[17.3545,49.4938],[17.3512,49.4963],[17.3661,49.504],[17.3577,49.5077],[17.3637,49.5112],[17.359,49.5143],[17.3566,49.5192],[17.361,49.5236],[17.3631,49.5211],[17.3729,49.5206],[17.3769,49.5148],[17.382,49.5156],[17.3842,49.5179],[17.3872,49.5166],[17.3966,49.5215],[17.3952,49.5237],[17.4078,49.527],[17.4126,49.5265],[17.4133,49.5283],[17.4334,49.5279],[17.4329,49.521],[17.4405,49.5201],[17.4463,49.5213],[17.4482,49.5193],[17.4498,49.5199],[17.4489,49.5238],[17.4563,49.5292],[17.4598,49.5293],[17.4603,49.5321],[17.4566,49.5354],[17.457,49.5421],[17.4547,49.54],[17.4576,49.5455],[17.4505,49.5482],[17.4516,49.551],[17.449,49.5516],[17.4538,49.5524],[17.4536,49.5552],[17.4582,49.5541],[17.4585,49.5571],[17.4541,49.5597],[17.4661,49.569],[17.4861,49.5663],[17.4856,49.5644],[17.4911,49.5597],[17.4992,49.5694],[17.5031,49.5703],[17.5026,49.5712],[17.5091,49.5745],[17.5128,49.5746],[17.4979,49.5673],[17.5003,49.5627],[17.5037,49.561],[17.5034,49.5623],[17.5063,49.5625],[17.5203,49.5559],[17.5229,49.5587],[17.5334,49.5557],[17.5318,49.5523],[17.5362,49.5507],[17.5403,49.554],[17.5482,49.5518],[17.5584,49.5608],[17.5739,49.5676],[17.5744,49.5664],[17.5778,49.5681],[17.5812,49.5675],[17.583,49.5702],[17.5877,49.5673],[17.5892,49.5641],[17.5935,49.5646],[17.5911,49.5711],[17.5951,49.5728],[17.6058,49.5704],[17.6143,49.5715],[17.6143,49.5692],[17.6194,49.5687],[17.6181,49.5694],[17.6213,49.5702],[17.622,49.5726],[17.6156,49.5792],[17.6162,49.5853],[17.6174,49.5841],[17.6198,49.5846],[17.6169,49.5785],[17.6209,49.5755],[17.6234,49.5708],[17.6278,49.5707],[17.6279,49.5749],[17.6232,49.5794],[17.6277,49.5803],[17.6268,49.584],[17.632,49.585],[17.6307,49.587],[17.6322,49.5877],[17.6267,49.5896],[17.629,49.5921],[17.624,49.5918],[17.6242,49.5932],[17.6213,49.5937],[17.621,49.5964],[17.6231,49.5975],[17.6198,49.5993],[17.618,49.6052],[17.613,49.6082],[17.6187,49.6133],[17.6185,49.6159],[17.6104,49.6206],[17.6085,49.6189],[17.6029,49.6183],[17.5998,49.6234],[17.6047,49.6264],[17.6033,49.6278],[17.612,49.6356],[17.6156,49.6338],[17.614,49.6322],[17.6202,49.6302],[17.6242,49.6312],[17.6264,49.6298],[17.6311,49.6314],[17.6299,49.6341],[17.6263,49.6345],[17.6311,49.646],[17.639,49.6501],[17.6421,49.6531],[17.6414,49.6555],[17.6476,49.6562],[17.6456,49.6586],[17.6486,49.6608],[17.6523,49.6768],[17.645,49.6874],[17.6542,49.6908],[17.6495,49.6962],[17.6547,49.7019],[17.6611,49.7027],[17.6617,49.7074],[17.6829,49.7088],[17.6853,49.7147],[17.6979,49.7252],[17.7091,49.7244],[17.7155,49.7282],[17.7205,49.7218],[17.728,49.7238],[17.7317,49.7212],[17.7325,49.7227],[17.7294,49.7263],[17.7345,49.7312],[17.7482,49.7349],[17.7595,49.732],[17.762,49.7336],[17.7667,49.7334],[17.7748,49.7467],[17.7684,49.7469],[17.768,49.7484],[17.7755,49.7557],[17.7812,49.7585],[17.7921,49.758]]],"crs":null}},{"type":"Feature","properties":{"id":66,"name":"Litovel","active":true},"geometry":{"type":"Polygon","coordinates":[[[16.78,49.929],[16.7803,49.9264],[16.7824,49.9277],[16.7866,49.9264],[16.7851,49.924],[16.7883,49.9213],[16.7846,49.9195],[16.7883,49.9173],[16.7952,49.9163],[16.7966,49.9185],[16.8042,49.9171],[16.8078,49.9211],[16.8103,49.9215],[16.8094,49.9231],[16.8123,49.924],[16.8129,49.9267],[16.8213,49.9257],[16.8195,49.9227],[16.8266,49.919],[16.8234,49.9166],[16.8247,49.9117],[16.8334,49.9098],[16.8342,49.9114],[16.8351,49.9084],[16.8381,49.9074],[16.8384,49.9045],[16.8524,49.903],[16.8833,49.8949],[16.8889,49.9],[16.8971,49.8971],[16.902,49.8975],[16.9074,49.8933],[16.9151,49.8925],[16.9229,49.8776],[16.9371,49.8781],[16.9351,49.8764],[16.9371,49.8743],[16.9388,49.8757],[16.9427,49.8746],[16.9438,49.871],[16.9461,49.8725],[16.9465,49.8711],[16.9424,49.8693],[16.9419,49.865],[16.9465,49.8615],[16.9448,49.8602],[16.9511,49.862],[16.9524,49.861],[16.9535,49.8631],[16.9532,49.8603],[16.9599,49.8642],[16.98,49.8513],[16.9779,49.8463],[16.9844,49.8438],[16.9829,49.8426],[16.9849,49.8414],[16.9934,49.8391],[16.9973,49.8389],[17.0006,49.8458],[17.0058,49.847],[17.0074,49.8506],[17.0156,49.8511],[17.0198,49.8488],[17.0211,49.854],[17.0223,49.8517],[17.0264,49.8522],[17.028,49.8544],[17.0397,49.8463],[17.0417,49.85],[17.0497,49.8515],[17.0541,49.8554],[17.0535,49.8654],[17.0568,49.8683],[17.0799,49.8606],[17.0862,49.8621],[17.092,49.8613],[17.0954,49.8628],[17.1028,49.8569],[17.1014,49.8504],[17.1065,49.853],[17.1046,49.8494],[17.1079,49.8481],[17.1068,49.8465],[17.1254,49.8534],[17.1255,49.8573],[17.1281,49.8586],[17.1256,49.8614],[17.1288,49.8644],[17.1259,49.8673],[17.1307,49.8724],[17.1371,49.8751],[17.14,49.8735],[17.1443,49.8779],[17.1472,49.878],[17.1505,49.8764],[17.156,49.8767],[17.1617,49.8666],[17.1596,49.8646],[17.1607,49.8635],[17.1637,49.867],[17.1705,49.8645],[17.1723,49.8574],[17.1772,49.85],[17.1835,49.8473],[17.1852,49.8444],[17.1908,49.8476],[17.1921,49.8458],[17.1927,49.8501],[17.1952,49.8511],[17.2085,49.8482],[17.2074,49.8531],[17.2101,49.8544],[17.2164,49.8529],[17.2219,49.8606],[17.2251,49.8595],[17.2214,49.8431],[17.2175,49.8395],[17.2175,49.8368],[17.2117,49.8331],[17.2091,49.8275],[17.2089,49.8256],[17.2126,49.8252],[17.2163,49.8217],[17.2158,49.8183],[17.2222,49.8225],[17.2265,49.8215],[17.2267,49.8235],[17.2319,49.824],[17.2328,49.8259],[17.2381,49.8247],[17.2406,49.8263],[17.2465,49.8246],[17.2507,49.8253],[17.2546,49.8199],[17.2597,49.8207],[17.2661,49.8185],[17.2607,49.8264],[17.2613,49.8315],[17.2651,49.8351],[17.2847,49.838],[17.2929,49.8421],[17.2981,49.848],[17.3059,49.846],[17.3066,49.8517],[17.3113,49.8522],[17.3158,49.8564],[17.3273,49.8532],[17.3297,49.8586],[17.3356,49.8607],[17.3374,49.8595],[17.3324,49.855],[17.3368,49.8537],[17.3389,49.8576],[17.3559,49.8633],[17.3588,49.8624],[17.3643,49.8561],[17.3727,49.8545],[17.3761,49.8501],[17.3815,49.8486],[17.3735,49.8414],[17.3718,49.8348],[17.363,49.8259],[17.3564,49.8128],[17.3691,49.8047],[17.3698,49.8062],[17.3723,49.8054],[17.3749,49.8017],[17.3744,49.7982],[17.3763,49.7987],[17.3846,49.7945],[17.3873,49.7909],[17.3916,49.8022],[17.3926,49.8132],[17.3956,49.811],[17.4008,49.8105],[17.4041,49.8147],[17.4086,49.813],[17.4169,49.8146],[17.4084,49.8203],[17.4093,49.8225],[17.407,49.8237],[17.4104,49.8268],[17.4119,49.8274],[17.4156,49.825],[17.4209,49.8275],[17.422,49.8265],[17.4202,49.8254],[17.427,49.8264],[17.4293,49.8245],[17.4305,49.8279],[17.4247,49.8288],[17.4302,49.8353],[17.4405,49.8322],[17.4367,49.8284],[17.4347,49.8286],[17.4344,49.8255],[17.4379,49.8237],[17.4419,49.8264],[17.4458,49.8262],[17.4465,49.8284],[17.4502,49.8274],[17.4506,49.8322],[17.4523,49.8317],[17.454,49.8362],[17.4595,49.8357],[17.4627,49.8324],[17.4649,49.8384],[17.4637,49.8417],[17.4557,49.8463],[17.4539,49.8506],[17.4567,49.8552],[17.4506,49.8586],[17.448,49.8651],[17.4412,49.867],[17.4508,49.8745],[17.4576,49.8715],[17.4639,49.8722],[17.4669,49.8707],[17.4759,49.8737],[17.4721,49.861],[17.4728,49.8563],[17.48,49.8556],[17.4874,49.8525],[17.4859,49.8497],[17.4881,49.8495],[17.4904,49.8399],[17.4889,49.8378],[17.4804,49.8386],[17.4792,49.8357],[17.4831,49.8338],[17.4808,49.8319],[17.4871,49.8279],[17.4857,49.8254],[17.4833,49.8255],[17.4929,49.8218],[17.4924,49.82],[17.4947,49.8184],[17.4899,49.8159],[17.4917,49.8146],[17.5002,49.8184],[17.5058,49.8167],[17.5049,49.8129],[17.5067,49.8111],[17.4978,49.806],[17.501,49.7998],[17.5002,49.7986],[17.494,49.7988],[17.5122,49.7949],[17.5113,49.7927],[17.5179,49.7934],[17.525,49.7904],[17.5211,49.7874],[17.5201,49.7805],[17.5261,49.7748],[17.5277,49.7706],[17.5178,49.7616],[17.5166,49.7576],[17.5223,49.7539],[17.5288,49.7521],[17.5239,49.7487],[17.5257,49.7463],[17.5197,49.7402],[17.513,49.7422],[17.4948,49.744],[17.4837,49.7578],[17.479,49.7585],[17.4769,49.7563],[17.4736,49.7566],[17.4474,49.7622],[17.4314,49.7557],[17.4232,49.7569],[17.4223,49.7537],[17.4251,49.7508],[17.4227,49.7504],[17.4214,49.7456],[17.4253,49.7421],[17.4241,49.7391],[17.4274,49.7358],[17.4242,49.7326],[17.4189,49.7309],[17.4231,49.7262],[17.4142,49.7215],[17.4141,49.7201],[17.408,49.7264],[17.3849,49.7292],[17.3673,49.7233],[17.3611,49.7184],[17.3572,49.7174],[17.3571,49.7136],[17.3603,49.7136],[17.3625,49.7118],[17.3599,49.7104],[17.361,49.7054],[17.3566,49.7038],[17.3594,49.6971],[17.3562,49.6934],[17.3607,49.6911],[17.3589,49.688],[17.3597,49.6842],[17.3475,49.6813],[17.3497,49.6745],[17.3473,49.6707],[17.3497,49.6696],[17.3466,49.6675],[17.3395,49.6663],[17.3437,49.6652],[17.3164,49.6544],[17.3002,49.6513],[17.2934,49.6466],[17.2775,49.6454],[17.2723,49.6475],[17.2645,49.6405],[17.2602,49.6401],[17.2618,49.6388],[17.2605,49.6362],[17.2515,49.6355],[17.2489,49.6296],[17.2436,49.639],[17.2457,49.6399],[17.2437,49.6408],[17.2442,49.66],[17.2406,49.662],[17.2222,49.6489],[17.225,49.644],[17.2224,49.6428],[17.2257,49.6393],[17.2307,49.6383],[17.2314,49.6357],[17.2286,49.633],[17.2316,49.6328],[17.2334,49.631],[17.2347,49.6282],[17.232,49.6268],[17.2341,49.6247],[17.232,49.6243],[17.2348,49.6238],[17.2345,49.6213],[17.2165,49.6252],[17.2112,49.6224],[17.2084,49.6235],[17.2067,49.622],[17.1975,49.6254],[17.1941,49.6215],[17.1883,49.621],[17.1725,49.6292],[17.1718,49.6262],[17.1692,49.6252],[17.1724,49.6236],[17.161,49.6153],[17.1584,49.6155],[17.1579,49.6106],[17.1668,49.61],[17.1711,49.6073],[17.184,49.6053],[17.1741,49.6038],[17.173,49.6],[17.1676,49.5985],[17.1683,49.5866],[17.172,49.5824],[17.1626,49.5817],[17.1664,49.5764],[17.2007,49.5866],[17.2026,49.5837],[17.2078,49.5847],[17.2095,49.5814],[17.2142,49.5809],[17.2004,49.5738],[17.2018,49.5653],[17.1834,49.559],[17.1862,49.5567],[17.1836,49.555],[17.1897,49.5475],[17.2028,49.55],[17.2054,49.5491],[17.2102,49.5527],[17.2187,49.5474],[17.2104,49.5293],[17.1886,49.5222],[17.1848,49.5258],[17.1801,49.5363],[17.174,49.5375],[17.179,49.5433],[17.1647,49.549],[17.1636,49.5543],[17.1525,49.5476],[17.1533,49.5468],[17.1333,49.5455],[17.1294,49.5308],[17.1216,49.53],[17.1084,49.5447],[17.1029,49.5442],[17.1018,49.555],[17.0925,49.5531],[17.0719,49.5596],[17.0699,49.5552],[17.0637,49.5563],[17.06,49.5526],[17.0617,49.5551],[17.0496,49.5565],[17.0466,49.5597],[17.0389,49.5578],[17.0361,49.5597],[17.0404,49.5624],[17.0316,49.564],[17.0301,49.5732],[17.0196,49.5784],[17.0166,49.5831],[17.0189,49.5863],[17.0159,49.5871],[17.0076,49.5943],[17.0069,49.5971],[17.0102,49.6003],[17.0066,49.6066],[16.9974,49.6058],[16.9958,49.6077],[16.9893,49.6059],[16.9861,49.6074],[16.9884,49.6086],[16.9844,49.6091],[16.9815,49.6135],[16.9757,49.6166],[16.9771,49.6209],[16.9732,49.6235],[16.9796,49.6355],[16.9665,49.638],[16.9609,49.6417],[16.9595,49.6451],[16.9557,49.6445],[16.9552,49.6412],[16.951,49.6413],[16.9477,49.6394],[16.9252,49.6397],[16.9193,49.6466],[16.9212,49.651],[16.9179,49.6578],[16.9243,49.6599],[16.9159,49.6627],[16.9125,49.662],[16.9124,49.6638],[16.9147,49.6642],[16.912,49.6654],[16.9085,49.6584],[16.9066,49.6603],[16.9077,49.662],[16.9052,49.6635],[16.9037,49.6605],[16.9059,49.6563],[16.9049,49.6529],[16.9018,49.6515],[16.8966,49.6536],[16.8946,49.6627],[16.8909,49.6629],[16.888,49.6607],[16.8852,49.6634],[16.8791,49.6631],[16.8786,49.6658],[16.8734,49.6638],[16.8695,49.6678],[16.8669,49.6669],[16.8639,49.6737],[16.8605,49.6749],[16.8584,49.6726],[16.855,49.6725],[16.8541,49.67],[16.8504,49.6716],[16.8463,49.6681],[16.8289,49.6676],[16.8266,49.6709],[16.8321,49.6738],[16.8393,49.6745],[16.8421,49.6791],[16.846,49.6811],[16.843,49.6849],[16.8484,49.7027],[16.8469,49.7046],[16.8399,49.7058],[16.8475,49.7159],[16.8428,49.7189],[16.846,49.7213],[16.8377,49.7235],[16.831,49.7295],[16.8284,49.7282],[16.82,49.7292],[16.8179,49.7268],[16.8149,49.7271],[16.8155,49.7319],[16.8058,49.7314],[16.8036,49.7271],[16.8003,49.7263],[16.7983,49.7275],[16.7918,49.7266],[16.7888,49.7291],[16.7899,49.7311],[16.7983,49.7349],[16.8001,49.7396],[16.8068,49.7409],[16.8131,49.7486],[16.798,49.7542],[16.792,49.759],[16.7979,49.7613],[16.7968,49.765],[16.8031,49.7673],[16.7988,49.7711],[16.8013,49.7727],[16.7989,49.7748],[16.791,49.7743],[16.7857,49.776],[16.7662,49.7915],[16.7612,49.7975],[16.7621,49.8003],[16.7559,49.8052],[16.7595,49.8103],[16.757,49.8156],[16.7606,49.8183],[16.7543,49.8202],[16.7519,49.824],[16.7452,49.8256],[16.745,49.8277],[16.7405,49.8266],[16.7367,49.8297],[16.7377,49.8413],[16.7383,49.8399],[16.74,49.8404],[16.7394,49.843],[16.7354,49.8453],[16.7396,49.8486],[16.7377,49.8516],[16.7397,49.8528],[16.7396,49.8588],[16.7424,49.8619],[16.7416,49.864],[16.7492,49.867],[16.7529,49.8655],[16.7562,49.8664],[16.7692,49.8743],[16.7598,49.878],[16.7598,49.8818],[16.7499,49.8945],[16.7546,49.8969],[16.7573,49.9007],[16.7528,49.9081],[16.7566,49.9107],[16.7549,49.9171],[16.7588,49.9233],[16.7669,49.9246],[16.7638,49.9265],[16.7648,49.9281],[16.7723,49.93],[16.78,49.929]]],"crs":null}},{"type":"Feature","properties":{"id":69,"name":"Frýdek-Místek","active":true},"geometry":{"type":"Polygon","coordinates":[[[18.3401,49.7593],[18.342,49.7572],[18.3463,49.7569],[18.3484,49.7534],[18.3471,49.7505],[18.3495,49.7409],[18.3633,49.7408],[18.3682,49.7435],[18.3884,49.7457],[18.395,49.7556],[18.4063,49.7597],[18.4071,49.7555],[18.4018,49.7482],[18.4015,49.7376],[18.4104,49.7353],[18.4223,49.7372],[18.4276,49.7288],[18.434,49.7237],[18.4441,49.7066],[18.44,49.6922],[18.445,49.6913],[18.4445,49.6946],[18.4558,49.6994],[18.4578,49.7034],[18.463,49.7034],[18.4634,49.6983],[18.4654,49.6982],[18.4673,49.7018],[18.4657,49.7057],[18.4889,49.7043],[18.4779,49.6934],[18.4797,49.6878],[18.4832,49.6859],[18.484,49.6806],[18.4965,49.681],[18.5014,49.6675],[18.5045,49.6647],[18.5097,49.6654],[18.5105,49.6676],[18.5093,49.6546],[18.5016,49.6538],[18.492,49.6491],[18.486,49.6484],[18.4812,49.6483],[18.4792,49.6523],[18.4766,49.6532],[18.455,49.6478],[18.4373,49.6415],[18.435,49.6422],[18.4334,49.6401],[18.4356,49.6385],[18.4304,49.6271],[18.4365,49.6257],[18.438,49.6213],[18.4408,49.6202],[18.4408,49.6155],[18.4481,49.6109],[18.4477,49.6074],[18.4503,49.6053],[18.4649,49.6061],[18.4759,49.6007],[18.4803,49.6089],[18.4912,49.6122],[18.4873,49.6126],[18.4877,49.6143],[18.4959,49.611],[18.4938,49.6079],[18.5015,49.5982],[18.5,49.5942],[18.4902,49.5859],[18.5071,49.5655],[18.5047,49.5608],[18.5124,49.5584],[18.5169,49.5536],[18.5226,49.5446],[18.5247,49.536],[18.5343,49.5258],[18.5337,49.5221],[18.5286,49.5188],[18.5308,49.5113],[18.5352,49.5087],[18.5355,49.5047],[18.5451,49.4994],[18.5417,49.4927],[18.5346,49.4901],[18.5342,49.4853],[18.5423,49.4776],[18.5434,49.4731],[18.5469,49.4714],[18.548,49.4678],[18.5439,49.465],[18.5363,49.4644],[18.5327,49.4581],[18.5248,49.4565],[18.523,49.4492],[18.5168,49.4484],[18.5053,49.4429],[18.5009,49.4358],[18.4956,49.4359],[18.49,49.4332],[18.4947,49.4297],[18.4941,49.4282],[18.482,49.4239],[18.4817,49.4208],[18.4765,49.4167],[18.4778,49.4117],[18.4757,49.4085],[18.4564,49.403],[18.4494,49.3974],[18.45,49.3935],[18.4332,49.3928],[18.412,49.3991],[18.4037,49.3967],[18.3985,49.3992],[18.3884,49.4001],[18.3841,49.403],[18.375,49.4053],[18.3663,49.4055],[18.3733,49.4212],[18.3663,49.4331],[18.359,49.4327],[18.3578,49.4358],[18.3595,49.4376],[18.3496,49.4467],[18.3438,49.4451],[18.3353,49.4502],[18.3289,49.4517],[18.3229,49.4506],[18.3151,49.4609],[18.3071,49.4649],[18.3045,49.4858],[18.3012,49.4899],[18.2917,49.4916],[18.2917,49.4981],[18.285,49.512],[18.2879,49.5203],[18.2864,49.5197],[18.2811,49.5239],[18.2774,49.5233],[18.2755,49.5251],[18.2684,49.526],[18.2625,49.5328],[18.2605,49.5319],[18.2596,49.5339],[18.2536,49.5359],[18.253,49.5346],[18.2494,49.5353],[18.2429,49.5414],[18.2374,49.5432],[18.2407,49.5465],[18.2424,49.5552],[18.2481,49.5652],[18.2566,49.5707],[18.2429,49.5749],[18.2258,49.5861],[18.2246,49.5926],[18.2216,49.5924],[18.2207,49.5941],[18.2225,49.5992],[18.2073,49.6031],[18.2058,49.6059],[18.2113,49.6143],[18.2074,49.6151],[18.2054,49.6137],[18.2065,49.6161],[18.2018,49.6171],[18.1938,49.6257],[18.1987,49.6335],[18.1988,49.6395],[18.1914,49.6399],[18.1947,49.6443],[18.185,49.644],[18.1834,49.651],[18.1878,49.6513],[18.1976,49.6716],[18.1974,49.6842],[18.2009,49.6924],[18.2004,49.6961],[18.1979,49.6977],[18.2084,49.7094],[18.2365,49.7193],[18.2191,49.7351],[18.2122,49.738],[18.2143,49.7412],[18.2256,49.741],[18.236,49.7385],[18.237,49.7406],[18.2386,49.7402],[18.2402,49.7374],[18.2525,49.7329],[18.2504,49.7284],[18.2559,49.7257],[18.2577,49.7278],[18.2701,49.7307],[18.2666,49.7349],[18.2679,49.7417],[18.2795,49.7496],[18.2832,49.7483],[18.2826,49.747],[18.2899,49.7506],[18.2974,49.7513],[18.2998,49.7498],[18.3037,49.7523],[18.305,49.7471],[18.3357,49.7442],[18.3373,49.745],[18.3355,49.7476],[18.3376,49.7551],[18.3357,49.7577],[18.3401,49.7593]]],"crs":null}},{"type":"Feature","properties":{"id":72,"name":"Ostrava-město","active":true},"geometry":{"type":"Polygon","coordinates":[[[18.2764,49.9646],[18.2819,49.9505],[18.2793,49.94],[18.2827,49.9391],[18.2818,49.9371],[18.2897,49.9287],[18.2991,49.9287],[18.3007,49.9252],[18.2992,49.9238],[18.315,49.9188],[18.318,49.9157],[18.3217,49.9159],[18.3178,49.9111],[18.3187,49.9059],[18.3072,49.9042],[18.2968,49.8907],[18.2879,49.8859],[18.2834,49.887],[18.2769,49.881],[18.2748,49.8801],[18.2609,49.8832],[18.2578,49.8806],[18.2581,49.8777],[18.2384,49.8655],[18.2316,49.8656],[18.2278,49.8624],[18.2216,49.8664],[18.2171,49.8672],[18.2159,49.8691],[18.2103,49.8673],[18.2109,49.8606],[18.206,49.8605],[18.2063,49.856],[18.2007,49.8556],[18.197,49.8421],[18.2018,49.8365],[18.2156,49.8321],[18.2215,49.8339],[18.2218,49.8287],[18.2173,49.8218],[18.2179,49.8121],[18.2209,49.8046],[18.2156,49.7939],[18.205,49.7833],[18.1968,49.7808],[18.1957,49.778],[18.1909,49.7773],[18.189,49.7797],[18.1929,49.7854],[18.1887,49.7842],[18.1913,49.7899],[18.1894,49.7901],[18.19,49.7937],[18.196,49.7976],[18.1887,49.7986],[18.1775,49.8057],[18.1677,49.8077],[18.1588,49.8057],[18.1578,49.8078],[18.1453,49.8057],[18.135,49.8079],[18.142,49.825],[18.1357,49.8263],[18.1375,49.8309],[18.1353,49.8341],[18.1228,49.8352],[18.1163,49.8339],[18.1138,49.8306],[18.1019,49.8311],[18.0921,49.8259],[18.0932,49.8234],[18.0903,49.8148],[18.0974,49.8106],[18.095,49.8085],[18.0975,49.8056],[18.0947,49.8025],[18.0988,49.801],[18.0939,49.8011],[18.0942,49.8048],[18.0891,49.8095],[18.085,49.8089],[18.0854,49.8148],[18.0807,49.8165],[18.0801,49.8203],[18.0704,49.8267],[18.0717,49.8309],[18.0609,49.8361],[18.0555,49.843],[18.0497,49.8566],[18.0504,49.8613],[18.0588,49.8593],[18.0733,49.8719],[18.0835,49.8738],[18.0864,49.8759],[18.0869,49.8828],[18.0823,49.8875],[18.084,49.8915],[18.0941,49.8883],[18.0939,49.8852],[18.0976,49.8836],[18.1091,49.8822],[18.1184,49.8824],[18.1189,49.8889],[18.1447,49.8906],[18.1467,49.8931],[18.1453,49.8979],[18.1291,49.9029],[18.1374,49.9062],[18.1395,49.9089],[18.1369,49.9115],[18.1447,49.9196],[18.141,49.9281],[18.1504,49.9317],[18.1782,49.9361],[18.1706,49.9517],[18.1751,49.9527],[18.1742,49.9549],[18.1789,49.9565],[18.1805,49.9591],[18.1896,49.9608],[18.1885,49.9629],[18.1904,49.9632],[18.1947,49.9633],[18.1984,49.9615],[18.2051,49.9637],[18.2099,49.9573],[18.2114,49.9597],[18.2225,49.9599],[18.2276,49.9696],[18.2365,49.971],[18.2764,49.9646]]],"crs":null}},{"type":"Feature","properties":{"id":75,"name":"Karviná","active":true},"geometry":{"type":"Polygon","coordinates":[[[18.5597,49.9179],[18.5738,49.9211],[18.5762,49.9133],[18.5738,49.9124],[18.5758,49.9104],[18.5737,49.9078],[18.5801,49.9055],[18.5709,49.8916],[18.5735,49.8879],[18.57,49.8843],[18.5661,49.8831],[18.5657,49.8806],[18.5715,49.8759],[18.5696,49.8734],[18.5797,49.8693],[18.5803,49.8668],[18.5904,49.8676],[18.5992,49.8663],[18.6058,49.8616],[18.6039,49.8571],[18.5919,49.856],[18.589,49.8528],[18.5838,49.8523],[18.5897,49.8457],[18.5695,49.8344],[18.569,49.8292],[18.5824,49.818],[18.5823,49.8106],[18.5847,49.8058],[18.5926,49.8022],[18.5929,49.7977],[18.598,49.7917],[18.5914,49.791],[18.5952,49.7871],[18.5937,49.7833],[18.5902,49.7887],[18.5744,49.7847],[18.5759,49.7822],[18.5731,49.7813],[18.5611,49.7801],[18.5618,49.7782],[18.55,49.7726],[18.5504,49.769],[18.5404,49.7673],[18.5367,49.7636],[18.5298,49.7607],[18.5279,49.7581],[18.531,49.7563],[18.5341,49.7569],[18.5352,49.7531],[18.5409,49.7501],[18.5457,49.7441],[18.5414,49.737],[18.5448,49.734],[18.5436,49.7285],[18.5413,49.7259],[18.5352,49.724],[18.5166,49.7218],[18.5084,49.7179],[18.5055,49.7229],[18.5006,49.7253],[18.5015,49.7285],[18.4929,49.7305],[18.4875,49.7269],[18.4873,49.7299],[18.4815,49.7325],[18.4759,49.7397],[18.4674,49.7433],[18.4703,49.7543],[18.4686,49.7577],[18.4707,49.7642],[18.4829,49.7674],[18.4943,49.7734],[18.4969,49.777],[18.4892,49.7795],[18.4739,49.7798],[18.4719,49.7832],[18.4678,49.7839],[18.465,49.7873],[18.4629,49.7972],[18.4663,49.8042],[18.4661,49.8099],[18.47,49.8168],[18.4573,49.8156],[18.4525,49.8182],[18.4389,49.8196],[18.4306,49.8172],[18.4292,49.8138],[18.4217,49.8141],[18.4182,49.8118],[18.4151,49.8131],[18.4185,49.8236],[18.4153,49.8272],[18.4152,49.8328],[18.4126,49.8378],[18.4093,49.8388],[18.4068,49.843],[18.401,49.8461],[18.4018,49.8533],[18.3967,49.8573],[18.3991,49.8588],[18.4034,49.8573],[18.4103,49.8664],[18.4012,49.8769],[18.4006,49.8812],[18.3939,49.8842],[18.3932,49.887],[18.4042,49.8857],[18.4257,49.8877],[18.4254,49.8863],[18.4389,49.8842],[18.4415,49.8953],[18.4456,49.8947],[18.4478,49.9016],[18.4563,49.9051],[18.4559,49.9073],[18.4657,49.915],[18.4661,49.917],[18.483,49.9108],[18.4851,49.9064],[18.4906,49.9052],[18.491,49.9034],[18.4956,49.9063],[18.4981,49.903],[18.5,49.9049],[18.5013,49.9032],[18.5047,49.9035],[18.5036,49.9025],[18.5055,49.9018],[18.5055,49.903],[18.5145,49.9029],[18.522,49.9014],[18.5216,49.9001],[18.5237,49.8995],[18.5266,49.9011],[18.5315,49.8994],[18.5344,49.8996],[18.5351,49.902],[18.5385,49.9026],[18.5471,49.9091],[18.5399,49.912],[18.5405,49.9197],[18.5431,49.9224],[18.5394,49.9257],[18.5449,49.9258],[18.5597,49.9179]]],"crs":null}},{"type":"Feature","properties":{"id":78,"name":"Zlín","active":true},"geometry":{"type":"Polygon","coordinates":[[[17.8662,49.3755],[17.8697,49.3762],[17.8717,49.3728],[17.8743,49.3738],[17.8795,49.3684],[17.8823,49.3692],[17.8848,49.3635],[17.8893,49.3618],[17.8949,49.3624],[17.8986,49.3433],[17.8974,49.3414],[17.8782,49.3383],[17.8791,49.3347],[17.8842,49.3313],[17.8995,49.3284],[17.9063,49.3329],[17.922,49.3334],[17.9287,49.3118],[17.935,49.3091],[17.9379,49.3052],[17.946,49.3033],[17.9477,49.2978],[17.9602,49.2866],[17.9628,49.2872],[17.9634,49.2897],[17.9772,49.293],[17.9779,49.2964],[17.9828,49.2991],[17.9998,49.3015],[18.0027,49.2975],[18.007,49.2981],[18.0162,49.2935],[18.0243,49.2916],[18.0276,49.285],[18.0321,49.2841],[18.0332,49.2785],[18.0376,49.273],[18.0405,49.2721],[18.0417,49.268],[18.0474,49.264],[18.0576,49.2634],[18.0665,49.2532],[18.0706,49.244],[18.0663,49.2417],[18.0646,49.238],[18.0582,49.2377],[18.0624,49.2322],[18.0603,49.2295],[18.0611,49.2271],[18.0643,49.2279],[18.061,49.2228],[18.0645,49.2211],[18.0681,49.2154],[18.0757,49.2135],[18.0827,49.2155],[18.0823,49.2136],[18.0846,49.2134],[18.0825,49.2123],[18.0832,49.208],[18.0779,49.2058],[18.0812,49.2036],[18.0739,49.2011],[18.0758,49.1999],[18.0738,49.199],[18.0779,49.1943],[18.0829,49.1923],[18.0819,49.19],[18.0852,49.1854],[18.0907,49.1844],[18.0957,49.1865],[18.1046,49.1866],[18.1063,49.1899],[18.1091,49.1909],[18.1205,49.1887],[18.1309,49.1889],[18.1299,49.1684],[18.1367,49.161],[18.132,49.1596],[18.1282,49.1553],[18.1188,49.1528],[18.1172,49.1508],[18.1184,49.1435],[18.114,49.142],[18.1067,49.1342],[18.1112,49.1288],[18.1167,49.1263],[18.1222,49.118],[18.1138,49.1185],[18.1103,49.1135],[18.1159,49.0921],[18.106,49.0799],[18.1046,49.0819],[18.0911,49.0836],[18.0736,49.0833],[18.0616,49.086],[18.056,49.0961],[18.0481,49.1008],[18.0378,49.1039],[18.0333,49.1115],[18.0325,49.1146],[18.0342,49.1163],[18.03,49.1147],[18.0226,49.115],[18.0169,49.1186],[18.0021,49.1139],[17.9974,49.1197],[17.9995,49.1219],[17.9978,49.1218],[17.9839,49.1174],[17.9786,49.1109],[17.9745,49.1095],[17.9766,49.1112],[17.9715,49.1153],[17.9725,49.1169],[17.9684,49.1217],[17.9535,49.1309],[17.9584,49.1355],[17.9552,49.1444],[17.9414,49.1424],[17.9379,49.1437],[17.9386,49.1498],[17.9206,49.1521],[17.9108,49.1517],[17.9036,49.1535],[17.8908,49.1492],[17.8869,49.1518],[17.8896,49.1535],[17.8847,49.156],[17.8831,49.1601],[17.8867,49.162],[17.8869,49.1645],[17.8952,49.1675],[17.8928,49.1686],[17.8906,49.1747],[17.8812,49.1873],[17.8656,49.1821],[17.8625,49.1834],[17.8529,49.1775],[17.8456,49.1825],[17.8306,49.1817],[17.8339,49.1862],[17.8303,49.1884],[17.7995,49.1795],[17.7896,49.1751],[17.7833,49.1785],[17.7746,49.1782],[17.7668,49.1813],[17.7635,49.1813],[17.7607,49.1792],[17.7576,49.1813],[17.7562,49.1785],[17.7517,49.1778],[17.7481,49.1812],[17.7469,49.1794],[17.7385,49.178],[17.7385,49.1736],[17.735,49.1748],[17.73,49.1725],[17.7271,49.176],[17.7227,49.1755],[17.7184,49.1694],[17.7034,49.1771],[17.7049,49.1804],[17.7032,49.1825],[17.6945,49.1839],[17.6922,49.186],[17.6935,49.1869],[17.6881,49.1875],[17.688,49.1942],[17.6857,49.1923],[17.6797,49.1919],[17.6795,49.1942],[17.6772,49.1935],[17.6768,49.1968],[17.667,49.1994],[17.668,49.1975],[17.6632,49.1947],[17.6607,49.1978],[17.6547,49.1978],[17.647,49.1948],[17.6475,49.1913],[17.642,49.1862],[17.644,49.1828],[17.6391,49.1822],[17.6394,49.1789],[17.6418,49.1793],[17.6397,49.1779],[17.6303,49.1778],[17.6281,49.171],[17.6307,49.1685],[17.6276,49.1691],[17.6269,49.1644],[17.6175,49.165],[17.6187,49.1666],[17.615,49.1668],[17.616,49.169],[17.6136,49.172],[17.6202,49.1726],[17.6195,49.1787],[17.5978,49.1856],[17.5914,49.1847],[17.5859,49.1819],[17.5791,49.1845],[17.5671,49.1858],[17.5686,49.1873],[17.5705,49.1861],[17.5725,49.1881],[17.5703,49.1955],[17.5628,49.2036],[17.5627,49.2082],[17.5598,49.2085],[17.5716,49.2106],[17.5813,49.209],[17.5932,49.2134],[17.6013,49.2116],[17.5976,49.2195],[17.6019,49.2247],[17.606,49.2261],[17.5993,49.2291],[17.5843,49.2292],[17.5826,49.2374],[17.5768,49.2358],[17.576,49.2304],[17.5625,49.23],[17.5632,49.2277],[17.56,49.2273],[17.5578,49.2283],[17.5559,49.2347],[17.5516,49.2338],[17.5475,49.2398],[17.5338,49.247],[17.5343,49.2594],[17.5438,49.2636],[17.5514,49.258],[17.557,49.2622],[17.559,49.261],[17.563,49.2649],[17.5613,49.268],[17.5656,49.2698],[17.5662,49.2762],[17.5792,49.2677],[17.5805,49.2629],[17.5867,49.2634],[17.5963,49.2681],[17.6037,49.2682],[17.6066,49.2705],[17.6067,49.2735],[17.6008,49.2736],[17.5979,49.277],[17.6058,49.2814],[17.6185,49.2805],[17.6199,49.2836],[17.6151,49.2862],[17.615,49.2878],[17.6209,49.29],[17.6261,49.3],[17.6384,49.3121],[17.6362,49.3153],[17.6395,49.3182],[17.649,49.3219],[17.6452,49.3242],[17.6381,49.3204],[17.6262,49.321],[17.6211,49.3198],[17.6192,49.326],[17.617,49.3268],[17.6243,49.3307],[17.6407,49.334],[17.6455,49.3381],[17.6657,49.3364],[17.6706,49.3337],[17.6767,49.3337],[17.6822,49.3353],[17.6859,49.3409],[17.6881,49.3411],[17.6974,49.335],[17.707,49.3339],[17.7418,49.3453],[17.7446,49.347],[17.7477,49.355],[17.7574,49.3571],[17.7632,49.353],[17.7766,49.3518],[17.7811,49.3486],[17.8013,49.3489],[17.8231,49.3581],[17.8275,49.3673],[17.8351,49.37],[17.8404,49.3755],[17.8521,49.3766],[17.8566,49.3795],[17.8552,49.3812],[17.8588,49.383],[17.8621,49.3815],[17.8662,49.3755]]],"crs":null}},{"type":"Feature","properties":{"id":81,"name":"Uherské Hradiště","active":true},"geometry":{"type":"Polygon","coordinates":[[[17.347,49.1819],[17.35,49.1779],[17.3548,49.1756],[17.3577,49.1681],[17.3648,49.1606],[17.3791,49.1513],[17.3792,49.1422],[17.377,49.1401],[17.3894,49.1425],[17.397,49.1385],[17.4008,49.1389],[17.4083,49.1342],[17.4099,49.1355],[17.4147,49.1326],[17.4165,49.1336],[17.423,49.1281],[17.4267,49.1281],[17.4393,49.1184],[17.4421,49.1195],[17.4443,49.1183],[17.4431,49.117],[17.447,49.1154],[17.4522,49.1173],[17.4577,49.1134],[17.4595,49.115],[17.4655,49.1156],[17.4696,49.1142],[17.4687,49.1127],[17.4725,49.1105],[17.4763,49.1135],[17.4844,49.1088],[17.4897,49.1091],[17.4889,49.1146],[17.4904,49.1144],[17.4935,49.1192],[17.4958,49.1181],[17.4988,49.1196],[17.4986,49.1179],[17.5074,49.1191],[17.5129,49.1182],[17.522,49.1125],[17.5384,49.1125],[17.5389,49.1101],[17.5336,49.1046],[17.5353,49.094],[17.5422,49.0952],[17.5527,49.0839],[17.581,49.077],[17.5662,49.0708],[17.5645,49.0628],[17.5582,49.0587],[17.5595,49.0531],[17.5573,49.0507],[17.5596,49.0453],[17.5629,49.0439],[17.5737,49.0466],[17.5741,49.0452],[17.5708,49.0454],[17.5704,49.0442],[17.572,49.0395],[17.5845,49.0402],[17.5798,49.0387],[17.5778,49.0361],[17.5816,49.0285],[17.587,49.0247],[17.5898,49.0256],[17.6063,49.0066],[17.6115,49.0041],[17.6136,49.0074],[17.6175,49.004],[17.6131,48.996],[17.6424,48.9932],[17.6475,49.0018],[17.6578,48.9971],[17.6685,48.9836],[17.6735,48.9861],[17.677,48.9818],[17.6897,48.9926],[17.7038,48.978],[17.7084,48.979],[17.7097,48.9721],[17.7182,48.9729],[17.7233,48.9669],[17.728,48.9702],[17.7269,48.9682],[17.7369,48.9603],[17.7401,48.9444],[17.7413,48.9419],[17.7427,48.9426],[17.7445,48.9341],[17.756,48.9316],[17.7639,48.928],[17.7719,48.9288],[17.7717,48.9264],[17.778,48.9229],[17.7775,48.9137],[17.7708,48.9123],[17.7551,48.9024],[17.7503,48.8987],[17.7469,48.8912],[17.7405,48.8883],[17.741,48.8857],[17.7367,48.8808],[17.7201,48.8743],[17.7153,48.8684],[17.7033,48.86],[17.6906,48.8622],[17.6827,48.8609],[17.6677,48.8542],[17.6584,48.8558],[17.6481,48.8542],[17.633,48.8549],[17.6205,48.8467],[17.6209,48.842],[17.6018,48.8409],[17.5981,48.8373],[17.5952,48.8286],[17.5889,48.8252],[17.5704,48.8238],[17.5574,48.8286],[17.5546,48.8316],[17.5505,48.8276],[17.5482,48.8274],[17.5553,48.8227],[17.553,48.8198],[17.5459,48.8163],[17.538,48.8186],[17.5285,48.8122],[17.5199,48.8128],[17.516,48.8178],[17.5191,48.8293],[17.5122,48.8197],[17.5098,48.8213],[17.5098,48.8196],[17.4775,48.8413],[17.4558,48.8449],[17.4539,48.8467],[17.4441,48.841],[17.4436,48.8377],[17.4359,48.8406],[17.4311,48.8322],[17.4276,48.8361],[17.4276,48.8404],[17.4171,48.8473],[17.4198,48.8467],[17.4246,48.8509],[17.4322,48.8532],[17.4296,48.8609],[17.4215,48.8656],[17.4231,48.8674],[17.4198,48.8765],[17.4204,48.8815],[17.4148,48.8899],[17.4102,48.8892],[17.402,48.8975],[17.3906,48.9028],[17.3689,48.9032],[17.3749,48.9082],[17.3706,48.9125],[17.3714,48.9137],[17.381,48.9169],[17.3714,48.9286],[17.3674,48.9282],[17.3685,48.9318],[17.3617,48.9337],[17.3582,48.9384],[17.3513,48.9408],[17.3535,48.9417],[17.3524,48.9423],[17.3246,48.9449],[17.33,48.9548],[17.3246,48.9599],[17.3258,48.9619],[17.3302,48.9628],[17.3294,48.965],[17.3315,48.9658],[17.3306,48.968],[17.3197,48.9719],[17.3074,48.9813],[17.3146,48.9844],[17.3145,48.994],[17.3097,48.9963],[17.3132,49.0122],[17.3106,49.0171],[17.3038,49.0186],[17.3034,49.0172],[17.3001,49.0182],[17.2995,49.016],[17.2911,49.0181],[17.2911,49.0159],[17.2853,49.0181],[17.2823,49.0145],[17.2752,49.0138],[17.2756,49.0248],[17.2701,49.0266],[17.2679,49.0342],[17.261,49.034],[17.2588,49.0321],[17.2516,49.0308],[17.2506,49.0386],[17.2303,49.0404],[17.2235,49.0323],[17.2212,49.0337],[17.2202,49.0393],[17.2247,49.0449],[17.2238,49.0485],[17.2309,49.0554],[17.2299,49.0613],[17.232,49.0644],[17.228,49.0677],[17.2294,49.0698],[17.228,49.0737],[17.221,49.0747],[17.2174,49.0773],[17.2135,49.0929],[17.2453,49.0989],[17.2413,49.1027],[17.2419,49.1074],[17.2466,49.1115],[17.2454,49.1154],[17.2365,49.12],[17.2335,49.1243],[17.2364,49.1307],[17.248,49.1375],[17.2596,49.1392],[17.2684,49.1455],[17.2736,49.1462],[17.2763,49.1516],[17.2827,49.1545],[17.2846,49.1609],[17.2868,49.1592],[17.2919,49.1633],[17.3079,49.1695],[17.3183,49.1692],[17.3281,49.1767],[17.347,49.1819]]],"crs":null}},{"type":"Feature","properties":{"id":1,"name":"Volební obvod č. 1, sídlo: Karlovy Vary","active":false},"geometry":{"type":"Polygon","coordinates":[[[12.8377,50.4542],[12.8492,50.4476],[12.8947,50.4299],[12.903,50.4228],[12.9123,50.424],[12.9251,50.4163],[12.9363,50.4119],[12.9375,50.4064],[12.9657,50.4002],[12.9744,50.3894],[12.988,50.3935],[12.9945,50.3912],[12.9978,50.3931],[12.9962,50.3908],[13.0216,50.3958],[13.0278,50.3896],[13.0444,50.3842],[13.0472,50.389],[13.067,50.3866],[13.0691,50.387],[13.0671,50.3887],[13.0696,50.3897],[13.0807,50.3805],[13.0972,50.3826],[13.1088,50.3723],[13.1083,50.37],[13.1005,50.3686],[13.0976,50.3602],[13.093,50.358],[13.0932,50.3548],[13.0862,50.3562],[13.0803,50.3544],[13.0799,50.3454],[13.074,50.3455],[13.0711,50.3437],[13.0716,50.3409],[13.0768,50.3389],[13.0794,50.3345],[13.0745,50.337],[13.0541,50.3336],[13.0481,50.3301],[13.0478,50.3278],[13.0416,50.326],[13.0425,50.3186],[13.0393,50.3173],[13.0383,50.314],[13.0444,50.3122],[13.0443,50.309],[13.0472,50.3085],[13.0428,50.3071],[13.0429,50.3023],[13.0416,50.3039],[13.0384,50.304],[13.0363,50.3068],[13.0323,50.3072],[13.0254,50.3055],[13.0235,50.3064],[13.02,50.3034],[13.023,50.3028],[13.0211,50.3027],[13.0224,50.3002],[13.0173,50.2941],[13.0158,50.2943],[13.0139,50.2896],[13.0155,50.2893],[13.0127,50.2859],[13.019,50.282],[13.0144,50.2769],[13.0118,50.2776],[13.0098,50.2739],[13.0139,50.2723],[13.0325,50.2756],[13.0295,50.2715],[13.0306,50.2702],[13.0286,50.2695],[13.0395,50.2701],[13.04,50.2683],[13.0308,50.2656],[13.0282,50.2662],[13.0273,50.2605],[13.0221,50.2574],[13.0184,50.2524],[13.0196,50.2504],[13.0279,50.2465],[13.0307,50.2472],[13.0319,50.2446],[13.0354,50.2444],[13.0363,50.2421],[13.0312,50.2366],[13.0252,50.2336],[13.0281,50.23],[13.026,50.226],[13.0281,50.2252],[13.0253,50.2239],[13.0268,50.2215],[13.0231,50.2187],[13.0219,50.2124],[13.0138,50.2119],[13.0054,50.2027],[13.0052,50.1967],[13.0154,50.1941],[13.0104,50.1886],[13.0156,50.1886],[13.0142,50.1867],[13.0191,50.186],[13.0166,50.1828],[13.0216,50.1818],[13.0286,50.1835],[13.0261,50.1801],[13.033,50.1779],[13.0307,50.1796],[13.0374,50.1839],[13.0387,50.1813],[13.0465,50.1826],[13.0487,50.1789],[13.0675,50.1859],[13.0677,50.1872],[13.0691,50.1857],[13.0787,50.184],[13.0857,50.186],[13.0954,50.1854],[13.1018,50.183],[13.1051,50.1774],[13.1205,50.1755],[13.1274,50.1688],[13.1324,50.1683],[13.1394,50.163],[13.1392,50.1653],[13.1475,50.1658],[13.1573,50.17],[13.1668,50.1713],[13.1743,50.17],[13.1762,50.1793],[13.1999,50.1771],[13.2046,50.1739],[13.2153,50.1724],[13.2191,50.1757],[13.2223,50.1745],[13.2231,50.1758],[13.2146,50.1824],[13.2249,50.1854],[13.2236,50.1928],[13.2255,50.1946],[13.2217,50.1985],[13.2238,50.199],[13.2326,50.1956],[13.2426,50.1968],[13.2643,50.1924],[13.27,50.1892],[13.2709,50.1868],[13.2745,50.1858],[13.2797,50.1765],[13.2781,50.1719],[13.274,50.1687],[13.2872,50.1682],[13.2843,50.1637],[13.2842,50.1565],[13.2742,50.1592],[13.265,50.1575],[13.2678,50.1571],[13.2668,50.1531],[13.2786,50.1498],[13.2804,50.1476],[13.2765,50.1465],[13.2843,50.1447],[13.2804,50.1418],[13.2842,50.1371],[13.2753,50.1381],[13.2675,50.1421],[13.2706,50.1425],[13.2667,50.1438],[13.2627,50.1439],[13.2615,50.1425],[13.2509,50.1465],[13.2502,50.1437],[13.2441,50.1415],[13.2386,50.1418],[13.2358,50.1391],[13.2419,50.1367],[13.2403,50.1344],[13.2282,50.1341],[13.2336,50.1307],[13.2358,50.1318],[13.2433,50.1273],[13.2423,50.1261],[13.2455,50.1263],[13.2494,50.1241],[13.2514,50.1284],[13.2519,50.1266],[13.257,50.1261],[13.2664,50.1287],[13.2702,50.1274],[13.274,50.1282],[13.2793,50.1237],[13.2795,50.1207],[13.2898,50.1182],[13.2823,50.1158],[13.2821,50.1144],[13.2911,50.1165],[13.2966,50.1126],[13.2978,50.1038],[13.2999,50.1029],[13.297,50.0995],[13.3018,50.0995],[13.3016,50.0974],[13.2981,50.0963],[13.2923,50.0972],[13.2913,50.0994],[13.2817,50.0984],[13.2817,50.0971],[13.2872,50.0965],[13.288,50.0936],[13.2912,50.0925],[13.2833,50.0875],[13.2855,50.0859],[13.2836,50.0854],[13.2834,50.0826],[13.2784,50.0802],[13.2769,50.0767],[13.284,50.0745],[13.2853,50.0766],[13.2911,50.0759],[13.291,50.077],[13.2941,50.0748],[13.2974,50.0746],[13.2964,50.073],[13.2991,50.0704],[13.2941,50.0664],[13.2948,50.0625],[13.2929,50.0603],[13.286,50.0592],[13.2852,50.0577],[13.2816,50.0584],[13.2811,50.0563],[13.2761,50.062],[13.2814,50.054],[13.2804,50.0524],[13.2707,50.0536],[13.2651,50.0524],[13.2651,50.0512],[13.2582,50.0512],[13.2571,50.0525],[13.2541,50.0511],[13.2559,50.047],[13.2525,50.0458],[13.2484,50.0456],[13.2488,50.0499],[13.2468,50.0467],[13.2308,50.0493],[13.2351,50.0469],[13.2278,50.0423],[13.2354,50.0415],[13.2398,50.0385],[13.236,50.0372],[13.239,50.0338],[13.2385,50.0301],[13.2425,50.0258],[13.242,50.0239],[13.2387,50.0237],[13.2347,50.021],[13.2294,50.0135],[13.2315,50.0043],[13.2358,49.9997],[13.2318,49.9961],[13.2258,49.9957],[13.206,50.0001],[13.1858,50.0115],[13.1858,50.0175],[13.1828,50.017],[13.1816,50.0142],[13.1833,50.0098],[13.1807,50.0102],[13.1769,50.0175],[13.175,50.0167],[13.1735,50.0187],[13.1645,50.0215],[13.1625,50.0208],[13.1627,50.0233],[13.1593,50.0233],[13.1585,50.0219],[13.1588,50.0235],[13.1611,50.0235],[13.1605,50.026],[13.1605,50.0247],[13.1583,50.0246],[13.1582,50.0224],[13.1464,50.0252],[13.1496,50.0256],[13.149,50.0281],[13.1405,50.0243],[13.1317,50.0253],[13.1297,50.0239],[13.1267,50.0272],[13.1196,50.0226],[13.1121,50.0272],[13.1101,50.0275],[13.1083,50.0243],[13.1026,50.0268],[13.1028,50.0308],[13.1015,50.0324],[13.0997,50.0312],[13.0981,50.0352],[13.0897,50.0318],[13.0886,50.0289],[13.0833,50.0274],[13.0781,50.0341],[13.0807,50.04],[13.0794,50.0447],[13.0732,50.0495],[13.0595,50.0513],[13.0635,50.0524],[13.0617,50.0546],[13.0643,50.057],[13.067,50.057],[13.0611,50.0577],[13.0585,50.0617],[13.0598,50.0626],[13.0574,50.0652],[13.0602,50.0652],[13.0612,50.0686],[13.045,50.0722],[13.0457,50.0739],[13.0525,50.0752],[13.0532,50.0778],[13.0574,50.078],[13.0565,50.0763],[13.0636,50.0784],[13.061,50.0801],[13.0649,50.0824],[13.063,50.0853],[13.0492,50.0891],[13.0484,50.0911],[13.0517,50.0945],[13.045,50.0982],[13.0397,50.0928],[13.0336,50.0958],[13.0321,50.0915],[13.0235,50.0918],[13.0211,50.0936],[13.0058,50.0918],[12.9973,50.097],[12.9918,50.0956],[12.99,50.0916],[12.9831,50.0917],[12.9814,50.0872],[12.987,50.0856],[12.9808,50.083],[12.9818,50.08],[12.9786,50.074],[12.9807,50.0724],[12.9797,50.0692],[12.9772,50.0705],[12.9698,50.068],[12.9683,50.0637],[12.9478,50.0588],[12.9485,50.0563],[12.9528,50.0552],[12.9535,50.0522],[12.9501,50.0483],[12.9517,50.0444],[12.9468,50.0432],[12.9215,50.044],[12.9183,50.0488],[12.9095,50.0549],[12.9013,50.059],[12.8968,50.0588],[12.8973,50.0622],[12.8906,50.0683],[12.8732,50.0683],[12.8714,50.0675],[12.8726,50.0644],[12.8698,50.0664],[12.8633,50.0644],[12.8425,50.0641],[12.8407,50.0619],[12.8438,50.0611],[12.8431,50.0595],[12.8366,50.0543],[12.8289,50.0594],[12.8234,50.0725],[12.8176,50.0752],[12.8094,50.0748],[12.8044,50.0791],[12.8104,50.083],[12.8155,50.0828],[12.8189,50.0878],[12.8247,50.089],[12.8256,50.0904],[12.8355,50.0907],[12.8387,50.093],[12.837,50.0954],[12.8459,50.1009],[12.8449,50.1069],[12.8488,50.1096],[12.8511,50.1097],[12.8531,50.1071],[12.8617,50.1096],[12.8635,50.1107],[12.8633,50.115],[12.8665,50.1175],[12.8567,50.1178],[12.8564,50.1191],[12.8495,50.118],[12.85,50.1139],[12.8461,50.1121],[12.8441,50.1132],[12.844,50.1178],[12.8286,50.1173],[12.8297,50.1192],[12.8271,50.1243],[12.8335,50.1257],[12.8365,50.1292],[12.8477,50.1289],[12.8493,50.1331],[12.8526,50.1317],[12.8522,50.1346],[12.8541,50.1349],[12.8594,50.1337],[12.8638,50.1283],[12.8697,50.1269],[12.8707,50.1293],[12.8662,50.1339],[12.8573,50.1369],[12.8575,50.1388],[12.8479,50.1396],[12.8458,50.1444],[12.841,50.1441],[12.8391,50.1465],[12.8431,50.1492],[12.8392,50.1497],[12.8404,50.1525],[12.8465,50.1552],[12.8406,50.1601],[12.8467,50.1638],[12.8511,50.1631],[12.8424,50.1672],[12.8454,50.1722],[12.8407,50.1718],[12.8393,50.1748],[12.8318,50.1754],[12.8298,50.1703],[12.8204,50.1671],[12.8166,50.1679],[12.8169,50.1749],[12.8273,50.1762],[12.8334,50.1791],[12.8396,50.1832],[12.8413,50.1867],[12.8396,50.1882],[12.8356,50.1881],[12.821,50.1957],[12.8158,50.1928],[12.799,50.1959],[12.7944,50.193],[12.7948,50.1879],[12.7885,50.1863],[12.79,50.1914],[12.7886,50.1935],[12.7843,50.1944],[12.7804,50.1982],[12.7739,50.198],[12.771,50.2026],[12.7643,50.2007],[12.7624,50.2018],[12.7639,50.2062],[12.7697,50.2078],[12.772,50.2174],[12.771,50.2224],[12.7643,50.2218],[12.7626,50.2261],[12.7644,50.2294],[12.7584,50.2317],[12.7599,50.2333],[12.7578,50.2333],[12.7586,50.2374],[12.7617,50.239],[12.7592,50.2393],[12.7583,50.2414],[12.7623,50.2464],[12.7644,50.2456],[12.7697,50.2505],[12.7642,50.2533],[12.7515,50.2552],[12.7448,50.2718],[12.747,50.2759],[12.7393,50.2732],[12.7265,50.2743],[12.7248,50.2732],[12.7261,50.2713],[12.7221,50.2691],[12.7205,50.2726],[12.7232,50.2798],[12.7167,50.2792],[12.715,50.281],[12.7123,50.2804],[12.7048,50.2836],[12.6962,50.2939],[12.6905,50.2971],[12.7028,50.3032],[12.6989,50.304],[12.6996,50.3079],[12.6971,50.3083],[12.6933,50.305],[12.6923,50.3064],[12.69,50.3054],[12.6869,50.3074],[12.6855,50.3066],[12.6816,50.3104],[12.685,50.3119],[12.6785,50.3114],[12.6765,50.315],[12.6738,50.3137],[12.6712,50.3145],[12.6748,50.312],[12.6706,50.3127],[12.6692,50.3099],[12.6722,50.3094],[12.6702,50.3064],[12.6656,50.3088],[12.6623,50.3087],[12.6606,50.3216],[12.6624,50.3256],[12.6693,50.3304],[12.6716,50.3391],[12.6682,50.3456],[12.6631,50.3505],[12.6563,50.3536],[12.6486,50.3617],[12.6545,50.3695],[12.6643,50.3711],[12.6622,50.378],[12.6593,50.3804],[12.6654,50.382],[12.6709,50.3857],[12.6721,50.3907],[12.6625,50.3929],[12.6626,50.3952],[12.6583,50.3985],[12.66,50.399],[12.6587,50.401],[12.6538,50.4024],[12.6486,50.4013],[12.6504,50.4038],[12.6457,50.405],[12.6447,50.4079],[12.6382,50.4125],[12.6442,50.4107],[12.6546,50.4112],[12.6626,50.4124],[12.6734,50.4169],[12.682,50.4097],[12.6934,50.4053],[12.6959,50.4015],[12.7072,50.3972],[12.7091,50.4022],[12.707,50.4043],[12.708,50.4085],[12.7208,50.4177],[12.7298,50.4218],[12.7346,50.4325],[12.7949,50.4495],[12.8106,50.431],[12.8112,50.4366],[12.8067,50.4434],[12.8169,50.4497],[12.8191,50.4604],[12.8377,50.4542]]],"crs":null}},{"type":"Feature","properties":{"id":2,"name":"Volební obvod č. 2, sídlo: Sokolov","active":false},"geometry":{"type":"Polygon","coordinates":[[[12.6174,50.4158],[12.6273,50.4164],[12.6382,50.4125],[12.6447,50.4079],[12.6457,50.405],[12.6504,50.4038],[12.6486,50.4013],[12.6538,50.4024],[12.6587,50.401],[12.66,50.399],[12.6583,50.3985],[12.6626,50.3952],[12.6625,50.3929],[12.6721,50.3907],[12.6709,50.3857],[12.6654,50.382],[12.6593,50.3804],[12.6622,50.378],[12.6643,50.3711],[12.6545,50.3695],[12.6486,50.3617],[12.6563,50.3536],[12.6631,50.3505],[12.6682,50.3456],[12.6716,50.3391],[12.6693,50.3304],[12.6624,50.3256],[12.6606,50.3216],[12.6623,50.3087],[12.6656,50.3088],[12.6702,50.3064],[12.6722,50.3094],[12.6692,50.3099],[12.6706,50.3127],[12.6748,50.312],[12.6712,50.3145],[12.6738,50.3137],[12.6765,50.315],[12.6785,50.3114],[12.685,50.3119],[12.6816,50.3104],[12.6855,50.3066],[12.6869,50.3074],[12.69,50.3054],[12.6923,50.3064],[12.6933,50.305],[12.6971,50.3083],[12.6996,50.3079],[12.6989,50.304],[12.7028,50.3032],[12.6905,50.2971],[12.6962,50.2939],[12.7048,50.2836],[12.7123,50.2804],[12.715,50.281],[12.7167,50.2792],[12.7232,50.2798],[12.7205,50.2726],[12.7221,50.2691],[12.7261,50.2713],[12.7248,50.2732],[12.7265,50.2743],[12.7393,50.2732],[12.747,50.2759],[12.7448,50.2718],[12.7515,50.2552],[12.7642,50.2533],[12.7697,50.2505],[12.7644,50.2456],[12.7623,50.2464],[12.7583,50.2414],[12.7592,50.2393],[12.7617,50.239],[12.7586,50.2374],[12.7578,50.2333],[12.7599,50.2333],[12.7584,50.2317],[12.7644,50.2294],[12.7626,50.2261],[12.7643,50.2218],[12.771,50.2224],[12.772,50.2174],[12.7697,50.2078],[12.7639,50.2062],[12.7624,50.2018],[12.7643,50.2007],[12.771,50.2026],[12.7739,50.198],[12.7804,50.1982],[12.7843,50.1944],[12.7886,50.1935],[12.79,50.1914],[12.7885,50.1863],[12.7948,50.1879],[12.7944,50.193],[12.799,50.1959],[12.8158,50.1928],[12.821,50.1957],[12.8356,50.1881],[12.8413,50.1867],[12.8396,50.1832],[12.8334,50.1791],[12.8273,50.1762],[12.8169,50.1749],[12.8166,50.1679],[12.8204,50.1671],[12.8298,50.1703],[12.8318,50.1754],[12.8393,50.1748],[12.8407,50.1718],[12.8454,50.1722],[12.8424,50.1672],[12.8511,50.1631],[12.8467,50.1638],[12.8406,50.1601],[12.8465,50.1552],[12.8404,50.1525],[12.8392,50.1497],[12.8431,50.1492],[12.8391,50.1465],[12.841,50.1441],[12.8458,50.1444],[12.8479,50.1396],[12.8575,50.1388],[12.8573,50.1369],[12.8662,50.1339],[12.8707,50.1293],[12.8697,50.1269],[12.8638,50.1283],[12.8594,50.1337],[12.8541,50.1349],[12.8522,50.1346],[12.8526,50.1317],[12.8493,50.1331],[12.8477,50.1289],[12.8365,50.1292],[12.8335,50.1257],[12.8271,50.1243],[12.8297,50.1192],[12.8286,50.1173],[12.844,50.1178],[12.8441,50.1132],[12.8461,50.1121],[12.85,50.1139],[12.8495,50.118],[12.8564,50.1191],[12.8567,50.1178],[12.8665,50.1175],[12.8633,50.115],[12.8635,50.1107],[12.8617,50.1096],[12.8531,50.1071],[12.8511,50.1097],[12.8488,50.1096],[12.8449,50.1069],[12.8459,50.1009],[12.837,50.0954],[12.8387,50.093],[12.8355,50.0907],[12.8256,50.0904],[12.8247,50.089],[12.8189,50.0878],[12.8155,50.0828],[12.8104,50.083],[12.8053,50.0805],[12.8044,50.0791],[12.8079,50.0758],[12.8176,50.0752],[12.8234,50.0725],[12.8289,50.0594],[12.8366,50.0543],[12.8431,50.0595],[12.8438,50.0611],[12.8407,50.0619],[12.8425,50.0641],[12.8633,50.0644],[12.8698,50.0664],[12.8726,50.0644],[12.8714,50.0675],[12.8732,50.0683],[12.8906,50.0683],[12.8973,50.0622],[12.8968,50.0588],[12.9013,50.059],[12.9095,50.0549],[12.9183,50.0488],[12.9215,50.044],[12.9468,50.0432],[12.9517,50.0444],[12.9501,50.0483],[12.9535,50.0522],[12.9528,50.0552],[12.9485,50.0563],[12.9478,50.0588],[12.9683,50.0637],[12.9698,50.068],[12.9772,50.0705],[12.9797,50.0692],[12.9807,50.0724],[12.9786,50.074],[12.9818,50.08],[12.9808,50.083],[12.987,50.0856],[12.9814,50.0872],[12.9831,50.0917],[12.99,50.0916],[12.9918,50.0956],[12.9973,50.097],[13.0058,50.0918],[13.0211,50.0936],[13.0235,50.0918],[13.0321,50.0915],[13.0336,50.0958],[13.0397,50.0928],[13.045,50.0982],[13.0517,50.0945],[13.0484,50.0911],[13.0492,50.0891],[13.063,50.0853],[13.0649,50.0824],[13.061,50.0801],[13.0636,50.0784],[13.0565,50.0763],[13.0574,50.078],[13.0532,50.0778],[13.0525,50.0752],[13.0457,50.0739],[13.045,50.0722],[13.0612,50.0686],[13.0602,50.0652],[13.0574,50.0652],[13.0598,50.0626],[13.0585,50.0617],[13.0611,50.0577],[13.067,50.057],[13.0643,50.057],[13.0617,50.0546],[13.0635,50.0524],[13.0595,50.0513],[13.0732,50.0495],[13.0794,50.0447],[13.0807,50.04],[13.0781,50.0341],[13.0833,50.0274],[13.0807,50.0256],[13.0852,50.0216],[13.0841,50.0185],[13.0697,50.0188],[13.0668,50.0155],[13.0676,50.0139],[13.0737,50.0149],[13.0686,50.0093],[13.0534,50.0098],[13.0485,50.0026],[13.0387,50.0028],[13.0386,49.9986],[13.0349,49.9963],[13.028,49.997],[13.031,49.9958],[13.0263,49.9957],[13.0252,49.9937],[13.0191,49.9927],[13.0217,49.9916],[13.0211,49.9884],[13.0175,49.9865],[13.014,49.9912],[13.0002,49.9893],[13.0004,49.978],[12.9998,49.9794],[12.991,49.9824],[12.9898,49.9787],[12.987,49.9781],[12.9879,49.9762],[12.974,49.978],[12.96,49.9759],[12.957,49.9732],[12.9566,49.9679],[12.9639,49.9644],[12.9632,49.9627],[12.9683,49.9609],[12.9662,49.9594],[12.9685,49.9601],[12.9695,49.9586],[12.9671,49.958],[12.9687,49.9533],[12.9634,49.9542],[12.9622,49.9529],[12.9589,49.9531],[12.9648,49.9518],[12.9587,49.9501],[12.9665,49.9473],[12.9667,49.9438],[12.9621,49.9428],[12.9578,49.9372],[12.9528,49.9386],[12.9502,49.9347],[12.9442,49.9326],[12.9399,49.9283],[12.9336,49.9283],[12.937,49.9262],[12.9359,49.9249],[12.9256,49.9267],[12.9283,49.921],[12.9217,49.9213],[12.9071,49.9284],[12.9053,49.9322],[12.8942,49.9345],[12.8874,49.9339],[12.8801,49.9298],[12.88,49.9273],[12.8768,49.925],[12.8632,49.9276],[12.853,49.9241],[12.8495,49.9246],[12.8503,49.9292],[12.8444,49.9303],[12.8395,49.9344],[12.8317,49.9322],[12.823,49.9337],[12.8207,49.9313],[12.8156,49.9347],[12.8128,49.9342],[12.8155,49.9358],[12.8157,49.9385],[12.8109,49.9399],[12.7987,49.9377],[12.7932,49.9411],[12.7887,49.9406],[12.7877,49.939],[12.7918,49.9376],[12.7754,49.9319],[12.7733,49.93],[12.7756,49.9274],[12.7723,49.9313],[12.7672,49.9321],[12.7649,49.9351],[12.7609,49.9337],[12.7601,49.9317],[12.751,49.93],[12.7436,49.9341],[12.744,49.9322],[12.7376,49.9265],[12.73,49.9231],[12.7198,49.9221],[12.7105,49.9261],[12.7094,49.9248],[12.703,49.9261],[12.7004,49.9312],[12.6913,49.9341],[12.6902,49.9397],[12.6834,49.9397],[12.6803,49.9482],[12.6753,49.9454],[12.6754,49.9485],[12.673,49.948],[12.6698,49.9524],[12.6666,49.9523],[12.6664,49.9582],[12.6755,49.9571],[12.6822,49.9529],[12.6868,49.9528],[12.6843,49.9573],[12.6821,49.9575],[12.6806,49.963],[12.6755,49.967],[12.6752,49.969],[12.679,49.9714],[12.6731,49.9753],[12.6656,49.9774],[12.6763,49.9954],[12.6746,49.9965],[12.6766,50.0006],[12.6736,50.006],[12.6762,50.0061],[12.682,50.0102],[12.6686,50.0105],[12.6537,50.0141],[12.6487,50.0204],[12.6439,50.022],[12.6416,50.0247],[12.6259,50.0298],[12.6321,50.0328],[12.6372,50.0303],[12.6379,50.0327],[12.6432,50.0334],[12.6485,50.0367],[12.6634,50.0355],[12.668,50.0373],[12.6726,50.0369],[12.6726,50.0404],[12.6641,50.0418],[12.6642,50.0434],[12.6738,50.0489],[12.6791,50.0495],[12.6821,50.0523],[12.68,50.0539],[12.6831,50.0582],[12.6762,50.0557],[12.6716,50.0572],[12.6602,50.0575],[12.6533,50.0646],[12.6523,50.07],[12.6487,50.0728],[12.6512,50.0737],[12.6481,50.0785],[12.6475,50.0771],[12.6451,50.0771],[12.6467,50.0751],[12.642,50.0703],[12.6441,50.0657],[12.6383,50.0619],[12.6381,50.0571],[12.6303,50.0579],[12.6285,50.0569],[12.6299,50.0545],[12.6264,50.0549],[12.625,50.0522],[12.6154,50.049],[12.6067,50.0499],[12.6069,50.0555],[12.6027,50.0582],[12.5965,50.0593],[12.5939,50.0573],[12.5881,50.0577],[12.5847,50.0583],[12.5828,50.0606],[12.5792,50.0583],[12.5766,50.0593],[12.5756,50.0624],[12.5776,50.0647],[12.5751,50.0664],[12.5758,50.0688],[12.58,50.0691],[12.5785,50.0725],[12.5799,50.0757],[12.5771,50.0771],[12.5817,50.0775],[12.5756,50.0802],[12.5779,50.0801],[12.5717,50.0828],[12.5698,50.0824],[12.5699,50.0806],[12.5674,50.0808],[12.5649,50.0827],[12.5671,50.0829],[12.5632,50.0832],[12.5612,50.0852],[12.5456,50.0838],[12.5466,50.0863],[12.541,50.0848],[12.5389,50.0854],[12.5381,50.0891],[12.5306,50.0897],[12.528,50.0934],[12.5289,50.0949],[12.5263,50.0958],[12.5288,50.0973],[12.5279,50.1001],[12.5302,50.1038],[12.523,50.106],[12.522,50.1106],[12.518,50.1111],[12.5205,50.1122],[12.5184,50.115],[12.5169,50.1127],[12.5099,50.1122],[12.505,50.1166],[12.4909,50.1185],[12.4841,50.1147],[12.4824,50.1152],[12.481,50.1201],[12.4876,50.1214],[12.4852,50.1233],[12.4876,50.1285],[12.4856,50.1303],[12.4886,50.1361],[12.4847,50.1471],[12.4855,50.1522],[12.4953,50.1574],[12.5024,50.1577],[12.5041,50.1602],[12.5086,50.1612],[12.5113,50.16],[12.5108,50.1675],[12.5074,50.1718],[12.5076,50.1788],[12.5031,50.1814],[12.4931,50.1796],[12.4879,50.1821],[12.4871,50.1801],[12.4894,50.1853],[12.5037,50.193],[12.502,50.1961],[12.5067,50.1993],[12.5011,50.1998],[12.5001,50.2026],[12.4938,50.2053],[12.4946,50.2086],[12.5013,50.2142],[12.5038,50.2208],[12.498,50.2266],[12.4859,50.2319],[12.4792,50.2386],[12.4783,50.2426],[12.4682,50.2489],[12.466,50.2536],[12.47,50.2596],[12.4626,50.2608],[12.4583,50.2639],[12.4503,50.2621],[12.4349,50.272],[12.4222,50.2712],[12.4273,50.2773],[12.4177,50.2719],[12.4196,50.2696],[12.4173,50.2685],[12.4181,50.2669],[12.4159,50.2666],[12.4158,50.2699],[12.4138,50.2697],[12.415,50.274],[12.3951,50.2814],[12.3895,50.2864],[12.3824,50.2891],[12.3942,50.2897],[12.4006,50.295],[12.4009,50.2991],[12.4031,50.3009],[12.3984,50.3081],[12.4008,50.3188],[12.3985,50.3215],[12.4048,50.3242],[12.4168,50.3246],[12.4213,50.3228],[12.4254,50.3246],[12.431,50.3228],[12.4373,50.3279],[12.435,50.3327],[12.4425,50.3421],[12.4498,50.3465],[12.4586,50.3486],[12.4604,50.3518],[12.4686,50.3547],[12.4806,50.3473],[12.484,50.3471],[12.4896,50.3499],[12.4927,50.3563],[12.4876,50.3624],[12.4884,50.3675],[12.4865,50.3709],[12.4903,50.3759],[12.496,50.3791],[12.5096,50.3916],[12.5121,50.3974],[12.5293,50.3971],[12.534,50.3999],[12.5422,50.3986],[12.5461,50.401],[12.5505,50.3993],[12.5583,50.3995],[12.5751,50.4035],[12.5802,50.4073],[12.5912,50.4077],[12.6,50.4059],[12.6073,50.4084],[12.6087,50.4112],[12.6174,50.4158]]],"crs":null}},{"type":"Feature","properties":{"id":4,"name":"Volební obvod č. 4, sídlo: Most","active":false},"geometry":{"type":"Polygon","coordinates":[[[13.5589,50.7149],[13.5689,50.7125],[13.5738,50.7138],[13.5793,50.7125],[13.5868,50.7131],[13.5899,50.7064],[13.5884,50.7047],[13.5918,50.7015],[13.6113,50.7008],[13.6111,50.6993],[13.6185,50.6974],[13.61,50.6922],[13.6111,50.6897],[13.6132,50.6885],[13.6204,50.6904],[13.6221,50.6873],[13.6245,50.6886],[13.6232,50.6851],[13.6293,50.6859],[13.6329,50.6843],[13.6263,50.6809],[13.6283,50.6791],[13.6242,50.6795],[13.619,50.6775],[13.6306,50.6737],[13.6351,50.67],[13.6258,50.6689],[13.623,50.6645],[13.6172,50.6609],[13.6142,50.6555],[13.6151,50.6533],[13.6343,50.6501],[13.6398,50.6442],[13.6476,50.6423],[13.6554,50.6304],[13.6551,50.628],[13.661,50.6215],[13.6688,50.6196],[13.6738,50.6204],[13.6626,50.6177],[13.658,50.6136],[13.659,50.6119],[13.6568,50.6103],[13.6606,50.6053],[13.6688,50.6023],[13.6847,50.6009],[13.6849,50.5986],[13.6878,50.5984],[13.6844,50.5978],[13.6849,50.5938],[13.6882,50.5931],[13.6848,50.5847],[13.6889,50.5836],[13.6927,50.5859],[13.6914,50.5873],[13.7022,50.5837],[13.6996,50.5827],[13.7051,50.5809],[13.7028,50.5791],[13.7093,50.578],[13.7052,50.5776],[13.7026,50.5702],[13.695,50.57],[13.6973,50.5666],[13.6933,50.5589],[13.6837,50.5572],[13.6827,50.5537],[13.6913,50.5535],[13.6913,50.5503],[13.702,50.554],[13.7021,50.5517],[13.7116,50.5499],[13.7156,50.5442],[13.7197,50.5468],[13.7186,50.5438],[13.7275,50.5447],[13.7318,50.5438],[13.7323,50.542],[13.7357,50.5421],[13.7345,50.5461],[13.7424,50.5471],[13.7466,50.5375],[13.7556,50.5373],[13.7545,50.5299],[13.7513,50.5281],[13.7531,50.5276],[13.7566,50.5301],[13.7601,50.529],[13.7575,50.5247],[13.7621,50.5244],[13.7612,50.5192],[13.7591,50.5196],[13.7592,50.5166],[13.7568,50.5156],[13.7611,50.5115],[13.757,50.5122],[13.7571,50.5137],[13.7522,50.5105],[13.7512,50.5078],[13.7542,50.5052],[13.7526,50.5045],[13.7651,50.5012],[13.7671,50.4976],[13.7831,50.4942],[13.782,50.491],[13.7792,50.4905],[13.782,50.4901],[13.7798,50.487],[13.7727,50.4861],[13.7763,50.4831],[13.7722,50.4832],[13.7699,50.4811],[13.774,50.4812],[13.7811,50.4728],[13.7806,50.4703],[13.7848,50.4698],[13.7784,50.465],[13.7724,50.4639],[13.7731,50.4575],[13.7709,50.4542],[13.7736,50.4536],[13.77,50.4486],[13.7732,50.4474],[13.7752,50.4488],[13.7825,50.444],[13.7937,50.4409],[13.7944,50.4331],[13.7925,50.4301],[13.7833,50.4263],[13.7719,50.4259],[13.7653,50.4273],[13.7602,50.426],[13.76,50.4232],[13.7545,50.4216],[13.7162,50.4175],[13.7031,50.4141],[13.7008,50.4152],[13.6998,50.4208],[13.6711,50.4247],[13.6713,50.4264],[13.6642,50.4263],[13.6612,50.4284],[13.6414,50.4285],[13.632,50.4308],[13.631,50.4223],[13.6251,50.4181],[13.6101,50.4202],[13.6073,50.4107],[13.5915,50.4123],[13.5944,50.4175],[13.5781,50.4202],[13.5795,50.4222],[13.5677,50.4234],[13.5684,50.4256],[13.5601,50.4285],[13.5622,50.4348],[13.5653,50.4376],[13.5676,50.4375],[13.5661,50.4443],[13.5701,50.4459],[13.5635,50.4455],[13.5642,50.4504],[13.5495,50.4539],[13.5513,50.4607],[13.5446,50.462],[13.5462,50.4663],[13.5485,50.4656],[13.5532,50.472],[13.5575,50.4741],[13.5591,50.4809],[13.5614,50.4811],[13.5526,50.4876],[13.5336,50.4886],[13.5292,50.4969],[13.5224,50.5004],[13.5258,50.5016],[13.5255,50.5029],[13.5282,50.503],[13.5277,50.5043],[13.5196,50.5057],[13.5202,50.5075],[13.5218,50.5069],[13.52,50.5098],[13.5235,50.5142],[13.5128,50.5107],[13.5114,50.5113],[13.5132,50.5123],[13.5066,50.5154],[13.5112,50.5177],[13.5069,50.5177],[13.5111,50.5195],[13.5086,50.52],[13.5073,50.5224],[13.5092,50.5228],[13.5061,50.533],[13.4927,50.5432],[13.4937,50.5462],[13.4873,50.5424],[13.4852,50.5417],[13.4843,50.543],[13.4797,50.5409],[13.4771,50.5432],[13.476,50.5496],[13.4668,50.5548],[13.466,50.5631],[13.4566,50.5613],[13.4541,50.564],[13.4517,50.5634],[13.4504,50.5594],[13.4443,50.556],[13.4424,50.5566],[13.4355,50.5537],[13.4358,50.5569],[13.4321,50.5584],[13.4303,50.563],[13.433,50.5694],[13.4347,50.5707],[13.4411,50.5707],[13.4475,50.5746],[13.4464,50.5765],[13.4329,50.5831],[13.4409,50.5874],[13.4349,50.5866],[13.431,50.5823],[13.4254,50.582],[13.4202,50.5793],[13.4176,50.5801],[13.4162,50.5779],[13.4219,50.5775],[13.42,50.5748],[13.4152,50.5768],[13.4114,50.5747],[13.4096,50.5768],[13.4029,50.5777],[13.4014,50.5806],[13.3894,50.5817],[13.3874,50.5866],[13.3804,50.5886],[13.3661,50.5987],[13.3653,50.6029],[13.3684,50.6051],[13.364,50.6077],[13.3659,50.6113],[13.3617,50.6164],[13.3679,50.6192],[13.3701,50.6249],[13.3779,50.6284],[13.3743,50.6327],[13.3756,50.6367],[13.3736,50.6376],[13.3746,50.6413],[13.3705,50.6501],[13.3734,50.6508],[13.3829,50.6449],[13.3859,50.6469],[13.3919,50.6467],[13.3925,50.6418],[13.3949,50.6418],[13.4024,50.6351],[13.4056,50.6347],[13.4071,50.6284],[13.4136,50.622],[13.4122,50.6187],[13.4151,50.6166],[13.4187,50.6155],[13.4257,50.6166],[13.4272,50.6155],[13.4251,50.613],[13.4291,50.6108],[13.4414,50.6113],[13.451,50.606],[13.46,50.6043],[13.4623,50.6019],[13.4649,50.6018],[13.4665,50.606],[13.4776,50.6125],[13.4774,50.6154],[13.4825,50.6194],[13.4941,50.6246],[13.4977,50.6321],[13.5244,50.6391],[13.5232,50.6426],[13.526,50.6495],[13.5179,50.6483],[13.5129,50.6539],[13.5305,50.6682],[13.5403,50.6682],[13.5387,50.6732],[13.5445,50.6776],[13.54,50.6908],[13.5272,50.6992],[13.5253,50.7045],[13.5387,50.706],[13.5449,50.7113],[13.5589,50.7149]]],"crs":null}},{"type":"Feature","properties":{"id":5,"name":"Volební obvod č. 5, sídlo: Chomutov","active":false},"geometry":{"type":"Polygon","coordinates":[[[13.3644,50.6181],[13.3617,50.6164],[13.3659,50.6113],[13.364,50.6077],[13.3684,50.6051],[13.3653,50.6029],[13.3661,50.5987],[13.3804,50.5886],[13.3874,50.5866],[13.3894,50.5817],[13.4014,50.5806],[13.4029,50.5777],[13.4096,50.5768],[13.4114,50.5747],[13.4152,50.5768],[13.42,50.5748],[13.4219,50.5775],[13.4162,50.5779],[13.4176,50.5801],[13.4202,50.5793],[13.4254,50.582],[13.431,50.5823],[13.4349,50.5866],[13.4409,50.5874],[13.4329,50.5831],[13.4464,50.5765],[13.4475,50.5746],[13.4411,50.5707],[13.4347,50.5707],[13.433,50.5694],[13.4303,50.563],[13.4321,50.5584],[13.4358,50.5569],[13.4355,50.5537],[13.4424,50.5566],[13.4443,50.556],[13.4504,50.5594],[13.4517,50.5634],[13.4541,50.564],[13.4566,50.5613],[13.466,50.5631],[13.4668,50.5548],[13.476,50.5496],[13.4771,50.5432],[13.4797,50.5409],[13.4843,50.543],[13.4852,50.5417],[13.4873,50.5424],[13.4937,50.5462],[13.4927,50.5432],[13.5061,50.533],[13.5092,50.5228],[13.5073,50.5224],[13.5086,50.52],[13.5111,50.5195],[13.5069,50.5177],[13.5112,50.5177],[13.5066,50.5154],[13.5132,50.5123],[13.5114,50.5113],[13.5128,50.5107],[13.5235,50.5142],[13.52,50.5098],[13.5218,50.5069],[13.5202,50.5075],[13.5196,50.5057],[13.5277,50.5043],[13.5282,50.503],[13.5255,50.5029],[13.5258,50.5016],[13.5224,50.5004],[13.5292,50.4969],[13.5336,50.4886],[13.5526,50.4876],[13.5614,50.4811],[13.5591,50.4809],[13.5575,50.4741],[13.5532,50.472],[13.5485,50.4656],[13.5462,50.4663],[13.5446,50.462],[13.5513,50.4607],[13.5495,50.4539],[13.5642,50.4504],[13.5635,50.4455],[13.5701,50.4459],[13.5661,50.4443],[13.5676,50.4375],[13.5653,50.4376],[13.5622,50.4348],[13.5601,50.4285],[13.5604,50.4244],[13.5553,50.4227],[13.5528,50.4163],[13.5479,50.4123],[13.5419,50.4124],[13.5443,50.4085],[13.5425,50.4087],[13.5399,50.4062],[13.5363,50.3992],[13.54,50.3985],[13.539,50.3961],[13.543,50.3944],[13.5445,50.3954],[13.5497,50.3935],[13.5474,50.3907],[13.5551,50.387],[13.5529,50.381],[13.559,50.3772],[13.5539,50.3775],[13.5559,50.3794],[13.55,50.3828],[13.5491,50.3818],[13.5447,50.3828],[13.5432,50.381],[13.5383,50.3805],[13.5363,50.3778],[13.5336,50.3782],[13.5305,50.374],[13.5261,50.3768],[13.5296,50.3798],[13.5218,50.3809],[13.5163,50.3859],[13.5107,50.3859],[13.5087,50.3837],[13.5093,50.3873],[13.5082,50.3838],[13.5063,50.3859],[13.5057,50.3844],[13.5035,50.3845],[13.5058,50.3836],[13.5053,50.3822],[13.492,50.3809],[13.4955,50.3797],[13.4921,50.3763],[13.4897,50.3767],[13.4896,50.375],[13.4959,50.3718],[13.497,50.3731],[13.4972,50.3706],[13.4868,50.3714],[13.4784,50.3652],[13.4694,50.3687],[13.4695,50.365],[13.4624,50.3668],[13.4614,50.3655],[13.4568,50.3695],[13.4508,50.3669],[13.4446,50.3688],[13.4312,50.3679],[13.4305,50.3661],[13.433,50.3639],[13.43,50.3621],[13.4375,50.3521],[13.4438,50.3494],[13.4506,50.3492],[13.4509,50.348],[13.4489,50.3414],[13.4515,50.3398],[13.439,50.3424],[13.4383,50.3361],[13.4396,50.334],[13.4517,50.3334],[13.4519,50.3308],[13.4443,50.3269],[13.4295,50.3243],[13.4261,50.3224],[13.4248,50.3157],[13.4295,50.3142],[13.4221,50.3153],[13.4247,50.3139],[13.4239,50.3127],[13.4274,50.3122],[13.4311,50.3092],[13.4319,50.3065],[13.4286,50.3066],[13.4279,50.304],[13.4302,50.3025],[13.4346,50.3027],[13.4342,50.3005],[13.4268,50.3003],[13.4274,50.2995],[13.423,50.2994],[13.4247,50.2977],[13.4146,50.2964],[13.3984,50.2962],[13.4026,50.282],[13.3936,50.2807],[13.395,50.2737],[13.3972,50.2738],[13.3978,50.2718],[13.3957,50.2695],[13.3873,50.269],[13.3835,50.2663],[13.3841,50.2633],[13.38,50.2606],[13.3671,50.2594],[13.3613,50.2684],[13.3583,50.2685],[13.3582,50.2705],[13.3535,50.2701],[13.3534,50.2724],[13.3581,50.2736],[13.353,50.2779],[13.3402,50.2753],[13.335,50.2758],[13.337,50.2745],[13.3304,50.274],[13.3163,50.2678],[13.3102,50.2672],[13.3197,50.2658],[13.3161,50.2592],[13.3057,50.2598],[13.3011,50.2536],[13.2936,50.251],[13.2953,50.2418],[13.2982,50.2424],[13.2979,50.2402],[13.275,50.2407],[13.273,50.2364],[13.2639,50.2364],[13.2622,50.2303],[13.2709,50.2255],[13.2775,50.2239],[13.2762,50.2198],[13.2594,50.2196],[13.2511,50.2221],[13.2519,50.2242],[13.2475,50.2259],[13.2513,50.2257],[13.2556,50.2292],[13.247,50.23],[13.2456,50.2328],[13.2427,50.2333],[13.2337,50.2316],[13.2305,50.2326],[13.2234,50.2397],[13.2253,50.2418],[13.2222,50.2424],[13.2242,50.246],[13.2341,50.2456],[13.238,50.2481],[13.2375,50.2525],[13.2333,50.2569],[13.2327,50.2632],[13.2298,50.263],[13.2304,50.269],[13.2334,50.2728],[13.2199,50.2744],[13.2149,50.2731],[13.2143,50.2756],[13.2202,50.278],[13.2211,50.2822],[13.1993,50.2799],[13.2029,50.2829],[13.2218,50.2843],[13.2188,50.2865],[13.2238,50.2865],[13.2271,50.289],[13.2244,50.2899],[13.2232,50.2944],[13.2294,50.2973],[13.2345,50.2966],[13.2341,50.3029],[13.2284,50.3032],[13.2282,50.3067],[13.2235,50.3063],[13.2246,50.3096],[13.2206,50.313],[13.2316,50.321],[13.2362,50.3216],[13.235,50.3244],[13.2375,50.3254],[13.2369,50.3274],[13.2325,50.3319],[13.2378,50.3356],[13.235,50.3378],[13.2279,50.3389],[13.2222,50.3526],[13.2078,50.3545],[13.2109,50.3575],[13.2091,50.3616],[13.2021,50.359],[13.194,50.3533],[13.1909,50.3545],[13.1868,50.3531],[13.1842,50.3494],[13.1839,50.3544],[13.1697,50.3522],[13.1608,50.3535],[13.1587,50.3524],[13.156,50.3545],[13.1525,50.3544],[13.1492,50.3576],[13.1403,50.3574],[13.1336,50.3601],[13.12,50.3539],[13.1223,50.3513],[13.1176,50.3504],[13.1152,50.3453],[13.1144,50.3494],[13.1104,50.3512],[13.1123,50.3531],[13.1099,50.3544],[13.1052,50.3536],[13.098,50.3571],[13.0932,50.3548],[13.093,50.358],[13.0976,50.3602],[13.1005,50.3686],[13.1083,50.37],[13.1088,50.3723],[13.0972,50.3826],[13.0807,50.3805],[13.0696,50.3897],[13.0671,50.3887],[13.0691,50.387],[13.067,50.3866],[13.0472,50.389],[13.0444,50.3842],[13.0278,50.3896],[13.0216,50.3958],[12.9962,50.3908],[12.9978,50.3931],[12.9945,50.3912],[12.988,50.3935],[12.9744,50.3894],[12.9657,50.4002],[12.9483,50.4048],[12.9477,50.4073],[12.944,50.4061],[12.9411,50.4073],[12.9423,50.4118],[12.9476,50.4136],[12.9638,50.4147],[12.9853,50.4205],[12.9956,50.4337],[13.0086,50.4394],[13.02,50.4467],[13.0241,50.454],[13.0201,50.4591],[13.0185,50.4671],[13.0239,50.4849],[13.0227,50.4872],[13.0324,50.5007],[13.0318,50.5099],[13.0393,50.5097],[13.0426,50.5117],[13.0507,50.5075],[13.0562,50.5013],[13.0854,50.5003],[13.1035,50.5037],[13.12,50.5141],[13.1327,50.5187],[13.1345,50.5144],[13.1388,50.5115],[13.1367,50.5065],[13.1426,50.5057],[13.1534,50.5086],[13.1712,50.506],[13.178,50.503],[13.1954,50.5033],[13.1974,50.506],[13.1952,50.5162],[13.2077,50.5217],[13.2098,50.5305],[13.2222,50.5421],[13.2218,50.5461],[13.2295,50.5502],[13.2287,50.5553],[13.2233,50.5586],[13.2231,50.5635],[13.2261,50.5664],[13.2361,50.5703],[13.2332,50.5793],[13.2375,50.5801],[13.2396,50.5847],[13.2476,50.5871],[13.2477,50.5911],[13.2519,50.5948],[13.256,50.5955],[13.2613,50.5922],[13.2788,50.5931],[13.2841,50.5887],[13.2858,50.5814],[13.2912,50.575],[13.3004,50.5789],[13.3231,50.5811],[13.3252,50.5829],[13.3245,50.5877],[13.3213,50.5896],[13.323,50.5975],[13.3194,50.602],[13.326,50.6047],[13.3249,50.6085],[13.3348,50.6068],[13.3358,50.6102],[13.3388,50.611],[13.3377,50.6128],[13.3518,50.614],[13.3539,50.6158],[13.3589,50.6163],[13.3603,50.6195],[13.3644,50.6181]]],"crs":null}},{"type":"Feature","properties":{"id":7,"name":"Volební obvod č. 7, sídlo: Plzeň-město","active":false},"geometry":{"type":"Polygon","coordinates":[[[13.3989,49.7457],[13.4063,49.7386],[13.4112,49.7364],[13.4207,49.7359],[13.4252,49.7363],[13.4288,49.7424],[13.4373,49.7445],[13.4451,49.7441],[13.4478,49.7466],[13.4704,49.7463],[13.4696,49.7437],[13.4815,49.739],[13.4846,49.7301],[13.5011,49.7331],[13.5016,49.7348],[13.5113,49.7345],[13.5168,49.7373],[13.5174,49.7322],[13.5293,49.7247],[13.5334,49.7252],[13.5326,49.7227],[13.539,49.721],[13.5379,49.72],[13.5421,49.7175],[13.5429,49.7145],[13.5483,49.7184],[13.5556,49.7169],[13.5479,49.7117],[13.5443,49.7126],[13.5336,49.7093],[13.5328,49.7076],[13.5329,49.7089],[13.5295,49.7092],[13.5323,49.7055],[13.5372,49.7038],[13.5353,49.7021],[13.5395,49.6977],[13.5406,49.6926],[13.5617,49.6997],[13.5599,49.6935],[13.5613,49.6921],[13.5726,49.6901],[13.5747,49.6882],[13.5761,49.6915],[13.5884,49.6905],[13.5909,49.6917],[13.5941,49.6892],[13.5875,49.6854],[13.5926,49.6844],[13.5949,49.6818],[13.5897,49.6791],[13.5918,49.6784],[13.5885,49.6688],[13.5895,49.6657],[13.5863,49.6646],[13.5861,49.6615],[13.5784,49.6616],[13.5802,49.6578],[13.5768,49.6566],[13.5786,49.6499],[13.5972,49.6523],[13.6141,49.6454],[13.6247,49.6492],[13.631,49.6397],[13.6361,49.636],[13.6333,49.6397],[13.6358,49.6421],[13.6396,49.6421],[13.6417,49.6448],[13.6409,49.6476],[13.6459,49.6483],[13.6408,49.6498],[13.6412,49.6543],[13.6471,49.6545],[13.6503,49.6493],[13.6533,49.6495],[13.6542,49.6515],[13.6598,49.6483],[13.6861,49.6453],[13.6982,49.6406],[13.716,49.6426],[13.7247,49.6398],[13.737,49.6398],[13.7418,49.6352],[13.7518,49.633],[13.7536,49.6269],[13.7409,49.6223],[13.7426,49.6213],[13.7504,49.6232],[13.7537,49.6209],[13.7539,49.6153],[13.7473,49.6104],[13.7509,49.6052],[13.7517,49.596],[13.7459,49.5892],[13.7389,49.5864],[13.7436,49.5764],[13.7403,49.5699],[13.7419,49.5671],[13.7385,49.5616],[13.7429,49.5618],[13.7455,49.5588],[13.737,49.5449],[13.7391,49.5449],[13.7423,49.5515],[13.7464,49.5526],[13.7537,49.5505],[13.7556,49.5482],[13.765,49.5463],[13.7625,49.5377],[13.7724,49.5359],[13.7684,49.52],[13.7647,49.5193],[13.7644,49.5183],[13.7674,49.5179],[13.7658,49.514],[13.7568,49.5126],[13.7605,49.5099],[13.7539,49.5089],[13.7533,49.507],[13.7506,49.5068],[13.7503,49.5053],[13.7584,49.5023],[13.7584,49.4972],[13.7517,49.4978],[13.7518,49.4946],[13.7474,49.4955],[13.7477,49.4925],[13.7509,49.4917],[13.7485,49.4904],[13.7501,49.4887],[13.7478,49.4868],[13.7587,49.4821],[13.7589,49.4843],[13.769,49.4828],[13.7683,49.4812],[13.7591,49.4812],[13.7614,49.4808],[13.7601,49.477],[13.7622,49.4808],[13.7661,49.4774],[13.7609,49.4753],[13.7664,49.4763],[13.7689,49.4746],[13.7663,49.4746],[13.7633,49.471],[13.7666,49.4658],[13.7621,49.4643],[13.762,49.4611],[13.7679,49.4591],[13.765,49.4586],[13.7641,49.4527],[13.7697,49.4477],[13.7715,49.4487],[13.7718,49.4445],[13.7751,49.4437],[13.7778,49.4408],[13.7788,49.4422],[13.7793,49.4395],[13.7767,49.4401],[13.7766,49.4385],[13.7785,49.437],[13.7907,49.4351],[13.7779,49.4336],[13.7746,49.4304],[13.7752,49.4284],[13.768,49.4261],[13.7672,49.4226],[13.7634,49.4224],[13.7637,49.4209],[13.7674,49.4211],[13.7617,49.4184],[13.7638,49.4173],[13.7619,49.4114],[13.7656,49.4109],[13.7645,49.4071],[13.7613,49.4053],[13.7639,49.403],[13.7584,49.4038],[13.7591,49.4021],[13.7624,49.4022],[13.7586,49.3992],[13.7637,49.3977],[13.7622,49.3967],[13.765,49.3939],[13.7639,49.388],[13.7756,49.3815],[13.7713,49.3806],[13.7757,49.3793],[13.7709,49.3784],[13.7714,49.3761],[13.7772,49.3768],[13.7816,49.374],[13.7849,49.375],[13.7916,49.3684],[13.7892,49.3673],[13.7901,49.3645],[13.7888,49.3647],[13.7907,49.3638],[13.7875,49.3641],[13.7861,49.3611],[13.7812,49.3594],[13.7784,49.3557],[13.7822,49.3546],[13.7853,49.3588],[13.7833,49.356],[13.7855,49.3555],[13.7831,49.3534],[13.7856,49.3519],[13.7755,49.3503],[13.7752,49.3476],[13.7691,49.3418],[13.7681,49.3369],[13.7722,49.3367],[13.772,49.3355],[13.7675,49.335],[13.7661,49.3328],[13.7713,49.329],[13.7701,49.3235],[13.7555,49.3252],[13.75,49.3229],[13.7507,49.3208],[13.7477,49.3204],[13.7477,49.3182],[13.7361,49.3161],[13.7338,49.3079],[13.7222,49.3106],[13.7222,49.3071],[13.7274,49.3027],[13.7253,49.2994],[13.721,49.2993],[13.7243,49.2959],[13.7262,49.296],[13.7245,49.2952],[13.725,49.293],[13.7351,49.2921],[13.736,49.2892],[13.7337,49.2857],[13.7306,49.2851],[13.7309,49.2803],[13.7243,49.2772],[13.7168,49.2787],[13.7127,49.2767],[13.7002,49.28],[13.702,49.2823],[13.6992,49.2844],[13.7014,49.2834],[13.7026,49.2862],[13.7011,49.2877],[13.705,49.2876],[13.7075,49.2899],[13.7052,49.2934],[13.696,49.2943],[13.6964,49.296],[13.6903,49.291],[13.69,49.2938],[13.6811,49.2959],[13.6769,49.2933],[13.6699,49.2935],[13.6691,49.2947],[13.6658,49.293],[13.6599,49.2946],[13.6577,49.2919],[13.6488,49.294],[13.6528,49.2974],[13.6516,49.3011],[13.6375,49.3],[13.6205,49.3079],[13.6195,49.3071],[13.6218,49.3057],[13.6185,49.3053],[13.6123,49.3015],[13.6024,49.3079],[13.5934,49.3098],[13.5867,49.3059],[13.5802,49.3098],[13.5751,49.3105],[13.573,49.3088],[13.5748,49.3071],[13.5725,49.3054],[13.5723,49.3004],[13.57,49.3007],[13.5697,49.2981],[13.5588,49.2938],[13.5516,49.3004],[13.5464,49.3002],[13.5475,49.2974],[13.5442,49.3002],[13.54,49.3008],[13.5419,49.3017],[13.5372,49.3061],[13.535,49.3055],[13.5321,49.3008],[13.5284,49.3008],[13.5283,49.2993],[13.5255,49.3009],[13.521,49.2996],[13.5244,49.3027],[13.5107,49.3028],[13.5115,49.2984],[13.5058,49.2964],[13.4986,49.2989],[13.4946,49.3031],[13.4903,49.3028],[13.4879,49.3055],[13.4858,49.3045],[13.4848,49.3074],[13.4786,49.3049],[13.4777,49.3084],[13.4658,49.307],[13.4703,49.3145],[13.4792,49.3178],[13.4786,49.323],[13.4757,49.3229],[13.4775,49.3255],[13.4713,49.3292],[13.4735,49.3348],[13.4669,49.3332],[13.4666,49.3307],[13.4635,49.3304],[13.4654,49.3287],[13.4611,49.328],[13.4518,49.3371],[13.4479,49.3366],[13.4444,49.3383],[13.4439,49.3416],[13.4547,49.3442],[13.4621,49.343],[13.4686,49.3453],[13.4689,49.3467],[13.4632,49.3476],[13.4552,49.3529],[13.4468,49.3496],[13.4404,49.3527],[13.4311,49.354],[13.427,49.3507],[13.4193,49.3524],[13.4147,49.3547],[13.412,49.3588],[13.4079,49.3592],[13.4077,49.3638],[13.4051,49.3655],[13.401,49.366],[13.3956,49.3642],[13.3893,49.3664],[13.3965,49.3672],[13.3962,49.3718],[13.3987,49.3721],[13.3991,49.3759],[13.408,49.3774],[13.4115,49.3807],[13.4127,49.38],[13.4165,49.3821],[13.4314,49.3814],[13.4351,49.3891],[13.4321,49.3888],[13.4326,49.392],[13.4298,49.392],[13.4293,49.3951],[13.4338,49.3944],[13.4395,49.3967],[13.4411,49.395],[13.4444,49.3949],[13.4464,49.3966],[13.4456,49.4002],[13.4382,49.4046],[13.4311,49.4054],[13.4315,49.4042],[13.4258,49.4037],[13.4264,49.4103],[13.4205,49.4184],[13.4237,49.4238],[13.4304,49.4227],[13.4345,49.4202],[13.444,49.4213],[13.4473,49.4272],[13.4431,49.4289],[13.4446,49.4297],[13.4424,49.4308],[13.4429,49.4345],[13.4507,49.4367],[13.4482,49.4399],[13.4507,49.4409],[13.4491,49.4444],[13.4372,49.4435],[13.4288,49.4449],[13.4254,49.4444],[13.4263,49.4431],[13.4216,49.4451],[13.4199,49.4406],[13.4146,49.4401],[13.415,49.4428],[13.4116,49.4462],[13.4089,49.446],[13.4006,49.45],[13.4028,49.454],[13.3892,49.4552],[13.3894,49.4516],[13.3832,49.4554],[13.3791,49.4551],[13.3788,49.4573],[13.3757,49.4578],[13.3715,49.4571],[13.368,49.4538],[13.3605,49.4531],[13.3569,49.4601],[13.3428,49.4585],[13.3393,49.4557],[13.3351,49.4558],[13.3297,49.4535],[13.3244,49.4494],[13.321,49.4522],[13.3105,49.4537],[13.313,49.455],[13.3075,49.4561],[13.2995,49.4545],[13.2923,49.4556],[13.2898,49.4526],[13.279,49.4537],[13.275,49.456],[13.2775,49.4578],[13.2764,49.4601],[13.2727,49.4602],[13.2748,49.4669],[13.2694,49.4663],[13.2681,49.4626],[13.2581,49.4667],[13.2526,49.4673],[13.2611,49.4701],[13.2632,49.4735],[13.2597,49.4817],[13.2514,49.4837],[13.2349,49.483],[13.2319,49.4814],[13.24,49.4773],[13.2388,49.4717],[13.2343,49.4698],[13.2417,49.4641],[13.2435,49.4612],[13.2422,49.4604],[13.2363,49.4601],[13.2337,49.4621],[13.2301,49.4611],[13.2156,49.4622],[13.2147,49.4668],[13.2163,49.468],[13.2055,49.4677],[13.2019,49.4656],[13.2045,49.4692],[13.2009,49.4679],[13.2007,49.4759],[13.1968,49.4789],[13.2003,49.4806],[13.2004,49.4834],[13.1871,49.4846],[13.1782,49.4809],[13.1793,49.4797],[13.1765,49.4784],[13.1731,49.4826],[13.1645,49.4868],[13.1649,49.4909],[13.1674,49.4915],[13.1665,49.4931],[13.1731,49.4951],[13.1732,49.5027],[13.1808,49.5047],[13.1797,49.5058],[13.1821,49.5103],[13.1844,49.5109],[13.182,49.5134],[13.1661,49.5185],[13.1631,49.5251],[13.154,49.5227],[13.1499,49.5246],[13.1493,49.5276],[13.1408,49.5269],[13.1391,49.5313],[13.1352,49.5321],[13.1405,49.5348],[13.1349,49.5408],[13.1318,49.5407],[13.1325,49.5441],[13.1407,49.5444],[13.1449,49.5473],[13.1432,49.5485],[13.1346,49.548],[13.133,49.5494],[13.129,49.5485],[13.1259,49.556],[13.1179,49.5576],[13.1092,49.5555],[13.1088,49.5538],[13.1117,49.5531],[13.1096,49.5479],[13.0989,49.5461],[13.0972,49.5477],[13.0981,49.5557],[13.0907,49.555],[13.0909,49.5602],[13.0867,49.5591],[13.0803,49.5611],[13.0802,49.5623],[13.0834,49.562],[13.0823,49.5634],[13.0859,49.5633],[13.0864,49.5675],[13.0892,49.57],[13.0892,49.5734],[13.0834,49.5748],[13.0828,49.5778],[13.0855,49.5807],[13.0877,49.5802],[13.0882,49.5838],[13.0844,49.5838],[13.082,49.5813],[13.0772,49.5814],[13.0775,49.5787],[13.0643,49.5768],[13.0645,49.5754],[13.0593,49.5745],[13.048,49.5752],[13.0483,49.5716],[13.0424,49.5736],[13.0386,49.5727],[13.0373,49.5709],[13.0181,49.5727],[13.0066,49.5782],[13.0028,49.5782],[13.0028,49.5769],[12.9918,49.5784],[12.9899,49.5765],[12.9904,49.5787],[12.9842,49.5793],[12.9843,49.5774],[12.9788,49.5769],[12.9769,49.5804],[12.9654,49.5823],[12.9694,49.5878],[12.9763,49.5894],[12.9798,49.5937],[12.9774,49.5946],[12.978,49.5963],[12.9757,49.5966],[12.9761,49.5995],[12.9741,49.599],[12.9738,49.6027],[12.9711,49.6033],[12.9749,49.6067],[12.9806,49.6068],[12.9812,49.6097],[12.9771,49.6095],[12.9751,49.6113],[12.9774,49.6178],[12.9835,49.6168],[12.9798,49.6181],[12.9849,49.6176],[12.9838,49.6195],[12.9864,49.6201],[12.9859,49.6216],[12.992,49.6217],[12.9908,49.6226],[12.9983,49.6242],[13,49.6253],[12.9995,49.6307],[13.0092,49.6316],[13.0071,49.6337],[13.0105,49.6338],[13.0084,49.6378],[13.0103,49.6391],[13.0211,49.6419],[13.0249,49.6445],[13.039,49.6423],[13.0364,49.644],[13.0393,49.645],[13.0409,49.6514],[13.0473,49.6559],[13.0506,49.6554],[13.0475,49.6626],[13.0564,49.6677],[13.0585,49.6639],[13.074,49.6652],[13.0853,49.6586],[13.0896,49.6586],[13.089,49.6664],[13.0945,49.6675],[13.094,49.6693],[13.1144,49.6746],[13.1096,49.6809],[13.114,49.681],[13.1156,49.6843],[13.1225,49.6832],[13.1228,49.6865],[13.1375,49.6864],[13.1378,49.6895],[13.1426,49.6884],[13.1434,49.6924],[13.1536,49.693],[13.1519,49.6902],[13.156,49.6872],[13.1552,49.6856],[13.1614,49.685],[13.1643,49.6819],[13.1678,49.6842],[13.168,49.6876],[13.1716,49.6895],[13.1703,49.6908],[13.1667,49.689],[13.1683,49.6919],[13.1699,49.6911],[13.182,49.694],[13.189,49.6854],[13.1957,49.6887],[13.1981,49.6837],[13.2035,49.6833],[13.2038,49.6782],[13.2005,49.6769],[13.2005,49.6748],[13.209,49.6742],[13.2053,49.6706],[13.2124,49.6697],[13.217,49.6718],[13.2255,49.6691],[13.2256,49.6708],[13.2416,49.6708],[13.2451,49.6684],[13.2527,49.6732],[13.2584,49.6701],[13.2657,49.6724],[13.2685,49.6827],[13.2769,49.685],[13.2749,49.6874],[13.2861,49.6904],[13.2938,49.6954],[13.2922,49.7006],[13.3024,49.7014],[13.305,49.6948],[13.3024,49.6846],[13.3157,49.6793],[13.3204,49.6835],[13.323,49.6831],[13.3242,49.6846],[13.3311,49.6809],[13.3436,49.683],[13.3515,49.6824],[13.3515,49.6836],[13.3651,49.6809],[13.377,49.6862],[13.3766,49.6892],[13.3922,49.6884],[13.4008,49.6899],[13.4036,49.6885],[13.4003,49.6833],[13.4026,49.681],[13.4225,49.6822],[13.4267,49.6777],[13.4391,49.679],[13.448,49.6845],[13.4397,49.6884],[13.4414,49.6891],[13.439,49.6964],[13.431,49.6981],[13.4294,49.7056],[13.4192,49.702],[13.4133,49.7021],[13.4095,49.7052],[13.4057,49.7044],[13.4049,49.7074],[13.4077,49.7082],[13.4064,49.7097],[13.4083,49.7113],[13.4024,49.7132],[13.3995,49.7074],[13.3943,49.7059],[13.3915,49.7068],[13.3907,49.7123],[13.3989,49.7131],[13.4005,49.7165],[13.398,49.7191],[13.3905,49.7192],[13.3875,49.7212],[13.3889,49.728],[13.383,49.7293],[13.3795,49.733],[13.3844,49.738],[13.3807,49.7412],[13.3901,49.7456],[13.3943,49.746],[13.3919,49.7471],[13.4,49.7484],[13.3989,49.7457]]],"crs":null}},{"type":"Feature","properties":{"id":8,"name":"Volební obvod č. 8, sídlo: Rokycany","active":false},"geometry":{"type":"Polygon","coordinates":[[[13.3262,50.0947],[13.3241,50.0875],[13.329,50.0885],[13.3337,50.0867],[13.3369,50.0917],[13.341,50.0921],[13.3419,50.099],[13.3572,50.1044],[13.3584,50.1025],[13.3518,50.1005],[13.3582,50.0989],[13.3588,50.0964],[13.3555,50.0943],[13.3608,50.0946],[13.3627,50.0923],[13.3658,50.0919],[13.3653,50.0905],[13.3709,50.091],[13.3688,50.0798],[13.3722,50.0771],[13.3725,50.0786],[13.377,50.0777],[13.3868,50.0822],[13.3913,50.0824],[13.3915,50.0805],[13.3954,50.0805],[13.3958,50.083],[13.3985,50.0822],[13.3983,50.0839],[13.3993,50.0823],[13.399,50.0836],[13.4052,50.0855],[13.4048,50.0903],[13.4091,50.0887],[13.4072,50.0819],[13.4098,50.0793],[13.4158,50.0834],[13.4192,50.0765],[13.4257,50.0764],[13.4279,50.0742],[13.4254,50.0728],[13.43,50.0704],[13.426,50.0667],[13.43,50.061],[13.4213,50.0605],[13.4139,50.0625],[13.4141,50.0575],[13.4094,50.0533],[13.412,50.0495],[13.402,50.0457],[13.4008,50.0429],[13.4044,50.041],[13.4006,50.0409],[13.402,50.0393],[13.4005,50.0362],[13.3968,50.0381],[13.3998,50.032],[13.4063,50.0339],[13.4234,50.0346],[13.4242,50.0282],[13.4347,50.0278],[13.4356,50.032],[13.438,50.0343],[13.4416,50.0347],[13.4453,50.0417],[13.4672,50.0401],[13.4711,50.0428],[13.4719,50.0391],[13.4803,50.0391],[13.478,50.0354],[13.4873,50.0322],[13.4931,50.0338],[13.4984,50.0396],[13.5145,50.0417],[13.5206,50.0407],[13.5227,50.0332],[13.5269,50.034],[13.5339,50.0324],[13.5307,50.0319],[13.5376,50.0321],[13.5375,50.0287],[13.5317,50.0306],[13.5084,50.0313],[13.5071,50.0284],[13.5039,50.029],[13.5024,50.0276],[13.5013,50.0222],[13.508,50.0203],[13.5158,50.0209],[13.5214,50.0134],[13.5351,50.015],[13.5534,50.0091],[13.5572,50.0069],[13.5543,50.0047],[13.5625,50.0017],[13.5619,49.9997],[13.5678,49.9979],[13.5664,49.9965],[13.5688,49.9946],[13.5896,49.9927],[13.5932,49.9937],[13.6174,49.9927],[13.6239,49.9939],[13.627,49.9961],[13.632,49.9956],[13.6291,49.9988],[13.6309,50.0004],[13.6405,49.9988],[13.6449,50.0028],[13.6565,50.0019],[13.6589,49.9983],[13.6677,49.9969],[13.6725,49.9826],[13.6756,49.9822],[13.6792,49.9778],[13.6838,49.9767],[13.6872,49.979],[13.692,49.9785],[13.6941,49.9754],[13.6983,49.9735],[13.7008,49.9654],[13.6992,49.9621],[13.7027,49.9621],[13.7096,49.9659],[13.7242,49.9677],[13.7387,49.9638],[13.7481,49.9661],[13.7491,49.9607],[13.7527,49.9582],[13.7486,49.9516],[13.7505,49.9509],[13.7486,49.9495],[13.7508,49.945],[13.7494,49.942],[13.7441,49.9442],[13.7424,49.9429],[13.7454,49.9421],[13.7433,49.9405],[13.7524,49.94],[13.7565,49.943],[13.7611,49.9436],[13.7662,49.9411],[13.7767,49.9395],[13.7829,49.9415],[13.7866,49.9404],[13.7928,49.9346],[13.7976,49.9336],[13.8009,49.9306],[13.809,49.9273],[13.8147,49.9337],[13.8173,49.9345],[13.8162,49.9396],[13.8199,49.9437],[13.8125,49.946],[13.8135,49.9474],[13.8055,49.9463],[13.7988,49.9488],[13.799,49.9579],[13.805,49.9642],[13.8085,49.965],[13.8168,49.9632],[13.8244,49.9686],[13.829,49.9681],[13.8334,49.9641],[13.8395,49.9656],[13.8457,49.9636],[13.8504,49.9674],[13.8518,49.9663],[13.8578,49.9677],[13.8772,49.9625],[13.876,49.9578],[13.8951,49.9564],[13.8972,49.9582],[13.9048,49.9595],[13.9158,49.9584],[13.9198,49.9552],[13.9212,49.9324],[13.9181,49.9338],[13.9116,49.933],[13.9087,49.928],[13.9041,49.926],[13.9027,49.9237],[13.8994,49.9232],[13.8981,49.9209],[13.8882,49.9201],[13.8842,49.9169],[13.8838,49.915],[13.8886,49.913],[13.8993,49.9035],[13.8929,49.9019],[13.8877,49.8961],[13.8849,49.8963],[13.8872,49.8953],[13.8817,49.8926],[13.8815,49.8893],[13.8631,49.8887],[13.8583,49.8852],[13.8525,49.8882],[13.8536,49.8845],[13.8663,49.878],[13.8639,49.8742],[13.8583,49.8712],[13.8687,49.8607],[13.873,49.8586],[13.8713,49.8564],[13.8737,49.8566],[13.869,49.8505],[13.8718,49.8479],[13.8675,49.847],[13.8763,49.8427],[13.8709,49.8394],[13.8795,49.8342],[13.8726,49.8337],[13.8752,49.8319],[13.8795,49.8341],[13.8835,49.8323],[13.8741,49.829],[13.8763,49.8294],[13.8845,49.8206],[13.8938,49.8154],[13.891,49.8142],[13.8889,49.8089],[13.8891,49.8007],[13.8927,49.7957],[13.8876,49.7949],[13.8955,49.7784],[13.8976,49.779],[13.8994,49.7767],[13.8968,49.7758],[13.9063,49.7563],[13.8956,49.7543],[13.8905,49.748],[13.8906,49.7391],[13.901,49.7335],[13.8969,49.7319],[13.8967,49.729],[13.8822,49.7262],[13.8765,49.7338],[13.8716,49.7364],[13.8665,49.7272],[13.8687,49.7228],[13.865,49.7148],[13.8612,49.7124],[13.8576,49.7129],[13.8455,49.7059],[13.8377,49.7059],[13.8403,49.6963],[13.827,49.6915],[13.8238,49.6864],[13.8081,49.6935],[13.7872,49.6816],[13.7933,49.6773],[13.7915,49.6748],[13.7867,49.673],[13.7842,49.6699],[13.7758,49.6716],[13.7715,49.6617],[13.767,49.6607],[13.7639,49.6546],[13.7632,49.6481],[13.7667,49.6471],[13.7668,49.6435],[13.7735,49.638],[13.7682,49.6348],[13.7625,49.6352],[13.7599,49.638],[13.7518,49.633],[13.7418,49.6352],[13.737,49.6398],[13.7247,49.6398],[13.716,49.6426],[13.6982,49.6406],[13.6861,49.6453],[13.6598,49.6483],[13.6542,49.6515],[13.6533,49.6495],[13.6503,49.6493],[13.6471,49.6545],[13.6412,49.6543],[13.6408,49.6498],[13.6459,49.6483],[13.6409,49.6476],[13.6417,49.6448],[13.6396,49.6421],[13.6358,49.6421],[13.6333,49.6397],[13.6361,49.636],[13.631,49.6397],[13.6247,49.6492],[13.6141,49.6454],[13.5972,49.6523],[13.5786,49.6499],[13.5768,49.6566],[13.5802,49.6578],[13.5784,49.6616],[13.5861,49.6615],[13.5863,49.6646],[13.5895,49.6657],[13.5885,49.6688],[13.5918,49.6784],[13.5897,49.6791],[13.5949,49.6818],[13.5926,49.6844],[13.5875,49.6854],[13.5941,49.6892],[13.5909,49.6917],[13.5884,49.6905],[13.5761,49.6915],[13.5747,49.6882],[13.5726,49.6901],[13.5613,49.6921],[13.5599,49.6935],[13.5617,49.6997],[13.5406,49.6926],[13.5395,49.6977],[13.5353,49.7021],[13.5372,49.7038],[13.5323,49.7055],[13.5295,49.7092],[13.5329,49.7089],[13.5328,49.7076],[13.5336,49.7093],[13.5443,49.7126],[13.5479,49.7117],[13.5556,49.7169],[13.5483,49.7184],[13.5429,49.7145],[13.5421,49.7175],[13.5379,49.72],[13.539,49.721],[13.5326,49.7227],[13.5334,49.7252],[13.5293,49.7247],[13.5174,49.7322],[13.5168,49.7373],[13.5113,49.7345],[13.5016,49.7348],[13.5011,49.7331],[13.4846,49.7301],[13.4815,49.739],[13.4696,49.7437],[13.4719,49.758],[13.4759,49.7621],[13.4698,49.7629],[13.4719,49.7752],[13.4595,49.7736],[13.4455,49.778],[13.4477,49.7752],[13.4464,49.7737],[13.4364,49.7747],[13.4282,49.7778],[13.4338,49.7815],[13.435,49.785],[13.4304,49.7874],[13.4245,49.7856],[13.4208,49.779],[13.4145,49.779],[13.41,49.7822],[13.4112,49.7922],[13.4082,49.7905],[13.4086,49.7988],[13.407,49.803],[13.4029,49.8056],[13.3764,49.8052],[13.3666,49.8014],[13.3516,49.8008],[13.3563,49.7927],[13.3633,49.7871],[13.3546,49.7835],[13.3522,49.7774],[13.3475,49.7756],[13.3436,49.7784],[13.3331,49.7808],[13.3333,49.7797],[13.3288,49.7807],[13.3271,49.7778],[13.3256,49.7781],[13.3176,49.7852],[13.3128,49.7828],[13.3084,49.7861],[13.3043,49.7862],[13.3034,49.7909],[13.3007,49.788],[13.2988,49.794],[13.2882,49.7951],[13.2839,49.7916],[13.2798,49.7915],[13.2785,49.7838],[13.2756,49.7828],[13.2749,49.7797],[13.2709,49.7782],[13.2681,49.7738],[13.2708,49.77],[13.2747,49.7701],[13.2785,49.7681],[13.286,49.7684],[13.2858,49.7656],[13.289,49.7658],[13.2898,49.7673],[13.2918,49.7659],[13.2891,49.7611],[13.2889,49.7579],[13.2908,49.7582],[13.2875,49.7454],[13.2851,49.7453],[13.2852,49.7406],[13.2883,49.741],[13.2855,49.7378],[13.2909,49.7381],[13.2914,49.7354],[13.2934,49.7349],[13.3079,49.7372],[13.3081,49.7358],[13.2977,49.7339],[13.306,49.7248],[13.2945,49.717],[13.3015,49.707],[13.3025,49.7044],[13.3004,49.7031],[13.3024,49.7014],[13.2922,49.7006],[13.2938,49.6954],[13.2861,49.6904],[13.2749,49.6874],[13.2769,49.685],[13.2685,49.6827],[13.2657,49.6724],[13.2584,49.6701],[13.2527,49.6732],[13.2451,49.6684],[13.2416,49.6708],[13.2256,49.6708],[13.2255,49.6691],[13.217,49.6718],[13.2124,49.6697],[13.2053,49.6706],[13.209,49.6742],[13.2005,49.6748],[13.2005,49.6769],[13.2038,49.6782],[13.2035,49.6833],[13.1981,49.6837],[13.1957,49.6887],[13.189,49.6854],[13.182,49.694],[13.1699,49.6911],[13.1683,49.6919],[13.1667,49.689],[13.1703,49.6908],[13.1716,49.6895],[13.168,49.6876],[13.1678,49.6842],[13.1643,49.6819],[13.1614,49.685],[13.1552,49.6856],[13.156,49.6872],[13.1519,49.6902],[13.1536,49.693],[13.1434,49.6924],[13.1426,49.6884],[13.1378,49.6895],[13.1375,49.6864],[13.1228,49.6865],[13.1225,49.6832],[13.1156,49.6843],[13.114,49.681],[13.1096,49.6809],[13.1144,49.6746],[13.1132,49.6733],[13.094,49.6693],[13.0945,49.6675],[13.089,49.6664],[13.0896,49.6586],[13.0853,49.6586],[13.074,49.6652],[13.0585,49.6639],[13.0472,49.6775],[13.0501,49.6837],[13.0625,49.6806],[13.0686,49.6813],[13.0705,49.6832],[13.0567,49.6896],[13.0611,49.6927],[13.0605,49.6965],[13.0637,49.6973],[13.0635,49.6989],[13.074,49.6994],[13.0819,49.703],[13.0789,49.7036],[13.0815,49.7053],[13.071,49.7057],[13.0706,49.7102],[13.0566,49.7101],[13.0522,49.7117],[13.0491,49.714],[13.0473,49.719],[13.0528,49.7194],[13.065,49.7256],[13.0683,49.7285],[13.0672,49.731],[13.0736,49.7347],[13.0733,49.7359],[13.0791,49.7373],[13.0836,49.7404],[13.1025,49.7434],[13.108,49.7407],[13.1088,49.7428],[13.1128,49.743],[13.1162,49.7477],[13.1067,49.7459],[13.104,49.753],[13.0989,49.7532],[13.0999,49.7539],[13.0968,49.7544],[13.096,49.756],[13.0918,49.7543],[13.0905,49.759],[13.0867,49.7574],[13.0861,49.7615],[13.0901,49.7657],[13.0885,49.7672],[13.0792,49.7673],[13.0739,49.7698],[13.0711,49.7679],[13.0656,49.769],[13.0658,49.7753],[13.0705,49.7858],[13.0812,49.7889],[13.08,49.7946],[13.0863,49.7965],[13.0917,49.7962],[13.099,49.8036],[13.0909,49.804],[13.0915,49.8058],[13.0878,49.8061],[13.0915,49.8078],[13.0851,49.8134],[13.0812,49.8146],[13.083,49.8171],[13.0664,49.8291],[13.0676,49.8342],[13.0625,49.8361],[13.0573,49.833],[13.0473,49.8392],[13.0462,49.8377],[13.0344,49.8366],[13.0299,49.834],[13.0244,49.8381],[13.0204,49.8391],[13.0257,49.844],[13.0299,49.8533],[13.0333,49.855],[13.0337,49.8534],[13.0371,49.8532],[13.0417,49.8572],[13.0408,49.862],[13.0447,49.8657],[13.0378,49.8685],[13.0414,49.8725],[13.0393,49.8767],[13.0337,49.8775],[13.039,49.8839],[13.0323,49.8824],[13.0323,49.8804],[13.0297,49.8823],[13.0198,49.8842],[13.0195,49.8868],[13.0218,49.8876],[13.0182,49.8903],[13.017,49.9025],[13.0145,49.906],[13.0119,49.9053],[13.0077,49.9083],[13.0119,49.9097],[13.011,49.9117],[13.0046,49.9116],[13.0043,49.9136],[13.0003,49.9148],[13.0034,49.9164],[12.9991,49.9192],[12.9914,49.918],[12.9842,49.922],[12.9865,49.9251],[12.9804,49.9283],[12.9793,49.9317],[12.9814,49.9331],[12.9588,49.9397],[12.9621,49.9428],[12.9667,49.9438],[12.9665,49.9473],[12.9587,49.9501],[12.9648,49.9518],[12.9589,49.9531],[12.9622,49.9529],[12.9634,49.9542],[12.9687,49.9533],[12.9671,49.958],[12.9695,49.9586],[12.9685,49.9601],[12.9662,49.9594],[12.9683,49.9609],[12.9632,49.9627],[12.9639,49.9644],[12.9566,49.9679],[12.957,49.9732],[12.96,49.9759],[12.974,49.978],[12.9879,49.9762],[12.987,49.9781],[12.9898,49.9787],[12.991,49.9824],[12.9998,49.9794],[13.0004,49.978],[13.0002,49.9893],[13.014,49.9912],[13.0175,49.9865],[13.0211,49.9884],[13.0217,49.9916],[13.0191,49.9927],[13.0252,49.9937],[13.0263,49.9957],[13.031,49.9958],[13.028,49.997],[13.0349,49.9963],[13.0386,49.9986],[13.0387,50.0028],[13.0485,50.0026],[13.0534,50.0098],[13.0686,50.0093],[13.0737,50.0149],[13.0676,50.0139],[13.0668,50.0155],[13.0697,50.0188],[13.0841,50.0185],[13.0852,50.0216],[13.0807,50.0256],[13.0886,50.0289],[13.0897,50.0318],[13.0981,50.0352],[13.0997,50.0312],[13.1015,50.0324],[13.1028,50.0308],[13.1026,50.0268],[13.1083,50.0243],[13.1101,50.0275],[13.1121,50.0272],[13.1196,50.0226],[13.1267,50.0272],[13.1297,50.0239],[13.1317,50.0253],[13.1405,50.0243],[13.149,50.0281],[13.1496,50.0256],[13.1464,50.0252],[13.1582,50.0224],[13.1583,50.0246],[13.1605,50.0247],[13.1605,50.026],[13.1611,50.0235],[13.1588,50.0235],[13.1585,50.0219],[13.1593,50.0233],[13.1627,50.0233],[13.1625,50.0208],[13.1645,50.0215],[13.1735,50.0187],[13.175,50.0167],[13.1769,50.0175],[13.1807,50.0102],[13.1833,50.0098],[13.1816,50.0142],[13.1828,50.017],[13.1858,50.0175],[13.1858,50.0115],[13.206,50.0001],[13.2258,49.9957],[13.2318,49.9961],[13.2358,49.9997],[13.2315,50.0043],[13.2294,50.0135],[13.2347,50.021],[13.2387,50.0237],[13.242,50.0239],[13.2425,50.0258],[13.2385,50.0301],[13.239,50.0338],[13.236,50.0372],[13.2398,50.0385],[13.2354,50.0415],[13.2278,50.0423],[13.2351,50.0469],[13.2308,50.0493],[13.2468,50.0467],[13.2488,50.0499],[13.2484,50.0456],[13.2525,50.0458],[13.2559,50.047],[13.2541,50.0511],[13.2571,50.0525],[13.2582,50.0512],[13.2651,50.0512],[13.2651,50.0524],[13.2707,50.0536],[13.2804,50.0524],[13.2814,50.054],[13.2761,50.062],[13.2811,50.0563],[13.2816,50.0584],[13.2852,50.0577],[13.286,50.0592],[13.2929,50.0603],[13.2948,50.0625],[13.2941,50.0664],[13.2991,50.0704],[13.2964,50.073],[13.2974,50.0746],[13.2941,50.0748],[13.291,50.077],[13.2911,50.0759],[13.2853,50.0766],[13.284,50.0745],[13.2769,50.0767],[13.2784,50.0802],[13.2834,50.0826],[13.2836,50.0854],[13.2855,50.0859],[13.2833,50.0875],[13.2912,50.0925],[13.288,50.0936],[13.2872,50.0965],[13.2817,50.0971],[13.2817,50.0984],[13.2913,50.0994],[13.2923,50.0972],[13.2981,50.0963],[13.3057,50.1011],[13.322,50.1011],[13.3217,50.1035],[13.3247,50.1035],[13.3262,50.0947]]],"crs":null}},{"type":"Feature","properties":{"id":10,"name":"Volební obvod č. 10, sídlo: Český Krumlov","active":false},"geometry":{"type":"MultiPolygon","coordinates":[[[[14.3888,49.3278],[14.3973,49.3273],[14.3961,49.3223],[14.4009,49.3216],[14.3965,49.3214],[14.3994,49.3155],[14.3965,49.3134],[14.3986,49.3106],[14.4021,49.3098],[14.4026,49.3066],[14.4077,49.3045],[14.4036,49.2997],[14.4074,49.2982],[14.4093,49.2947],[14.4136,49.295],[14.4132,49.2928],[14.4169,49.2891],[14.4161,49.2864],[14.4206,49.2846],[14.4196,49.2794],[14.4214,49.2775],[14.4177,49.2796],[14.4172,49.2764],[14.4212,49.2738],[14.4193,49.2733],[14.4209,49.2714],[14.4188,49.2679],[14.4201,49.2649],[14.4296,49.2631],[14.429,49.2691],[14.4383,49.2769],[14.4625,49.2793],[14.4635,49.2777],[14.4606,49.2773],[14.4601,49.2758],[14.466,49.2754],[14.4642,49.2747],[14.4658,49.2725],[14.4696,49.2723],[14.471,49.2695],[14.476,49.2695],[14.4726,49.2668],[14.4758,49.267],[14.4791,49.2641],[14.4758,49.2639],[14.4733,49.2612],[14.4826,49.2593],[14.4772,49.2569],[14.4773,49.2554],[14.4815,49.2551],[14.4793,49.2541],[14.4801,49.252],[14.4743,49.2519],[14.4734,49.2406],[14.4646,49.237],[14.4642,49.2323],[14.4729,49.2308],[14.4639,49.2157],[14.4681,49.21],[14.4662,49.2101],[14.4645,49.2075],[14.4575,49.206],[14.454,49.2079],[14.4565,49.208],[14.4566,49.2113],[14.4463,49.2081],[14.4441,49.2043],[14.4436,49.2056],[14.4454,49.1952],[14.4507,49.1931],[14.4453,49.193],[14.4427,49.1904],[14.4437,49.1835],[14.4578,49.1764],[14.4593,49.1727],[14.466,49.1693],[14.4789,49.1655],[14.4887,49.1646],[14.4923,49.1603],[14.4977,49.1609],[14.5157,49.1556],[14.5135,49.1511],[14.5232,49.1553],[14.5288,49.1548],[14.5291,49.1508],[14.5346,49.1496],[14.5411,49.144],[14.543,49.1353],[14.5459,49.1356],[14.5459,49.1337],[14.5419,49.1333],[14.5399,49.1289],[14.5352,49.13],[14.5269,49.1358],[14.5057,49.123],[14.5098,49.1117],[14.5073,49.1109],[14.5018,49.1002],[14.4983,49.0982],[14.4975,49.094],[14.4729,49.0949],[14.4681,49.0929],[14.4671,49.0908],[14.4709,49.0858],[14.4576,49.0801],[14.4541,49.0743],[14.4616,49.0697],[14.4624,49.0666],[14.4737,49.0674],[14.4731,49.0659],[14.4788,49.063],[14.4754,49.0561],[14.4717,49.059],[14.465,49.0567],[14.4714,49.0556],[14.4732,49.0529],[14.4714,49.0518],[14.4661,49.0529],[14.466,49.0482],[14.4604,49.0488],[14.4575,49.0467],[14.4504,49.049],[14.4467,49.0475],[14.4431,49.0298],[14.4457,49.0234],[14.4505,49.0199],[14.4413,49.0184],[14.44,49.0161],[14.4335,49.0142],[14.4288,49.0099],[14.4221,49.0079],[14.3923,49.009],[14.3919,49.0068],[14.3894,49.0075],[14.3891,48.9997],[14.3869,48.9975],[14.3907,48.9956],[14.3929,48.9962],[14.3951,48.9938],[14.3928,48.9941],[14.3897,48.9914],[14.3927,48.9908],[14.3928,48.989],[14.3996,48.9906],[14.3994,48.9878],[14.4081,48.983],[14.4123,48.9831],[14.4115,48.9849],[14.4173,48.9839],[14.4228,48.9851],[14.4281,48.9884],[14.4308,48.9833],[14.4263,48.9809],[14.4335,48.9682],[14.4362,48.968],[14.4389,48.9653],[14.4451,48.968],[14.4508,48.9682],[14.4544,48.9649],[14.4624,48.963],[14.4568,48.9589],[14.4602,48.9543],[14.466,48.9531],[14.463,48.9499],[14.4643,48.9434],[14.4617,48.9409],[14.4612,48.9335],[14.4653,48.9357],[14.4685,48.9415],[14.4779,48.9407],[14.4824,48.9458],[14.4878,48.9487],[14.4859,48.9512],[14.4937,48.9492],[14.4928,48.9477],[14.5011,48.9477],[14.5025,48.9457],[14.5005,48.9493],[14.5035,48.9444],[14.5055,48.9444],[14.508,48.9504],[14.5167,48.9494],[14.5118,48.9548],[14.5189,48.9564],[14.5299,48.9464],[14.5367,48.9454],[14.5406,48.9427],[14.5405,48.9371],[14.5425,48.9365],[14.5392,48.9357],[14.5395,48.9345],[14.5491,48.9339],[14.5557,48.9307],[14.5534,48.9174],[14.5481,48.9123],[14.5571,48.9083],[14.5593,48.9104],[14.5692,48.9122],[14.5714,48.9049],[14.5734,48.904],[14.5808,48.907],[14.579,48.9113],[14.5822,48.9111],[14.5806,48.9067],[14.5872,48.8984],[14.5845,48.8931],[14.5931,48.8951],[14.5991,48.8928],[14.6065,48.8869],[14.6111,48.8861],[14.6099,48.8846],[14.6151,48.883],[14.6164,48.8799],[14.62,48.8815],[14.6291,48.8819],[14.6306,48.8792],[14.6282,48.8744],[14.632,48.873],[14.6304,48.8726],[14.6327,48.8694],[14.6444,48.8678],[14.6463,48.8656],[14.6477,48.8673],[14.6605,48.8663],[14.6779,48.8572],[14.6829,48.8599],[14.6831,48.8619],[14.6936,48.8616],[14.6979,48.868],[14.7015,48.866],[14.7112,48.8682],[14.7131,48.8639],[14.7189,48.8633],[14.7215,48.8614],[14.7254,48.8626],[14.7273,48.8616],[14.7285,48.8561],[14.7377,48.8512],[14.7374,48.8493],[14.7423,48.8472],[14.747,48.8477],[14.7486,48.8459],[14.7453,48.8423],[14.7515,48.8407],[14.7526,48.8381],[14.7525,48.8396],[14.7588,48.8378],[14.7594,48.8393],[14.7649,48.8393],[14.7744,48.8371],[14.7785,48.8339],[14.791,48.8322],[14.801,48.8702],[14.82,48.8525],[14.8323,48.8503],[14.843,48.8457],[14.8581,48.8435],[14.8589,48.8453],[14.8635,48.8456],[14.8746,48.8503],[14.8801,48.8398],[14.8819,48.8304],[14.8727,48.8223],[14.8945,48.8087],[14.8925,48.8073],[14.8935,48.8062],[14.9021,48.8048],[14.8916,48.7936],[14.8912,48.7879],[14.9115,48.7804],[14.91,48.7742],[14.9069,48.7709],[14.9012,48.7701],[14.8939,48.7725],[14.8881,48.7701],[14.8847,48.772],[14.8861,48.7765],[14.8813,48.7802],[14.8683,48.7811],[14.8632,48.7774],[14.8577,48.7773],[14.8587,48.776],[14.8572,48.7759],[14.8511,48.7774],[14.8489,48.7805],[14.846,48.7795],[14.8425,48.784],[14.8403,48.7821],[14.8293,48.7806],[14.8247,48.7839],[14.8202,48.7813],[14.8087,48.7789],[14.8099,48.774],[14.8063,48.7718],[14.8109,48.7672],[14.8115,48.7615],[14.803,48.7528],[14.8005,48.7475],[14.8081,48.734],[14.8017,48.7318],[14.8011,48.733],[14.7944,48.7299],[14.7907,48.7237],[14.787,48.7223],[14.7856,48.7184],[14.774,48.7117],[14.757,48.7094],[14.7554,48.7033],[14.7483,48.7033],[14.7366,48.699],[14.727,48.6871],[14.727,48.6788],[14.7182,48.6662],[14.7123,48.6502],[14.7185,48.6492],[14.7192,48.6403],[14.7221,48.6385],[14.7141,48.6175],[14.7211,48.6025],[14.7114,48.5967],[14.7116,48.5942],[14.7081,48.5937],[14.706,48.591],[14.7077,48.5871],[14.7015,48.5828],[14.6936,48.5855],[14.6915,48.5841],[14.6877,48.5852],[14.6825,48.5827],[14.6634,48.582],[14.6538,48.6044],[14.6457,48.6101],[14.6307,48.6032],[14.6264,48.6046],[14.6226,48.609],[14.6216,48.6157],[14.6177,48.622],[14.6105,48.6282],[14.6031,48.6282],[14.6024,48.6257],[14.599,48.6254],[14.5958,48.6207],[14.5901,48.6174],[14.5809,48.617],[14.5756,48.6112],[14.5723,48.6118],[14.5685,48.6108],[14.5672,48.6086],[14.564,48.6085],[14.562,48.6034],[14.557,48.606],[14.5535,48.6059],[14.5513,48.6113],[14.5466,48.6147],[14.5264,48.6148],[14.5205,48.6188],[14.5156,48.6199],[14.5033,48.6174],[14.4951,48.6226],[14.4959,48.6279],[14.493,48.633],[14.4852,48.6343],[14.4766,48.6396],[14.4755,48.6417],[14.4776,48.6427],[14.4725,48.6441],[14.4699,48.6486],[14.4686,48.6463],[14.4591,48.6434],[14.4532,48.6448],[14.4438,48.6435],[14.4456,48.6379],[14.4525,48.632],[14.456,48.6252],[14.4519,48.6248],[14.4473,48.6199],[14.4483,48.6131],[14.4422,48.6003],[14.4355,48.5981],[14.4314,48.5892],[14.4248,48.5884],[14.42,48.5914],[14.4121,48.5929],[14.3958,48.5921],[14.3919,48.5944],[14.3862,48.5928],[14.3877,48.5833],[14.3914,48.5822],[14.391,48.5792],[14.3936,48.5787],[14.3881,48.572],[14.3797,48.5693],[14.3713,48.5696],[14.3685,48.5699],[14.3658,48.5759],[14.3577,48.5747],[14.3524,48.569],[14.3531,48.5626],[14.3481,48.562],[14.3447,48.56],[14.3427,48.5549],[14.3367,48.5542],[14.3332,48.5519],[14.3271,48.5542],[14.3243,48.5643],[14.3215,48.563],[14.3153,48.5635],[14.309,48.5645],[14.3044,48.5673],[14.2956,48.5682],[14.2788,48.5743],[14.2715,48.5815],[14.2558,48.5817],[14.2495,48.5802],[14.2482,48.5782],[14.2406,48.5777],[14.2373,48.5814],[14.2282,48.5853],[14.208,48.5882],[14.2047,48.5905],[14.2013,48.5901],[14.1944,48.5928],[14.1817,48.594],[14.1772,48.5928],[14.1775,48.5912],[14.1635,48.5893],[14.1628,48.5927],[14.158,48.5924],[14.1544,48.596],[14.1419,48.5938],[14.1302,48.5978],[14.1238,48.5931],[14.12,48.5931],[14.1192,48.5907],[14.1158,48.5892],[14.1057,48.5897],[14.0956,48.5923],[14.0983,48.5979],[14.0971,48.5999],[14.0722,48.6],[14.067,48.5949],[14.0662,48.6012],[14.0694,48.6046],[14.069,48.6071],[14.061,48.6066],[14.0542,48.6042],[14.0508,48.6078],[14.0515,48.6096],[14.0421,48.613],[14.0437,48.6141],[14.0409,48.6175],[14.0457,48.6191],[14.0454,48.6236],[14.0481,48.6275],[14.0424,48.6291],[14.0287,48.6263],[14.0302,48.6288],[14.023,48.6308],[14.0233,48.6325],[14.0182,48.637],[14.0106,48.6397],[14.0228,48.6457],[14.0242,48.6527],[14.0406,48.6548],[14.0535,48.653],[14.0585,48.659],[14.0601,48.6734],[14.0558,48.6756],[14.0498,48.6752],[14.0433,48.6776],[14.0389,48.6762],[14.0342,48.6771],[14.0335,48.6798],[14.0246,48.6835],[14.0287,48.6855],[14.0254,48.6892],[14.0162,48.692],[14.0182,48.6963],[14.015,48.6978],[14.0127,48.695],[14.0099,48.6955],[14.0134,48.6985],[14.0088,48.7024],[14.0098,48.7049],[14.0053,48.7062],[14.0033,48.7087],[13.9841,48.7109],[13.9782,48.7099],[13.9705,48.7133],[13.9558,48.7145],[13.9537,48.7208],[13.9442,48.7225],[13.9428,48.7215],[13.9392,48.7233],[13.9372,48.7261],[13.9271,48.7319],[13.9257,48.7357],[13.9208,48.7371],[13.9197,48.7409],[13.9102,48.7476],[13.9045,48.7499],[13.8955,48.7572],[13.8892,48.7586],[13.8761,48.7667],[13.8684,48.7697],[13.8619,48.7696],[13.8573,48.7714],[13.8485,48.7699],[13.8432,48.7727],[13.8314,48.7709],[13.8132,48.7741],[13.8034,48.7809],[13.8082,48.7835],[13.8152,48.7972],[13.7956,48.8149],[13.7983,48.8174],[13.7946,48.8217],[13.7882,48.8249],[13.7929,48.8302],[13.7785,48.8324],[13.7739,48.8305],[13.7699,48.8309],[13.7652,48.8338],[13.7656,48.8377],[13.7628,48.8395],[13.7549,48.8551],[13.7494,48.8597],[13.751,48.8663],[13.7436,48.876],[13.7398,48.8781],[13.7484,48.8795],[13.7489,48.8843],[13.7537,48.8881],[13.7565,48.8937],[13.7516,48.8957],[13.7534,48.8973],[13.7511,48.8997],[13.7559,48.9008],[13.7503,48.907],[13.7554,48.9087],[13.7705,48.9061],[13.7725,48.9082],[13.7798,48.9092],[13.7825,48.9082],[13.7897,48.9104],[13.7943,48.914],[13.7952,48.9125],[13.7968,48.9131],[13.7952,48.9173],[13.806,48.9221],[13.8108,48.9219],[13.845,48.9473],[13.8464,48.954],[13.8535,48.9618],[13.8527,48.9685],[13.8428,48.9753],[13.8384,48.976],[13.837,48.979],[13.8275,48.9841],[13.8276,48.9944],[13.8302,48.9951],[13.8285,48.9963],[13.8322,48.9988],[13.8458,49.0001],[13.8606,48.9943],[13.8671,48.9937],[13.8736,48.996],[13.8778,49.0058],[13.8817,49.0071],[13.8958,49.0068],[13.8969,49.0091],[13.8925,49.0131],[13.8891,49.0213],[13.8803,49.0235],[13.8768,49.0277],[13.8825,49.0319],[13.9036,49.0356],[13.9067,49.0338],[13.9132,49.0337],[13.911,49.0292],[13.9168,49.0296],[13.9197,49.032],[13.9259,49.0275],[13.9311,49.034],[13.9394,49.0385],[13.9446,49.0361],[13.9454,49.0303],[13.9549,49.0367],[13.9578,49.0345],[13.964,49.0341],[13.9657,49.032],[13.9709,49.0343],[13.9767,49.0324],[13.9774,49.0354],[13.9917,49.0343],[13.9953,49.0367],[14.0129,49.0412],[14.0141,49.0433],[14.0173,49.044],[14.0193,49.0439],[14.0191,49.042],[14.0212,49.0422],[14.0206,49.0389],[14.0231,49.0401],[14.0224,49.0384],[14.0312,49.0351],[14.0343,49.0389],[14.0384,49.0402],[14.0463,49.0406],[14.0515,49.0373],[14.0553,49.0379],[14.0537,49.0352],[14.0605,49.0329],[14.06,49.0281],[14.0651,49.0283],[14.0643,49.0208],[14.0677,49.0191],[14.0748,49.0204],[14.0772,49.0214],[14.0761,49.0263],[14.0782,49.0257],[14.0793,49.0146],[14.0846,49.0143],[14.0867,49.0172],[14.084,49.019],[14.0858,49.0197],[14.091,49.0169],[14.0899,49.0203],[14.098,49.0217],[14.104,49.0194],[14.1099,49.0216],[14.1124,49.023],[14.1094,49.0265],[14.1112,49.0278],[14.1143,49.0278],[14.113,49.0256],[14.1179,49.0235],[14.1264,49.0256],[14.1265,49.027],[14.1331,49.0269],[14.1373,49.0322],[14.1342,49.0367],[14.1432,49.0399],[14.1435,49.0431],[14.1499,49.0467],[14.1476,49.0495],[14.1529,49.052],[14.1498,49.0553],[14.152,49.0584],[14.1505,49.0628],[14.1543,49.0627],[14.1506,49.066],[14.1526,49.0676],[14.1472,49.071],[14.1483,49.0726],[14.155,49.0732],[14.1546,49.0748],[14.1515,49.0739],[14.1536,49.0776],[14.1465,49.0756],[14.1403,49.0788],[14.1402,49.0828],[14.1358,49.084],[14.1373,49.0864],[14.1337,49.0873],[14.1343,49.0888],[14.1308,49.0891],[14.1306,49.0861],[14.1291,49.0862],[14.129,49.0881],[14.1262,49.0882],[14.1266,49.0898],[14.1251,49.0898],[14.1414,49.094],[14.1556,49.0913],[14.1629,49.0945],[14.1702,49.0945],[14.1743,49.0965],[14.1888,49.0901],[14.1987,49.0934],[14.2122,49.0928],[14.212,49.0943],[14.2158,49.0942],[14.2148,49.0966],[14.2165,49.0972],[14.2239,49.0965],[14.2241,49.1002],[14.23,49.0982],[14.2301,49.1026],[14.2328,49.1058],[14.241,49.1021],[14.2419,49.1202],[14.2359,49.1243],[14.2329,49.1241],[14.233,49.128],[14.238,49.1297],[14.2489,49.1274],[14.2487,49.1314],[14.2454,49.133],[14.2488,49.1419],[14.2562,49.1394],[14.2687,49.1433],[14.2681,49.1463],[14.2729,49.1461],[14.2771,49.1581],[14.2745,49.1641],[14.2754,49.1762],[14.283,49.1808],[14.2907,49.1801],[14.293,49.182],[14.2922,49.1839],[14.2964,49.1853],[14.2928,49.1887],[14.2951,49.1904],[14.2988,49.1875],[14.3018,49.1876],[14.308,49.1909],[14.3077,49.1953],[14.3112,49.1953],[14.314,49.1979],[14.3106,49.2024],[14.2999,49.2051],[14.2932,49.2408],[14.2989,49.2407],[14.3007,49.2457],[14.3101,49.2449],[14.3161,49.2468],[14.3368,49.234],[14.3442,49.2368],[14.3495,49.2343],[14.3469,49.2341],[14.3495,49.2325],[14.3548,49.2327],[14.3573,49.2303],[14.3655,49.2305],[14.3669,49.2326],[14.3677,49.2383],[14.3482,49.2467],[14.3408,49.2595],[14.3349,49.265],[14.3367,49.2784],[14.3424,49.2834],[14.3373,49.288],[14.3345,49.2965],[14.3283,49.2983],[14.3296,49.3022],[14.3279,49.3055],[14.3478,49.3063],[14.3471,49.3073],[14.3552,49.3101],[14.3575,49.3082],[14.3621,49.3098],[14.364,49.3072],[14.3758,49.3063],[14.3719,49.3172],[14.3763,49.3174],[14.3718,49.3183],[14.3727,49.3281],[14.3877,49.3298],[14.3888,49.3278]],[[14.0735,48.9085],[14.0669,48.9002],[14.0647,48.9018],[14.0612,48.9004],[14.0607,48.9019],[14.056,48.9026],[14.045,48.8977],[14.0432,48.8995],[14.0445,48.9008],[14.042,48.9024],[14.0393,48.9028],[14.0325,48.8995],[14.0182,48.9023],[14.013,48.8969],[14.0093,48.8976],[14.0063,48.8961],[14.0039,48.8911],[13.995,48.8903],[13.9952,48.8888],[13.9883,48.8908],[13.9916,48.8958],[13.9876,48.8965],[13.9841,48.8992],[13.9738,48.8972],[13.9744,48.8924],[13.9704,48.8915],[13.9655,48.8946],[13.9687,48.8959],[13.9538,48.8969],[13.9524,48.893],[13.947,48.8928],[13.9538,48.8885],[13.9527,48.8848],[13.9507,48.884],[13.9526,48.8839],[13.9517,48.8822],[13.948,48.881],[13.9506,48.8785],[13.9548,48.8781],[13.9603,48.875],[13.9581,48.8705],[13.9621,48.8692],[13.9571,48.8627],[13.9511,48.859],[13.9508,48.8545],[13.9527,48.8535],[13.9511,48.8511],[13.9563,48.8504],[13.9511,48.846],[13.9535,48.8443],[13.9567,48.8445],[13.9569,48.84],[13.9588,48.841],[13.9619,48.8397],[13.9596,48.8367],[13.967,48.8353],[13.9663,48.8306],[13.9705,48.8258],[13.9851,48.8292],[14.0131,48.8271],[14.0462,48.8294],[14.054,48.8279],[14.0608,48.8229],[14.0614,48.82],[14.0673,48.8165],[14.067,48.8025],[14.0656,48.7936],[14.064,48.7933],[14.069,48.791],[14.0717,48.7876],[14.0759,48.7873],[14.0813,48.7884],[14.0842,48.7979],[14.0887,48.8008],[14.1046,48.8002],[14.1123,48.8023],[14.1319,48.8034],[14.1348,48.8052],[14.1381,48.8022],[14.1454,48.8],[14.1462,48.8017],[14.157,48.8023],[14.1643,48.8067],[14.1865,48.8084],[14.1894,48.8113],[14.1998,48.8151],[14.2046,48.8146],[14.2033,48.8175],[14.2062,48.8213],[14.2164,48.8235],[14.2188,48.8284],[14.2244,48.8233],[14.2413,48.8213],[14.2431,48.8244],[14.2406,48.8277],[14.2376,48.8284],[14.2373,48.8325],[14.2338,48.8362],[14.2364,48.8364],[14.2352,48.8374],[14.229,48.8395],[14.2284,48.8385],[14.2216,48.8427],[14.2161,48.8405],[14.2133,48.8434],[14.2047,48.8432],[14.201,48.845],[14.1948,48.8442],[14.1947,48.8471],[14.1864,48.849],[14.1843,48.8511],[14.1856,48.8519],[14.1822,48.8542],[14.1826,48.8604],[14.1786,48.8612],[14.174,48.8687],[14.1752,48.8716],[14.1725,48.8758],[14.1757,48.8782],[14.1697,48.8804],[14.1708,48.8866],[14.1682,48.8901],[14.165,48.8902],[14.1643,48.8929],[14.1599,48.8927],[14.1593,48.8947],[14.1512,48.8969],[14.1471,48.8933],[14.1477,48.8915],[14.1383,48.892],[14.1362,48.8951],[14.1321,48.8961],[14.135,48.8962],[14.1322,48.8987],[14.1338,48.9001],[14.1261,48.9047],[14.1234,48.9041],[14.1223,48.9074],[14.1082,48.8995],[14.0936,48.9046],[14.083,48.9056],[14.0735,48.9085]]],[[[14.4903,49.2068],[14.4907,49.2055],[14.4994,49.2042],[14.4999,49.2026],[14.4941,49.1997],[14.4948,49.1973],[14.5001,49.1942],[14.5124,49.1937],[14.5141,49.1952],[14.518,49.1934],[14.5205,49.1964],[14.529,49.192],[14.5325,49.1943],[14.5361,49.1908],[14.5406,49.1906],[14.5411,49.1888],[14.535,49.1882],[14.5321,49.1904],[14.5287,49.1896],[14.5286,49.1882],[14.5372,49.1829],[14.5337,49.1765],[14.5361,49.1754],[14.5325,49.1668],[14.5348,49.1569],[14.5309,49.1601],[14.5322,49.1669],[14.5248,49.1676],[14.5269,49.1697],[14.5193,49.1732],[14.5179,49.1716],[14.5072,49.1695],[14.5085,49.1703],[14.5069,49.1728],[14.5087,49.1731],[14.506,49.1815],[14.5012,49.182],[14.5009,49.1792],[14.4872,49.1819],[14.4861,49.1837],[14.4787,49.1818],[14.477,49.1846],[14.4782,49.1868],[14.4701,49.1861],[14.4663,49.1923],[14.4587,49.1979],[14.4595,49.1993],[14.4753,49.2013],[14.4837,49.208],[14.4885,49.2066],[14.4886,49.2089],[14.4903,49.2068]]]],"crs":null}},{"type":"Feature","properties":{"id":11,"name":"Volební obvod č. 11, sídlo: Domažlice","active":false},"geometry":{"type":"Polygon","coordinates":[[[12.7519,49.6134],[12.7578,49.6116],[12.7735,49.6134],[12.7842,49.6189],[12.7798,49.6235],[12.7836,49.6241],[12.7876,49.6241],[12.7902,49.6204],[12.7944,49.6206],[12.7977,49.6178],[12.8141,49.6173],[12.8186,49.6237],[12.8303,49.6233],[12.8324,49.6299],[12.8367,49.6302],[12.8382,49.6243],[12.848,49.624],[12.8477,49.6217],[12.8516,49.6177],[12.8545,49.618],[12.8566,49.6225],[12.8612,49.6207],[12.8621,49.623],[12.8675,49.6252],[12.8673,49.6271],[12.8742,49.6267],[12.8759,49.625],[12.871,49.6186],[12.8761,49.6162],[12.8814,49.6093],[12.8876,49.6087],[12.8871,49.6139],[12.8907,49.6151],[12.891,49.6171],[12.8849,49.629],[12.8927,49.6315],[12.8925,49.6329],[12.8977,49.6335],[12.8973,49.637],[12.894,49.6404],[12.8953,49.6426],[12.9257,49.6449],[12.9373,49.6441],[12.9506,49.6412],[12.9533,49.6385],[12.968,49.6416],[12.9713,49.6462],[12.9844,49.6474],[12.9872,49.6421],[12.9917,49.6433],[12.9933,49.6418],[12.9952,49.6434],[13.0035,49.6421],[13.0024,49.6387],[13.0069,49.6363],[13.0092,49.6316],[12.9995,49.6307],[13,49.6253],[12.9908,49.6226],[12.992,49.6217],[12.9859,49.6216],[12.9864,49.6201],[12.9838,49.6195],[12.9849,49.6176],[12.9798,49.6181],[12.9835,49.6168],[12.9774,49.6178],[12.9751,49.6113],[12.9771,49.6095],[12.9812,49.6097],[12.9806,49.6068],[12.9749,49.6067],[12.9711,49.6033],[12.9738,49.6027],[12.9741,49.599],[12.9761,49.5995],[12.9757,49.5966],[12.978,49.5963],[12.9774,49.5946],[12.9798,49.5937],[12.9763,49.5894],[12.9694,49.5878],[12.9654,49.5823],[12.9769,49.5804],[12.9788,49.5769],[12.9843,49.5774],[12.9842,49.5793],[12.9904,49.5787],[12.9899,49.5765],[12.9918,49.5784],[13.0028,49.5769],[13.0028,49.5782],[13.0066,49.5782],[13.0181,49.5727],[13.0373,49.5709],[13.0386,49.5727],[13.0424,49.5736],[13.0483,49.5716],[13.048,49.5752],[13.0593,49.5745],[13.0645,49.5754],[13.0643,49.5768],[13.0775,49.5787],[13.0772,49.5814],[13.082,49.5813],[13.0844,49.5838],[13.0882,49.5838],[13.0877,49.5802],[13.0855,49.5807],[13.0828,49.5778],[13.0834,49.5748],[13.0892,49.5734],[13.0892,49.57],[13.0864,49.5675],[13.0859,49.5633],[13.0823,49.5634],[13.0834,49.562],[13.0802,49.5623],[13.0803,49.5611],[13.0867,49.5591],[13.0909,49.5602],[13.0907,49.555],[13.0981,49.5557],[13.0972,49.5477],[13.0989,49.5461],[13.1096,49.5479],[13.1117,49.5531],[13.1088,49.5538],[13.1092,49.5555],[13.1179,49.5576],[13.1259,49.556],[13.129,49.5485],[13.133,49.5494],[13.1346,49.548],[13.1432,49.5485],[13.1449,49.5473],[13.1407,49.5444],[13.1325,49.5441],[13.1318,49.5407],[13.1349,49.5408],[13.1405,49.5348],[13.1352,49.5321],[13.1391,49.5313],[13.1408,49.5269],[13.1493,49.5276],[13.1499,49.5246],[13.154,49.5227],[13.1631,49.5251],[13.1661,49.5185],[13.182,49.5134],[13.1844,49.5109],[13.1821,49.5103],[13.1797,49.5058],[13.1808,49.5047],[13.1732,49.5027],[13.1731,49.4951],[13.1665,49.4931],[13.1674,49.4915],[13.1649,49.4909],[13.1645,49.4868],[13.1731,49.4826],[13.1765,49.4784],[13.1793,49.4797],[13.1782,49.4809],[13.1871,49.4846],[13.2004,49.4834],[13.2003,49.4806],[13.1968,49.4789],[13.2007,49.4759],[13.2009,49.4679],[13.2045,49.4692],[13.2019,49.4656],[13.2055,49.4677],[13.2163,49.468],[13.2147,49.4668],[13.2156,49.4622],[13.2301,49.4611],[13.2337,49.4621],[13.2363,49.4601],[13.2422,49.4604],[13.2435,49.4612],[13.2417,49.4641],[13.2343,49.4698],[13.2388,49.4717],[13.24,49.4773],[13.2319,49.4814],[13.2349,49.483],[13.2514,49.4837],[13.2597,49.4817],[13.2632,49.4735],[13.2611,49.4701],[13.2526,49.4673],[13.2581,49.4667],[13.2681,49.4626],[13.2694,49.4663],[13.2748,49.4669],[13.2727,49.4602],[13.2764,49.4601],[13.2775,49.4578],[13.275,49.456],[13.279,49.4537],[13.2898,49.4526],[13.2923,49.4556],[13.2995,49.4545],[13.3075,49.4561],[13.313,49.455],[13.3105,49.4537],[13.321,49.4522],[13.3244,49.4494],[13.3297,49.4535],[13.3351,49.4558],[13.3393,49.4557],[13.3428,49.4585],[13.3569,49.4601],[13.3605,49.4531],[13.368,49.4538],[13.3715,49.4571],[13.3757,49.4578],[13.3788,49.4573],[13.3791,49.4551],[13.3832,49.4554],[13.3894,49.4516],[13.3892,49.4552],[13.4028,49.454],[13.4006,49.45],[13.4089,49.446],[13.4116,49.4462],[13.415,49.4428],[13.4146,49.4401],[13.4199,49.4406],[13.4216,49.4451],[13.4263,49.4431],[13.4254,49.4444],[13.4288,49.4449],[13.4372,49.4435],[13.4491,49.4444],[13.4507,49.4409],[13.4482,49.4399],[13.4507,49.4367],[13.4429,49.4345],[13.4424,49.4308],[13.4446,49.4297],[13.4431,49.4289],[13.4473,49.4272],[13.444,49.4213],[13.4345,49.4202],[13.4304,49.4227],[13.4237,49.4238],[13.4205,49.4184],[13.4264,49.4103],[13.4258,49.4037],[13.4315,49.4042],[13.4311,49.4054],[13.4382,49.4046],[13.4456,49.4002],[13.4464,49.3966],[13.4444,49.3949],[13.4411,49.395],[13.4395,49.3967],[13.4338,49.3944],[13.4293,49.3951],[13.4298,49.392],[13.4326,49.392],[13.4321,49.3888],[13.4351,49.3891],[13.4314,49.3814],[13.4165,49.3821],[13.4127,49.38],[13.4115,49.3807],[13.408,49.3774],[13.3991,49.3759],[13.3987,49.3721],[13.3962,49.3718],[13.3965,49.3672],[13.3893,49.3664],[13.3956,49.3642],[13.401,49.366],[13.4051,49.3655],[13.4077,49.3638],[13.4079,49.3592],[13.412,49.3588],[13.4147,49.3547],[13.4193,49.3524],[13.427,49.3507],[13.4311,49.354],[13.4404,49.3527],[13.4468,49.3496],[13.4552,49.3529],[13.4632,49.3476],[13.4689,49.3467],[13.4686,49.3453],[13.4621,49.343],[13.4547,49.3442],[13.4439,49.3416],[13.4444,49.3383],[13.4479,49.3366],[13.4518,49.3371],[13.4611,49.328],[13.4654,49.3287],[13.4635,49.3304],[13.4666,49.3307],[13.4669,49.3332],[13.4735,49.3348],[13.4713,49.3292],[13.4775,49.3255],[13.4757,49.3229],[13.4786,49.323],[13.4792,49.3178],[13.4703,49.3145],[13.4658,49.307],[13.4777,49.3084],[13.4786,49.3049],[13.4848,49.3074],[13.4858,49.3045],[13.4879,49.3055],[13.4903,49.3028],[13.4946,49.3031],[13.4986,49.2989],[13.5058,49.2964],[13.5115,49.2984],[13.5107,49.3028],[13.5244,49.3027],[13.521,49.2996],[13.5255,49.3009],[13.5283,49.2993],[13.5284,49.3008],[13.5321,49.3008],[13.535,49.3055],[13.5372,49.3061],[13.5419,49.3017],[13.54,49.3008],[13.5442,49.3002],[13.5475,49.2974],[13.5464,49.3002],[13.5516,49.3004],[13.5588,49.2938],[13.5697,49.2981],[13.57,49.3007],[13.5723,49.3004],[13.5725,49.3054],[13.5748,49.3071],[13.573,49.3088],[13.5751,49.3105],[13.5802,49.3098],[13.5867,49.3059],[13.5934,49.3098],[13.6024,49.3079],[13.6123,49.3015],[13.6185,49.3053],[13.6218,49.3057],[13.6195,49.3071],[13.6205,49.3079],[13.6375,49.3],[13.6516,49.3011],[13.6528,49.2974],[13.6488,49.294],[13.6577,49.2919],[13.6599,49.2946],[13.6658,49.293],[13.6691,49.2947],[13.6699,49.2935],[13.6769,49.2933],[13.6811,49.2959],[13.69,49.2938],[13.6903,49.291],[13.6964,49.296],[13.696,49.2943],[13.7052,49.2934],[13.7075,49.2899],[13.705,49.2876],[13.7011,49.2877],[13.7026,49.2862],[13.7014,49.2834],[13.6992,49.2844],[13.702,49.2823],[13.6984,49.2782],[13.7031,49.2768],[13.7025,49.2691],[13.7057,49.2667],[13.7047,49.2638],[13.708,49.2617],[13.7079,49.258],[13.7086,49.259],[13.7138,49.2582],[13.7147,49.2566],[13.7272,49.2572],[13.731,49.2592],[13.7333,49.2563],[13.7285,49.257],[13.7199,49.2507],[13.7267,49.2437],[13.7171,49.2427],[13.714,49.2432],[13.7128,49.2458],[13.7057,49.2458],[13.7063,49.2432],[13.7035,49.2439],[13.705,49.2422],[13.7092,49.2423],[13.7079,49.2404],[13.7101,49.2365],[13.6992,49.2389],[13.691,49.2322],[13.6944,49.2326],[13.6944,49.2295],[13.6915,49.2301],[13.6888,49.2283],[13.6891,49.2252],[13.6932,49.2251],[13.69,49.2247],[13.6919,49.2204],[13.6968,49.2207],[13.6961,49.2177],[13.699,49.213],[13.7066,49.2113],[13.7095,49.212],[13.7117,49.2108],[13.7105,49.2093],[13.7152,49.2086],[13.7154,49.2049],[13.7133,49.2039],[13.7146,49.2022],[13.7133,49.2024],[13.7199,49.195],[13.7154,49.192],[13.7009,49.1929],[13.6966,49.1914],[13.6962,49.1887],[13.6917,49.1873],[13.6903,49.1832],[13.6931,49.1789],[13.694,49.1693],[13.6855,49.1674],[13.6845,49.1653],[13.6875,49.164],[13.6946,49.1653],[13.6897,49.16],[13.6874,49.163],[13.6844,49.1622],[13.6817,49.1643],[13.677,49.1614],[13.6742,49.1632],[13.6691,49.1596],[13.6591,49.1606],[13.6602,49.1544],[13.6552,49.1526],[13.6562,49.1515],[13.6534,49.1492],[13.6474,49.1489],[13.644,49.1441],[13.6298,49.1358],[13.6269,49.1401],[13.6048,49.1437],[13.608,49.1456],[13.607,49.1472],[13.5949,49.1483],[13.5888,49.1465],[13.5948,49.1424],[13.5972,49.1438],[13.6005,49.1416],[13.5925,49.1324],[13.594,49.1303],[13.5895,49.1264],[13.5907,49.123],[13.5945,49.1203],[13.5982,49.1088],[13.5927,49.1069],[13.5815,49.1061],[13.5794,49.1043],[13.5864,49.0944],[13.5939,49.0923],[13.5986,49.0889],[13.5988,49.0858],[13.5941,49.0802],[13.5985,49.0785],[13.6001,49.0749],[13.6058,49.0708],[13.6071,49.0646],[13.6032,49.0546],[13.5932,49.0502],[13.5848,49.0437],[13.5806,49.0476],[13.571,49.0511],[13.5631,49.0423],[13.557,49.0383],[13.5572,49.0319],[13.5533,49.0307],[13.5526,49.0265],[13.5432,49.018],[13.546,49.0171],[13.5436,49.0107],[13.5466,49.0057],[13.5418,48.9994],[13.5379,48.9978],[13.5395,48.9925],[13.536,48.9858],[13.5444,48.9805],[13.551,48.9788],[13.5489,48.9745],[13.5515,48.9705],[13.5509,48.9677],[13.5434,48.9681],[13.537,48.9735],[13.5337,48.9741],[13.5293,48.9741],[13.5159,48.9688],[13.5071,48.9692],[13.5059,48.96],[13.5083,48.9422],[13.4958,48.9416],[13.4845,48.9483],[13.4835,48.9515],[13.4691,48.9545],[13.4593,48.9628],[13.443,48.9659],[13.4335,48.9718],[13.4262,48.9726],[13.4244,48.9775],[13.4027,48.9873],[13.4023,48.9945],[13.4094,49.0033],[13.4084,49.0077],[13.403,49.0107],[13.4003,49.0158],[13.4018,49.0211],[13.4051,49.0221],[13.4058,49.0239],[13.4019,49.0291],[13.3997,49.0372],[13.3917,49.0422],[13.3979,49.0459],[13.3963,49.0516],[13.3922,49.0544],[13.3864,49.0529],[13.3836,49.0575],[13.3762,49.0584],[13.3705,49.0676],[13.3638,49.0692],[13.3545,49.0788],[13.3464,49.0822],[13.3442,49.089],[13.3393,49.0903],[13.3361,49.0939],[13.3277,49.0962],[13.3243,49.1004],[13.3167,49.1043],[13.3127,49.1046],[13.2892,49.1187],[13.2764,49.1206],[13.2361,49.1138],[13.2056,49.1223],[13.1828,49.1346],[13.1703,49.1441],[13.1769,49.1643],[13.1709,49.1737],[13.1618,49.1749],[13.1486,49.1821],[13.1418,49.1898],[13.1373,49.1909],[13.1294,49.197],[13.1172,49.1993],[13.1099,49.2032],[13.1144,49.2136],[13.1142,49.2184],[13.0933,49.2254],[13.0862,49.2292],[13.0887,49.2316],[13.0884,49.2377],[13.0808,49.2475],[13.0728,49.2465],[13.0682,49.2476],[13.0676,49.2499],[13.0604,49.2503],[13.0567,49.2568],[13.0583,49.2603],[13.0553,49.264],[13.0431,49.2651],[13.034,49.264],[13.0256,49.2789],[13.0304,49.2877],[13.0291,49.3044],[13.0074,49.306],[13.0042,49.3122],[12.9907,49.3196],[12.9887,49.3239],[12.9788,49.3286],[12.9727,49.334],[12.964,49.3372],[12.9585,49.3369],[12.9501,49.343],[12.9429,49.3443],[12.9391,49.3424],[12.9276,49.345],[12.9194,49.3436],[12.906,49.3488],[12.8889,49.351],[12.88,49.3505],[12.881,49.3436],[12.8853,49.3405],[12.8889,49.3335],[12.8769,49.3326],[12.8594,49.3389],[12.8534,49.3382],[12.8477,49.3445],[12.8435,49.3452],[12.8429,49.3425],[12.8373,49.3408],[12.8126,49.3413],[12.799,49.3425],[12.7787,49.3483],[12.7787,49.3554],[12.7824,49.3593],[12.7772,49.3641],[12.7685,49.3655],[12.7581,49.3754],[12.7611,49.3826],[12.7577,49.3949],[12.7331,49.41],[12.7149,49.4142],[12.7137,49.4199],[12.7087,49.4249],[12.6794,49.4262],[12.6556,49.4349],[12.6583,49.4405],[12.6555,49.4488],[12.658,49.4505],[12.653,49.4604],[12.6486,49.4684],[12.6417,49.47],[12.6371,49.4761],[12.6337,49.4763],[12.6385,49.4832],[12.6443,49.485],[12.6439,49.4945],[12.6395,49.5008],[12.6439,49.5105],[12.6422,49.518],[12.6442,49.5231],[12.6362,49.5321],[12.6306,49.5312],[12.6286,49.5271],[12.6208,49.5267],[12.619,49.5294],[12.6146,49.5285],[12.6121,49.5306],[12.6022,49.5325],[12.5886,49.5386],[12.595,49.5418],[12.5879,49.5459],[12.5804,49.5558],[12.5744,49.5593],[12.5743,49.5645],[12.5708,49.5695],[12.5767,49.5865],[12.5641,49.5969],[12.5623,49.6092],[12.5749,49.6029],[12.5832,49.6047],[12.5893,49.6024],[12.599,49.6024],[12.613,49.5926],[12.6202,49.596],[12.6193,49.5978],[12.6258,49.6054],[12.6274,49.6052],[12.6307,49.6019],[12.6298,49.5957],[12.6349,49.5952],[12.6373,49.5931],[12.6388,49.585],[12.645,49.5877],[12.6555,49.5875],[12.6555,49.5888],[12.6624,49.5906],[12.6642,49.5896],[12.6668,49.5924],[12.6657,49.5971],[12.6755,49.5948],[12.6784,49.5956],[12.6756,49.601],[12.6793,49.6019],[12.6853,49.6081],[12.6896,49.6081],[12.6916,49.6061],[12.6947,49.607],[12.6963,49.6056],[12.6938,49.6103],[12.6983,49.6083],[12.7003,49.605],[12.701,49.6082],[12.705,49.6118],[12.7138,49.6131],[12.7199,49.6113],[12.7201,49.6097],[12.7238,49.6095],[12.7266,49.6112],[12.74,49.6115],[12.739,49.6182],[12.7297,49.625],[12.7469,49.6297],[12.7519,49.6134]]],"crs":null}},{"type":"Feature","properties":{"id":13,"name":"Volební obvod č. 13, sídlo: Tábor","active":false},"geometry":{"type":"Polygon","coordinates":[[[14.7821,49.6855],[14.791,49.684],[14.7887,49.6812],[14.791,49.6796],[14.7902,49.6779],[14.7857,49.6751],[14.7876,49.673],[14.7919,49.6729],[14.7918,49.6696],[14.7959,49.6679],[14.8041,49.6679],[14.805,49.6654],[14.803,49.6661],[14.8014,49.6635],[14.7952,49.6634],[14.7968,49.6589],[14.7948,49.6579],[14.8026,49.6558],[14.8046,49.6528],[14.8117,49.6532],[14.8151,49.6513],[14.8275,49.6539],[14.831,49.6532],[14.83,49.65],[14.8323,49.6474],[14.8303,49.6463],[14.8332,49.6446],[14.8292,49.6449],[14.8287,49.6421],[14.8331,49.6415],[14.8333,49.6395],[14.8305,49.6392],[14.8304,49.6368],[14.8356,49.637],[14.8339,49.6335],[14.8372,49.6339],[14.8357,49.6279],[14.8397,49.6278],[14.841,49.6261],[14.8366,49.6222],[14.8384,49.62],[14.8417,49.6198],[14.8379,49.6156],[14.836,49.6172],[14.8246,49.6155],[14.818,49.6117],[14.8206,49.6102],[14.8198,49.6086],[14.8074,49.6061],[14.8084,49.6024],[14.8138,49.6024],[14.8204,49.5948],[14.8206,49.5917],[14.8273,49.587],[14.8345,49.5849],[14.8336,49.5838],[14.8395,49.5835],[14.8445,49.5802],[14.8452,49.5762],[14.8508,49.5752],[14.8518,49.5777],[14.8486,49.5785],[14.8485,49.5805],[14.8541,49.5865],[14.8554,49.5857],[14.8551,49.5878],[14.8586,49.5881],[14.8623,49.5862],[14.8654,49.587],[14.8655,49.591],[14.8673,49.5918],[14.8689,49.5916],[14.868,49.5882],[14.8777,49.587],[14.8763,49.5842],[14.8702,49.5847],[14.875,49.5836],[14.8738,49.5814],[14.876,49.5794],[14.8729,49.5783],[14.8783,49.5751],[14.8755,49.5727],[14.8831,49.5756],[14.8839,49.5669],[14.8863,49.5636],[14.8901,49.5628],[14.8865,49.5627],[14.8874,49.5611],[14.8956,49.5562],[14.8915,49.5532],[14.8952,49.5531],[14.9016,49.5484],[14.9024,49.5445],[14.9099,49.5431],[14.9141,49.5459],[14.9216,49.5438],[14.9254,49.5457],[14.9234,49.5491],[14.9264,49.5505],[14.932,49.5494],[14.9285,49.546],[14.9288,49.5416],[14.9348,49.5375],[14.9392,49.5305],[14.9451,49.5277],[14.9437,49.5244],[14.9409,49.5246],[14.9354,49.5204],[14.9282,49.5212],[14.9265,49.5241],[14.9196,49.5222],[14.9162,49.5236],[14.9063,49.5224],[14.9058,49.5187],[14.9031,49.5184],[14.9018,49.5165],[14.9014,49.5146],[14.9039,49.513],[14.9128,49.5116],[14.9195,49.5055],[14.9245,49.504],[14.927,49.5007],[14.9262,49.4957],[14.9287,49.4952],[14.9283,49.4882],[14.9336,49.4841],[14.9259,49.4824],[14.9214,49.4746],[14.9176,49.4745],[14.9223,49.4705],[14.9301,49.4681],[14.9249,49.4603],[14.9276,49.4564],[14.9245,49.4563],[14.9198,49.4467],[14.9161,49.4468],[14.9126,49.4437],[14.9119,49.4407],[14.9142,49.4373],[14.9121,49.4307],[14.9069,49.4313],[14.9051,49.4281],[14.9002,49.428],[14.9017,49.4221],[14.9034,49.4238],[14.9086,49.4239],[14.9097,49.4259],[14.9162,49.4251],[14.911,49.4193],[14.906,49.418],[14.9067,49.4153],[14.9046,49.4129],[14.9025,49.4131],[14.9019,49.411],[14.9052,49.4093],[14.9053,49.4077],[14.9036,49.4079],[14.9063,49.405],[14.9017,49.4016],[14.9032,49.3996],[14.9016,49.395],[14.8935,49.394],[14.8926,49.3896],[14.8957,49.3894],[14.8923,49.388],[14.892,49.3852],[14.8897,49.3842],[14.8926,49.38],[14.8882,49.376],[14.8916,49.3735],[14.9002,49.3719],[14.91,49.3673],[14.9156,49.3684],[14.9254,49.3631],[14.9269,49.3526],[14.933,49.3564],[14.9312,49.3548],[14.9333,49.3548],[14.9315,49.354],[14.932,49.3517],[14.9222,49.3511],[14.9187,49.3456],[14.9141,49.345],[14.9153,49.3418],[14.9099,49.3407],[14.9094,49.3371],[14.9039,49.3332],[14.906,49.3329],[14.9094,49.3281],[14.9264,49.3212],[14.93,49.3165],[14.9233,49.31],[14.9084,49.3091],[14.9072,49.3062],[14.9048,49.3066],[14.9039,49.3045],[14.9009,49.3036],[14.8794,49.3052],[14.8624,49.3002],[14.8646,49.2953],[14.871,49.2946],[14.8675,49.2924],[14.8699,49.2883],[14.8792,49.2884],[14.8823,49.2822],[14.8843,49.2818],[14.8958,49.2831],[14.8907,49.2774],[14.8907,49.2748],[14.887,49.2745],[14.8873,49.2718],[14.8843,49.2712],[14.8823,49.2681],[14.8799,49.2686],[14.8777,49.2662],[14.873,49.2652],[14.8749,49.2583],[14.8706,49.2605],[14.8682,49.2597],[14.873,49.257],[14.8689,49.2512],[14.8711,49.2488],[14.8695,49.245],[14.8744,49.241],[14.8712,49.2345],[14.8603,49.2352],[14.8612,49.2366],[14.8594,49.2376],[14.8578,49.2359],[14.8522,49.2374],[14.8477,49.2276],[14.8415,49.2296],[14.8376,49.2289],[14.8357,49.2259],[14.8321,49.2239],[14.8253,49.2237],[14.826,49.2223],[14.8228,49.2224],[14.8226,49.2243],[14.8133,49.2246],[14.8147,49.2188],[14.8098,49.2164],[14.7889,49.2193],[14.773,49.2237],[14.7713,49.2312],[14.7627,49.2308],[14.7573,49.2277],[14.7521,49.2282],[14.7486,49.2263],[14.7501,49.2233],[14.7486,49.2215],[14.7559,49.2153],[14.7561,49.2127],[14.7603,49.2124],[14.7581,49.2099],[14.753,49.2081],[14.7596,49.2048],[14.7598,49.2016],[14.7665,49.1964],[14.7669,49.1896],[14.7694,49.1895],[14.7695,49.1856],[14.7743,49.1856],[14.7778,49.189],[14.7842,49.1904],[14.7857,49.1865],[14.7907,49.1832],[14.797,49.183],[14.7984,49.1843],[14.8059,49.1826],[14.8068,49.1689],[14.7878,49.1659],[14.7826,49.1605],[14.7728,49.1552],[14.7769,49.1519],[14.775,49.1501],[14.7795,49.1503],[14.7775,49.1496],[14.7811,49.149],[14.783,49.1466],[14.7801,49.1465],[14.7795,49.1443],[14.7846,49.1408],[14.7836,49.1393],[14.793,49.1366],[14.7931,49.1317],[14.795,49.1321],[14.7966,49.1302],[14.7984,49.1317],[14.7989,49.1304],[14.8007,49.131],[14.7996,49.1281],[14.8035,49.1244],[14.8067,49.1248],[14.8071,49.1267],[14.8182,49.1239],[14.8168,49.1214],[14.8209,49.1211],[14.8183,49.1177],[14.8224,49.1137],[14.8183,49.1114],[14.8061,49.1096],[14.8032,49.1168],[14.7899,49.1298],[14.7644,49.1298],[14.7608,49.118],[14.7559,49.1196],[14.7381,49.1179],[14.7384,49.1211],[14.7291,49.132],[14.7305,49.1353],[14.726,49.1416],[14.7204,49.1433],[14.7193,49.1473],[14.715,49.1478],[14.7121,49.1503],[14.709,49.1493],[14.7033,49.151],[14.6996,49.1443],[14.6905,49.1435],[14.6872,49.1448],[14.6861,49.1518],[14.6782,49.148],[14.6613,49.1522],[14.6514,49.1522],[14.6508,49.1569],[14.6439,49.1595],[14.6453,49.1602],[14.6431,49.1686],[14.6328,49.1694],[14.6331,49.1647],[14.6287,49.1647],[14.6256,49.1702],[14.6269,49.1737],[14.6112,49.1762],[14.617,49.186],[14.6017,49.1906],[14.5987,49.1942],[14.6,49.1965],[14.5906,49.1981],[14.5832,49.1975],[14.5804,49.1994],[14.5862,49.2183],[14.5813,49.2278],[14.5663,49.2242],[14.5606,49.2253],[14.5567,49.223],[14.5407,49.2306],[14.5357,49.2307],[14.5326,49.2337],[14.5199,49.2336],[14.519,49.2322],[14.5157,49.2323],[14.5142,49.2298],[14.5023,49.2335],[14.4973,49.2398],[14.4976,49.2433],[14.4898,49.2437],[14.4916,49.2455],[14.4886,49.2511],[14.4801,49.252],[14.4793,49.2541],[14.4815,49.2551],[14.4773,49.2554],[14.4772,49.2569],[14.4826,49.2593],[14.4733,49.2612],[14.4758,49.2639],[14.4791,49.2641],[14.4758,49.267],[14.4726,49.2668],[14.476,49.2695],[14.471,49.2695],[14.4696,49.2723],[14.4658,49.2725],[14.4642,49.2747],[14.466,49.2754],[14.4601,49.2758],[14.4606,49.2773],[14.4635,49.2777],[14.4625,49.2793],[14.4383,49.2769],[14.429,49.2691],[14.4296,49.2631],[14.4201,49.2649],[14.4188,49.2679],[14.4209,49.2714],[14.4193,49.2733],[14.4212,49.2738],[14.4172,49.2764],[14.4177,49.2796],[14.4214,49.2775],[14.4196,49.2794],[14.4206,49.2846],[14.4161,49.2864],[14.4169,49.2891],[14.4132,49.2928],[14.4136,49.295],[14.4093,49.2947],[14.4074,49.2982],[14.4036,49.2997],[14.4077,49.3045],[14.4026,49.3066],[14.4021,49.3098],[14.3986,49.3106],[14.3965,49.3134],[14.3994,49.3155],[14.3965,49.3214],[14.4009,49.3216],[14.3961,49.3223],[14.3973,49.3273],[14.3888,49.3278],[14.3877,49.3298],[14.3727,49.3281],[14.3718,49.3183],[14.3763,49.3174],[14.3719,49.3172],[14.3758,49.3063],[14.364,49.3072],[14.3621,49.3098],[14.3575,49.3082],[14.3552,49.3101],[14.3471,49.3073],[14.3478,49.3063],[14.3279,49.3055],[14.3296,49.3022],[14.3283,49.2983],[14.3345,49.2965],[14.3373,49.288],[14.3424,49.2834],[14.3367,49.2784],[14.3349,49.265],[14.3408,49.2595],[14.3482,49.2467],[14.3677,49.2383],[14.3655,49.2305],[14.3573,49.2303],[14.3548,49.2327],[14.3495,49.2325],[14.3469,49.2341],[14.3495,49.2343],[14.3442,49.2368],[14.3368,49.234],[14.3161,49.2468],[14.3101,49.2449],[14.3007,49.2457],[14.2989,49.2407],[14.2932,49.2408],[14.2971,49.2188],[14.2934,49.2162],[14.2831,49.2149],[14.2791,49.2117],[14.2761,49.2115],[14.2764,49.2096],[14.2657,49.2061],[14.2646,49.2123],[14.2581,49.2121],[14.2531,49.2141],[14.2425,49.2122],[14.2304,49.2163],[14.2277,49.2192],[14.2191,49.22],[14.2123,49.2322],[14.2144,49.2359],[14.2138,49.2406],[14.2099,49.2426],[14.2092,49.2487],[14.2033,49.2471],[14.2047,49.2502],[14.2009,49.2513],[14.2033,49.2544],[14.2008,49.2565],[14.2065,49.2563],[14.2076,49.2541],[14.2112,49.254],[14.2067,49.2575],[14.2165,49.2601],[14.224,49.2559],[14.2337,49.2564],[14.2345,49.2597],[14.238,49.2601],[14.2325,49.3066],[14.2274,49.3108],[14.2237,49.31],[14.2222,49.3132],[14.2195,49.313],[14.22,49.3148],[14.2068,49.3145],[14.2046,49.3198],[14.1917,49.3212],[14.1931,49.3229],[14.1874,49.325],[14.18,49.3231],[14.1785,49.3258],[14.1745,49.3244],[14.1706,49.3252],[14.1587,49.3218],[14.1544,49.3275],[14.1597,49.3331],[14.1598,49.3363],[14.1566,49.341],[14.1453,49.3493],[14.1471,49.3548],[14.1518,49.3574],[14.1547,49.3616],[14.1449,49.3693],[14.1448,49.376],[14.1498,49.3826],[14.1414,49.3839],[14.1353,49.3822],[14.134,49.3807],[14.1377,49.3778],[14.1321,49.3788],[14.1289,49.3769],[14.1203,49.3783],[14.1202,49.3794],[14.1159,49.3791],[14.1108,49.3805],[14.1057,49.385],[14.1005,49.3832],[14.0968,49.3954],[14.0925,49.3958],[14.0927,49.3945],[14.0903,49.3941],[14.0852,49.3962],[14.0971,49.3968],[14.0947,49.3999],[14.0981,49.4017],[14.098,49.4033],[14.0859,49.4048],[14.0817,49.4071],[14.0779,49.4066],[14.0761,49.409],[14.0789,49.411],[14.0836,49.4108],[14.0838,49.4121],[14.0947,49.413],[14.0906,49.4149],[14.0897,49.4182],[14.0942,49.4187],[14.0938,49.4201],[14.0818,49.4215],[14.0781,49.4205],[14.0766,49.4221],[14.0784,49.4253],[14.0754,49.4276],[14.0785,49.4317],[14.0737,49.4334],[14.0753,49.4404],[14.0732,49.4487],[14.0609,49.4478],[14.0627,49.4511],[14.0569,49.4525],[14.0619,49.4565],[14.0611,49.4596],[14.0586,49.4591],[14.0605,49.4675],[14.0637,49.4669],[14.065,49.4687],[14.0619,49.4725],[14.077,49.4729],[14.077,49.4706],[14.0798,49.4703],[14.0805,49.4665],[14.0828,49.4661],[14.0815,49.4761],[14.0795,49.4781],[14.0752,49.4784],[14.0745,49.4759],[14.0728,49.4789],[14.0717,49.4752],[14.0674,49.4754],[14.0666,49.4792],[14.0692,49.4801],[14.0647,49.4813],[14.0642,49.4837],[14.0477,49.4865],[14.0465,49.4934],[14.0444,49.4936],[14.0447,49.4918],[14.0369,49.4874],[14.0324,49.4897],[14.0317,49.4918],[14.0281,49.4916],[14.0257,49.4936],[14.025,49.5009],[14.0196,49.5023],[14.0205,49.5069],[14.0175,49.5065],[14.0187,49.5059],[14.0083,49.5004],[13.9981,49.5013],[13.9923,49.5061],[13.9929,49.5045],[13.9847,49.5065],[13.9897,49.5082],[13.9859,49.51],[13.9868,49.5108],[13.9837,49.5112],[13.9841,49.5123],[13.9785,49.5137],[13.9789,49.517],[13.9843,49.5208],[13.9818,49.5241],[13.9851,49.5242],[13.9858,49.5272],[13.988,49.5278],[13.9906,49.525],[13.9944,49.5247],[13.9938,49.5225],[13.9968,49.5191],[13.9991,49.5195],[14.0002,49.5225],[14.0053,49.5227],[14.0025,49.524],[13.9985,49.5313],[14.0026,49.5306],[14.0036,49.5284],[14.0063,49.5289],[14.0085,49.5306],[14.0077,49.5335],[14.01,49.5334],[14.01,49.5392],[14.0128,49.5377],[14.0147,49.5399],[14.01,49.5461],[14.0098,49.5514],[14.0172,49.5499],[14.0188,49.551],[14.0201,49.5497],[14.02,49.5512],[14.0219,49.5513],[14.0245,49.5489],[14.0315,49.5539],[14.0348,49.5541],[14.039,49.5602],[14.0431,49.5586],[14.0568,49.5601],[14.0618,49.563],[14.0684,49.5574],[14.0725,49.5583],[14.0731,49.5566],[14.0767,49.5558],[14.0666,49.5556],[14.0694,49.5517],[14.0668,49.55],[14.0679,49.5426],[14.0642,49.5414],[14.0666,49.5325],[14.075,49.5294],[14.0775,49.5309],[14.0866,49.5302],[14.0882,49.5273],[14.0908,49.5281],[14.0909,49.5299],[14.1019,49.5285],[14.1008,49.5356],[14.1045,49.5371],[14.1088,49.5356],[14.1058,49.5325],[14.1072,49.5299],[14.111,49.5286],[14.1184,49.5297],[14.1255,49.5281],[14.122,49.537],[14.1515,49.5303],[14.1527,49.5343],[14.1598,49.5332],[14.1645,49.5348],[14.1747,49.5343],[14.1774,49.5322],[14.1826,49.5359],[14.1872,49.5354],[14.1887,49.5368],[14.1944,49.5363],[14.2007,49.5379],[14.2065,49.5358],[14.2012,49.5353],[14.2008,49.5326],[14.2081,49.5317],[14.2099,49.5363],[14.2132,49.5361],[14.2173,49.5404],[14.2102,49.5387],[14.2107,49.5422],[14.2151,49.5414],[14.2181,49.5442],[14.2202,49.5439],[14.2228,49.5461],[14.2217,49.5484],[14.2262,49.5499],[14.2273,49.5539],[14.2233,49.5598],[14.2267,49.5619],[14.2322,49.5612],[14.2343,49.5652],[14.2388,49.5634],[14.2369,49.5586],[14.2549,49.5658],[14.2601,49.5653],[14.2632,49.5679],[14.2659,49.5679],[14.2695,49.5637],[14.2747,49.5659],[14.2775,49.5623],[14.2792,49.5635],[14.2924,49.5594],[14.2928,49.5581],[14.2896,49.558],[14.2924,49.555],[14.2907,49.555],[14.2913,49.5516],[14.289,49.5509],[14.2931,49.549],[14.2928,49.5471],[14.2967,49.5484],[14.2996,49.5443],[14.3065,49.5506],[14.3081,49.5475],[14.314,49.5465],[14.316,49.544],[14.3188,49.5471],[14.3216,49.5426],[14.3241,49.5433],[14.3236,49.5409],[14.3264,49.5397],[14.3313,49.5405],[14.3345,49.5393],[14.3285,49.5342],[14.3295,49.5294],[14.3245,49.528],[14.3321,49.5269],[14.343,49.5326],[14.3431,49.5302],[14.3463,49.5305],[14.3468,49.5283],[14.3533,49.5291],[14.3547,49.5242],[14.3567,49.5251],[14.3564,49.5297],[14.3615,49.5315],[14.3657,49.5298],[14.364,49.5273],[14.3658,49.5284],[14.3668,49.5269],[14.3706,49.5347],[14.3725,49.5353],[14.3729,49.5334],[14.3758,49.5334],[14.3761,49.5377],[14.381,49.5375],[14.3806,49.5413],[14.3847,49.5396],[14.3868,49.543],[14.3936,49.5436],[14.3971,49.5409],[14.4036,49.541],[14.4038,49.5367],[14.4062,49.5348],[14.4085,49.5373],[14.4136,49.5369],[14.4132,49.539],[14.4075,49.5385],[14.4048,49.5403],[14.4044,49.5419],[14.4072,49.5424],[14.4054,49.545],[14.4079,49.547],[14.4024,49.5517],[14.4034,49.5527],[14.3999,49.5542],[14.4016,49.5553],[14.4063,49.5522],[14.41,49.5533],[14.406,49.5579],[14.4126,49.5547],[14.415,49.5556],[14.4279,49.5424],[14.4316,49.5438],[14.4332,49.5477],[14.4432,49.5491],[14.4436,49.5412],[14.4495,49.5418],[14.4518,49.5392],[14.4563,49.5384],[14.4571,49.5338],[14.4621,49.5324],[14.463,49.5363],[14.4644,49.5325],[14.4669,49.5316],[14.4717,49.5324],[14.4672,49.5336],[14.4666,49.5362],[14.4759,49.5377],[14.4777,49.5434],[14.4754,49.5449],[14.4775,49.5462],[14.4862,49.5438],[14.4894,49.5444],[14.4939,49.5405],[14.5104,49.5446],[14.5108,49.5382],[14.5124,49.5363],[14.516,49.5361],[14.5145,49.5349],[14.5214,49.5369],[14.5225,49.5343],[14.526,49.5351],[14.5283,49.5327],[14.5296,49.535],[14.5348,49.537],[14.5379,49.5349],[14.5451,49.5341],[14.547,49.532],[14.554,49.5333],[14.5546,49.5319],[14.5611,49.5312],[14.5636,49.5329],[14.562,49.5352],[14.5674,49.5386],[14.5677,49.5333],[14.5728,49.5332],[14.5753,49.5368],[14.5728,49.5366],[14.5735,49.538],[14.5779,49.5355],[14.5809,49.5364],[14.5863,49.5404],[14.5842,49.5407],[14.5853,49.543],[14.5893,49.5443],[14.5906,49.547],[14.5913,49.5452],[14.5945,49.5489],[14.5996,49.5454],[14.5996,49.5484],[14.6076,49.5483],[14.606,49.5461],[14.6072,49.542],[14.613,49.5416],[14.6169,49.544],[14.6194,49.5427],[14.6225,49.5459],[14.6205,49.5482],[14.6221,49.5488],[14.6215,49.5542],[14.6248,49.5562],[14.6283,49.556],[14.6252,49.5567],[14.6254,49.5584],[14.6391,49.563],[14.6435,49.5616],[14.6394,49.5662],[14.6422,49.5661],[14.6345,49.5694],[14.638,49.5709],[14.6386,49.5697],[14.6466,49.5699],[14.6465,49.5714],[14.6393,49.5752],[14.6404,49.577],[14.638,49.5784],[14.6416,49.5794],[14.6467,49.5767],[14.6561,49.5791],[14.6556,49.5821],[14.6579,49.5843],[14.6556,49.588],[14.6665,49.5918],[14.6692,49.5903],[14.6736,49.5921],[14.6715,49.5931],[14.675,49.5956],[14.6735,49.5995],[14.6696,49.6],[14.6658,49.6046],[14.6608,49.6041],[14.6615,49.611],[14.6598,49.6087],[14.6559,49.6097],[14.6552,49.6076],[14.651,49.6058],[14.6443,49.6068],[14.644,49.6146],[14.6519,49.6145],[14.6511,49.6156],[14.6474,49.6148],[14.6489,49.6165],[14.6461,49.62],[14.6418,49.6202],[14.6419,49.6213],[14.6312,49.6189],[14.6306,49.6245],[14.6238,49.6256],[14.618,49.6289],[14.6127,49.6281],[14.611,49.6253],[14.609,49.6269],[14.6035,49.6265],[14.6043,49.6254],[14.5976,49.6212],[14.5919,49.6229],[14.5896,49.6263],[14.5917,49.6274],[14.5888,49.6297],[14.587,49.6268],[14.578,49.6266],[14.5782,49.6252],[14.5747,49.6239],[14.5751,49.6197],[14.5744,49.6222],[14.5716,49.6234],[14.5663,49.6221],[14.5648,49.6252],[14.5537,49.622],[14.5528,49.6236],[14.558,49.6252],[14.5516,49.6265],[14.5506,49.6291],[14.5474,49.6306],[14.5487,49.6386],[14.5462,49.6399],[14.5487,49.6412],[14.5476,49.6424],[14.5498,49.6423],[14.5546,49.6454],[14.5584,49.6443],[14.5644,49.6459],[14.5688,49.6441],[14.5719,49.6458],[14.5827,49.6453],[14.5842,49.6475],[14.5918,49.648],[14.5895,49.649],[14.5907,49.65],[14.5931,49.6482],[14.5967,49.6487],[14.5982,49.6465],[14.605,49.646],[14.6079,49.6488],[14.6074,49.6468],[14.6098,49.6448],[14.613,49.6448],[14.6137,49.6495],[14.6188,49.6525],[14.6202,49.6564],[14.6253,49.6563],[14.6321,49.6631],[14.6367,49.6645],[14.639,49.6643],[14.6371,49.6619],[14.6388,49.6614],[14.6408,49.6627],[14.6472,49.6615],[14.6459,49.6606],[14.6504,49.6584],[14.6528,49.654],[14.6511,49.653],[14.6525,49.6499],[14.6545,49.6532],[14.6593,49.6514],[14.6621,49.6538],[14.6673,49.6541],[14.6681,49.6575],[14.6757,49.661],[14.6793,49.6599],[14.6774,49.6614],[14.6833,49.6654],[14.6821,49.6691],[14.6889,49.6708],[14.6948,49.6693],[14.6969,49.6723],[14.7004,49.6725],[14.7082,49.6793],[14.716,49.6782],[14.7197,49.6805],[14.7197,49.6777],[14.7231,49.6779],[14.727,49.6842],[14.73,49.6815],[14.7356,49.6836],[14.7364,49.6803],[14.7372,49.6822],[14.7467,49.6787],[14.75,49.6794],[14.7506,49.6821],[14.7548,49.6799],[14.7615,49.6798],[14.7696,49.6855],[14.7715,49.6848],[14.775,49.6868],[14.778,49.6866],[14.7779,49.689],[14.7821,49.6855]]],"crs":null}},{"type":"Feature","properties":{"id":14,"name":"Volební obvod č. 14, sídlo: České Budějovice","active":false},"geometry":{"type":"Polygon","coordinates":[[[14.4801,49.252],[14.4886,49.2511],[14.4916,49.2455],[14.4898,49.2437],[14.4976,49.2433],[14.4973,49.2398],[14.5023,49.2335],[14.5088,49.2308],[14.5142,49.2298],[14.5157,49.2323],[14.519,49.2322],[14.5199,49.2336],[14.5326,49.2337],[14.5357,49.2307],[14.5407,49.2306],[14.5567,49.223],[14.5606,49.2253],[14.5663,49.2242],[14.5813,49.2278],[14.5862,49.2183],[14.5804,49.1994],[14.5832,49.1975],[14.5906,49.1981],[14.6,49.1965],[14.5987,49.1942],[14.6017,49.1906],[14.617,49.186],[14.6112,49.1762],[14.6269,49.1737],[14.6256,49.1702],[14.6287,49.1647],[14.6331,49.1647],[14.6328,49.1694],[14.6431,49.1686],[14.6453,49.1602],[14.6439,49.1595],[14.6508,49.1569],[14.6514,49.1522],[14.6613,49.1522],[14.6782,49.148],[14.6861,49.1518],[14.6872,49.1448],[14.6905,49.1435],[14.6996,49.1443],[14.7033,49.151],[14.709,49.1493],[14.7121,49.1503],[14.715,49.1478],[14.7193,49.1473],[14.7204,49.1433],[14.726,49.1416],[14.7305,49.1353],[14.7291,49.132],[14.7384,49.1211],[14.7381,49.1179],[14.7559,49.1196],[14.7633,49.1071],[14.7647,49.0971],[14.7676,49.0965],[14.7678,49.0916],[14.7735,49.0873],[14.7699,49.0827],[14.7708,49.0769],[14.7738,49.0748],[14.7717,49.0735],[14.7753,49.0715],[14.776,49.0679],[14.7827,49.0619],[14.7932,49.0667],[14.7965,49.062],[14.8064,49.0587],[14.8072,49.0555],[14.8106,49.0554],[14.8126,49.0503],[14.8247,49.0453],[14.834,49.0517],[14.8371,49.05],[14.8393,49.0455],[14.8344,49.0419],[14.8383,49.0398],[14.8371,49.0382],[14.8393,49.035],[14.8464,49.0371],[14.8509,49.0357],[14.8501,49.0383],[14.8539,49.0399],[14.8561,49.0368],[14.8626,49.0371],[14.8614,49.036],[14.8667,49.0318],[14.8652,49.0294],[14.8699,49.025],[14.8646,49.021],[14.8656,49.0103],[14.8634,49.0076],[14.8557,49.005],[14.8597,49.0027],[14.8579,48.9912],[14.8617,48.9901],[14.8668,48.9916],[14.8711,48.989],[14.87,48.9836],[14.8737,48.9775],[14.871,48.9717],[14.8625,48.9732],[14.8638,48.971],[14.8666,48.9712],[14.8655,48.9689],[14.8677,48.9694],[14.869,48.9672],[14.867,48.9671],[14.8679,48.9639],[14.8647,48.9639],[14.8645,48.962],[14.8672,48.9623],[14.8656,48.9609],[14.8683,48.9596],[14.8686,48.9566],[14.8705,48.9572],[14.8774,48.9544],[14.875,48.9527],[14.8777,48.9519],[14.875,48.9509],[14.8791,48.951],[14.8775,48.9498],[14.8792,48.9489],[14.8812,48.9495],[14.8802,48.9458],[14.8824,48.9444],[14.8844,48.9452],[14.8845,48.9431],[14.8868,48.9421],[14.8849,48.9405],[14.8876,48.9413],[14.8876,48.9382],[14.89,48.9387],[14.8879,48.937],[14.8906,48.9356],[14.8881,48.9326],[14.8954,48.9277],[14.8937,48.9265],[14.896,48.927],[14.8963,48.9222],[14.8983,48.9229],[14.8997,48.9214],[14.8969,48.9209],[14.8995,48.9182],[14.8951,48.9141],[14.8842,48.9134],[14.8836,48.9119],[14.8803,48.9114],[14.879,48.9068],[14.8757,48.9064],[14.869,48.9091],[14.855,48.9095],[14.8504,48.9067],[14.8371,48.91],[14.8312,48.9034],[14.8175,48.9063],[14.8039,48.9124],[14.7905,48.916],[14.7901,48.9118],[14.7858,48.9115],[14.7889,48.908],[14.7804,48.9058],[14.787,48.9039],[14.7871,48.8986],[14.7852,48.8969],[14.7878,48.897],[14.7914,48.8931],[14.7931,48.8942],[14.8034,48.8904],[14.7982,48.8886],[14.8,48.8861],[14.799,48.883],[14.7949,48.8803],[14.7937,48.8764],[14.801,48.8702],[14.791,48.8322],[14.7785,48.8339],[14.7744,48.8371],[14.7649,48.8393],[14.7594,48.8393],[14.7588,48.8378],[14.7525,48.8396],[14.7526,48.8381],[14.7515,48.8407],[14.7453,48.8423],[14.7486,48.8459],[14.747,48.8477],[14.7423,48.8472],[14.7374,48.8493],[14.7377,48.8512],[14.7285,48.8561],[14.7273,48.8616],[14.7254,48.8626],[14.7215,48.8614],[14.7189,48.8633],[14.7131,48.8639],[14.7112,48.8682],[14.7015,48.866],[14.6979,48.868],[14.6936,48.8616],[14.6831,48.8619],[14.6829,48.8599],[14.6779,48.8572],[14.6605,48.8663],[14.6477,48.8673],[14.6463,48.8656],[14.6444,48.8678],[14.6327,48.8694],[14.6304,48.8726],[14.632,48.873],[14.6282,48.8744],[14.6306,48.8792],[14.6291,48.8819],[14.62,48.8815],[14.6164,48.8799],[14.6151,48.883],[14.6099,48.8846],[14.6111,48.8861],[14.6065,48.8869],[14.5991,48.8928],[14.5931,48.8951],[14.5845,48.8931],[14.5872,48.8984],[14.5806,48.9067],[14.5822,48.9111],[14.579,48.9113],[14.5808,48.907],[14.5734,48.904],[14.5714,48.9049],[14.5692,48.9122],[14.5593,48.9104],[14.5571,48.9083],[14.5481,48.9123],[14.5534,48.9174],[14.5557,48.9307],[14.5491,48.9339],[14.5395,48.9345],[14.5392,48.9357],[14.5425,48.9365],[14.5405,48.9371],[14.5406,48.9427],[14.5367,48.9454],[14.5299,48.9464],[14.5189,48.9564],[14.5118,48.9548],[14.5167,48.9494],[14.508,48.9504],[14.5055,48.9444],[14.5035,48.9444],[14.5005,48.9493],[14.5025,48.9457],[14.5011,48.9477],[14.4928,48.9477],[14.4937,48.9492],[14.4859,48.9512],[14.4878,48.9487],[14.4824,48.9458],[14.4779,48.9407],[14.4685,48.9415],[14.4653,48.9357],[14.4612,48.9335],[14.4617,48.9409],[14.4643,48.9434],[14.463,48.9499],[14.466,48.9531],[14.4602,48.9543],[14.4568,48.9589],[14.4624,48.963],[14.4544,48.9649],[14.4508,48.9682],[14.4451,48.968],[14.4389,48.9653],[14.4362,48.968],[14.4335,48.9682],[14.4263,48.9809],[14.4308,48.9833],[14.4281,48.9884],[14.4228,48.9851],[14.4173,48.9839],[14.4115,48.9849],[14.4123,48.9831],[14.4081,48.983],[14.3994,48.9878],[14.3996,48.9906],[14.3928,48.989],[14.3927,48.9908],[14.3897,48.9914],[14.3928,48.9941],[14.3951,48.9938],[14.3929,48.9962],[14.3907,48.9956],[14.3869,48.9975],[14.3891,48.9997],[14.3894,49.0075],[14.3919,49.0068],[14.3923,49.009],[14.4221,49.0079],[14.4288,49.0099],[14.4335,49.0142],[14.44,49.0161],[14.4413,49.0184],[14.4505,49.0199],[14.4457,49.0234],[14.4431,49.0298],[14.4467,49.0475],[14.4504,49.049],[14.4575,49.0467],[14.4604,49.0488],[14.466,49.0482],[14.4661,49.0529],[14.4714,49.0518],[14.4732,49.0529],[14.4714,49.0556],[14.465,49.0567],[14.4717,49.059],[14.4754,49.0561],[14.4788,49.063],[14.4731,49.0659],[14.4737,49.0674],[14.4624,49.0666],[14.4616,49.0697],[14.4541,49.0743],[14.4576,49.0801],[14.4709,49.0858],[14.4671,49.0908],[14.4681,49.0929],[14.4729,49.0949],[14.4975,49.094],[14.4983,49.0982],[14.5018,49.1002],[14.5073,49.1109],[14.5098,49.1117],[14.5057,49.123],[14.5269,49.1358],[14.5352,49.13],[14.5399,49.1289],[14.5419,49.1333],[14.5459,49.1337],[14.5459,49.1356],[14.543,49.1353],[14.5411,49.144],[14.5346,49.1496],[14.5291,49.1508],[14.5288,49.1548],[14.5232,49.1553],[14.5135,49.1511],[14.5157,49.1556],[14.4977,49.1609],[14.4923,49.1603],[14.4887,49.1646],[14.4789,49.1655],[14.466,49.1693],[14.4593,49.1727],[14.4578,49.1764],[14.4437,49.1835],[14.4427,49.1904],[14.4453,49.193],[14.4507,49.1931],[14.4454,49.1952],[14.4436,49.2056],[14.4441,49.2043],[14.4463,49.2081],[14.4566,49.2113],[14.4565,49.208],[14.454,49.2079],[14.4575,49.206],[14.4645,49.2075],[14.4662,49.2101],[14.4681,49.21],[14.4639,49.2157],[14.4729,49.2308],[14.4642,49.2323],[14.4646,49.237],[14.4734,49.2406],[14.4743,49.2519],[14.4801,49.252]],[[14.4885,49.2066],[14.4837,49.208],[14.4753,49.2013],[14.4595,49.1993],[14.4587,49.1979],[14.4663,49.1923],[14.4701,49.1861],[14.4782,49.1868],[14.477,49.1846],[14.4787,49.1818],[14.4861,49.1837],[14.4872,49.1819],[14.5009,49.1792],[14.5012,49.182],[14.506,49.1815],[14.5087,49.1731],[14.5069,49.1728],[14.5085,49.1703],[14.5072,49.1695],[14.5179,49.1716],[14.5193,49.1732],[14.5269,49.1697],[14.5248,49.1676],[14.5322,49.1669],[14.5309,49.1601],[14.5348,49.1569],[14.5325,49.1668],[14.5361,49.1754],[14.5337,49.1765],[14.5372,49.1829],[14.5286,49.1882],[14.5287,49.1896],[14.5321,49.1904],[14.535,49.1882],[14.5411,49.1888],[14.5406,49.1906],[14.5361,49.1908],[14.5325,49.1943],[14.529,49.192],[14.5205,49.1964],[14.518,49.1934],[14.5141,49.1952],[14.5124,49.1937],[14.5001,49.1942],[14.4948,49.1973],[14.4941,49.1997],[14.4999,49.2026],[14.4994,49.2042],[14.4907,49.2055],[14.4886,49.2089],[14.4885,49.2066]]],"crs":null}},{"type":"Feature","properties":{"id":16,"name":"Volební obvod č. 16, sídlo: Beroun","active":false},"geometry":{"type":"Polygon","coordinates":[[[14.2372,50.1646],[14.241,50.1645],[14.2416,50.1594],[14.2528,50.1618],[14.253,50.1606],[14.2584,50.1609],[14.2594,50.1576],[14.2613,50.1573],[14.2616,50.159],[14.2709,50.1576],[14.2705,50.1557],[14.2759,50.1544],[14.2729,50.1538],[14.2758,50.1525],[14.2739,50.1485],[14.2786,50.1478],[14.2767,50.1432],[14.2941,50.1435],[14.2974,50.1449],[14.3073,50.1362],[14.311,50.1383],[14.3117,50.1362],[14.3133,50.1386],[14.3154,50.1365],[14.3107,50.1281],[14.3057,50.1302],[14.3014,50.1297],[14.3003,50.1267],[14.2948,50.1249],[14.2972,50.1207],[14.288,50.1161],[14.2847,50.1155],[14.2789,50.1192],[14.2601,50.1135],[14.2572,50.1146],[14.2562,50.1126],[14.2501,50.1109],[14.2452,50.1101],[14.2389,50.1119],[14.2371,50.1103],[14.2394,50.1074],[14.2245,50.1032],[14.2266,50.1005],[14.233,50.1023],[14.237,50.1011],[14.2499,50.1035],[14.2584,50.0995],[14.2547,50.0987],[14.2545,50.0971],[14.2611,50.0964],[14.2612,50.0872],[14.2683,50.0858],[14.2734,50.0877],[14.2753,50.0812],[14.2846,50.0815],[14.2851,50.0783],[14.2894,50.0772],[14.2903,50.0733],[14.2825,50.0744],[14.2773,50.0731],[14.2786,50.071],[14.2754,50.0732],[14.2581,50.0716],[14.2588,50.0645],[14.2476,50.0623],[14.2482,50.0584],[14.2509,50.0568],[14.2557,50.0572],[14.2573,50.0545],[14.2624,50.0556],[14.2644,50.0524],[14.2717,50.0544],[14.2727,50.0507],[14.2683,50.0492],[14.2711,50.047],[14.2687,50.0434],[14.2702,50.0402],[14.2742,50.0358],[14.2976,50.0236],[14.3004,50.0247],[14.3159,50.0237],[14.3166,50.02],[14.3115,50.0071],[14.3065,50.008],[14.3009,50.0119],[14.3006,50.0045],[14.2949,50.0023],[14.3019,50],[14.3011,49.9979],[14.3063,49.9976],[14.3102,49.9939],[14.314,49.9949],[14.3182,49.989],[14.335,49.9939],[14.3428,49.9907],[14.3354,49.9887],[14.3352,49.9865],[14.339,49.9856],[14.3377,49.9825],[14.3397,49.9808],[14.3324,49.9774],[14.3327,49.976],[14.33,49.9755],[14.3269,49.9719],[14.3275,49.9708],[14.3324,49.9711],[14.3407,49.9747],[14.3462,49.9748],[14.345,49.9677],[14.3413,49.9658],[14.3348,49.9676],[14.3282,49.9643],[14.325,49.9585],[14.335,49.9526],[14.3377,49.9485],[14.3588,49.9488],[14.3605,49.9475],[14.3684,49.9514],[14.3718,49.9504],[14.3733,49.9472],[14.3769,49.9467],[14.3798,49.9493],[14.3878,49.9499],[14.3891,49.9453],[14.3956,49.942],[14.3969,49.9445],[14.3943,49.954],[14.4007,49.9707],[14.4195,49.9636],[14.4278,49.9646],[14.4303,49.9669],[14.4387,49.9682],[14.4447,49.9739],[14.4623,49.9708],[14.4664,49.9811],[14.4741,49.9805],[14.4738,49.9838],[14.4871,49.9858],[14.4871,49.9877],[14.4847,49.9875],[14.484,49.9925],[14.5073,49.9976],[14.5094,49.9939],[14.5076,49.9935],[14.5083,49.9922],[14.5171,49.9944],[14.5196,49.9841],[14.5174,49.979],[14.5126,49.9779],[14.5115,49.9744],[14.5103,49.9761],[14.5061,49.9745],[14.506,49.9759],[14.501,49.9759],[14.4996,49.978],[14.4942,49.9781],[14.4954,49.974],[14.492,49.9724],[14.495,49.9722],[14.4943,49.965],[14.4962,49.9651],[14.4986,49.9604],[14.4956,49.9584],[14.4965,49.9565],[14.4991,49.9566],[14.4944,49.9466],[14.4962,49.9458],[14.4938,49.946],[14.491,49.9428],[14.4887,49.9434],[14.4892,49.9449],[14.4838,49.9447],[14.4892,49.9451],[14.4838,49.9455],[14.4865,49.9459],[14.4863,49.9492],[14.4841,49.9497],[14.4818,49.9463],[14.4806,49.9495],[14.4761,49.9521],[14.4738,49.9508],[14.4737,49.9523],[14.4704,49.9525],[14.457,49.9483],[14.4561,49.9445],[14.4519,49.9437],[14.4518,49.94],[14.4424,49.9374],[14.4436,49.9347],[14.4406,49.934],[14.4415,49.9308],[14.4446,49.9295],[14.4548,49.9299],[14.4549,49.9266],[14.4614,49.9246],[14.4605,49.9229],[14.4627,49.9235],[14.4638,49.9177],[14.4689,49.9187],[14.4691,49.9172],[14.467,49.9169],[14.4683,49.9153],[14.4652,49.9129],[14.4617,49.9119],[14.4594,49.9083],[14.4608,49.907],[14.4583,49.9063],[14.4557,49.908],[14.4555,49.9044],[14.4526,49.9039],[14.4506,49.9001],[14.4469,49.9007],[14.4485,49.8984],[14.4449,49.8966],[14.42,49.8963],[14.4146,49.8942],[14.4121,49.8949],[14.4117,49.8926],[14.4063,49.8919],[14.4022,49.8964],[14.401,49.9022],[14.3964,49.9015],[14.3942,49.9043],[14.3921,49.9024],[14.3873,49.9039],[14.3861,49.9021],[14.3823,49.9014],[14.384,49.9023],[14.3816,49.904],[14.376,49.901],[14.3724,49.9017],[14.3683,49.8979],[14.3664,49.8986],[14.3607,49.8966],[14.3597,49.895],[14.3622,49.8941],[14.3485,49.8867],[14.3381,49.8894],[14.3364,49.8978],[14.3313,49.8992],[14.3323,49.9013],[14.3291,49.9061],[14.3244,49.9009],[14.3123,49.9048],[14.303,49.9017],[14.2896,49.908],[14.2818,49.9051],[14.2704,49.8976],[14.248,49.8969],[14.2454,49.8946],[14.2348,49.8909],[14.2298,49.8866],[14.225,49.886],[14.2223,49.8825],[14.2152,49.8803],[14.2067,49.8855],[14.1876,49.8721],[14.1873,49.8654],[14.1814,49.8684],[14.1777,49.8619],[14.1704,49.8631],[14.1652,49.8663],[14.1606,49.865],[14.1507,49.8662],[14.1491,49.8649],[14.1508,49.8606],[14.1462,49.8574],[14.1385,49.8556],[14.1328,49.8453],[14.1287,49.8474],[14.1194,49.8401],[14.1175,49.8363],[14.1102,49.8347],[14.0997,49.8277],[14.0965,49.8191],[14.0978,49.8172],[14.1009,49.8177],[14.0984,49.8169],[14.1008,49.8116],[14.095,49.8111],[14.0847,49.8156],[14.0855,49.8143],[14.0786,49.8117],[14.0648,49.8023],[14.0653,49.7998],[14.0722,49.8005],[14.074,49.7968],[14.0796,49.7936],[14.0797,49.7907],[14.0697,49.7919],[14.0593,49.7807],[14.0548,49.7782],[14.0526,49.7782],[14.049,49.7825],[14.0426,49.7847],[14.0459,49.7864],[14.0444,49.7885],[14.0369,49.79],[14.0377,49.7955],[14.0312,49.7923],[14.0273,49.7969],[14.0156,49.7898],[14.0123,49.7893],[14.0137,49.8021],[14.0102,49.8001],[14.0075,49.8013],[14.0082,49.8085],[14.0039,49.8092],[14.0068,49.8118],[14.0018,49.8122],[13.9998,49.8165],[13.9943,49.821],[13.9914,49.8188],[13.9867,49.8185],[13.9811,49.8245],[13.9817,49.8278],[13.9736,49.8281],[13.9759,49.8256],[13.9723,49.8221],[13.9678,49.8208],[13.9653,49.8173],[13.9647,49.8131],[13.9662,49.813],[13.9597,49.8111],[13.9449,49.8122],[13.9495,49.8103],[13.9381,49.8096],[13.9266,49.8034],[13.922,49.792],[13.918,49.7906],[13.9169,49.7834],[13.9192,49.7803],[13.9276,49.7788],[13.926,49.7715],[13.9289,49.7653],[13.9212,49.7626],[13.9205,49.7591],[13.9063,49.7563],[13.8968,49.7758],[13.8994,49.7767],[13.8976,49.779],[13.8955,49.7784],[13.8876,49.7949],[13.8927,49.7957],[13.8891,49.8007],[13.8889,49.8089],[13.891,49.8142],[13.8938,49.8154],[13.8845,49.8206],[13.8763,49.8294],[13.8741,49.829],[13.8835,49.8323],[13.8795,49.8341],[13.8752,49.8319],[13.8726,49.8337],[13.8795,49.8342],[13.8709,49.8394],[13.8763,49.8427],[13.8675,49.847],[13.8718,49.8479],[13.869,49.8505],[13.8737,49.8566],[13.8713,49.8564],[13.873,49.8586],[13.8687,49.8607],[13.8583,49.8712],[13.8639,49.8742],[13.8663,49.878],[13.8536,49.8845],[13.8525,49.8882],[13.8583,49.8852],[13.8631,49.8887],[13.8815,49.8893],[13.8817,49.8926],[13.8872,49.8953],[13.8849,49.8963],[13.8877,49.8961],[13.8929,49.9019],[13.8993,49.9035],[13.8886,49.913],[13.8838,49.915],[13.8842,49.9169],[13.8882,49.9201],[13.8981,49.9209],[13.8994,49.9232],[13.9027,49.9237],[13.9041,49.926],[13.9087,49.928],[13.9116,49.933],[13.9181,49.9338],[13.9212,49.9324],[13.9198,49.9552],[13.9158,49.9584],[13.911,49.967],[13.9169,49.9711],[13.9184,49.9756],[13.9232,49.9777],[13.9145,49.9776],[13.9128,49.9788],[13.938,49.9917],[13.935,49.9922],[13.9362,49.9956],[13.9458,50.0009],[13.946,50.0028],[13.9507,50.0057],[13.9453,50.0053],[13.9422,50.0088],[13.9367,50.0089],[13.9399,50.0165],[13.9379,50.0179],[13.9416,50.0203],[13.954,50.0217],[13.9676,50.0075],[13.9811,50.0069],[13.9845,50.0098],[13.9941,50.0125],[13.9868,50.0157],[13.9891,50.0186],[13.9941,50.0199],[13.9898,50.0215],[13.9894,50.024],[13.993,50.0258],[13.9904,50.0292],[13.9931,50.0315],[13.9987,50.032],[14.0002,50.0346],[14.0045,50.0362],[14.0152,50.0377],[14.0134,50.0389],[14.0177,50.0421],[14.0172,50.0441],[14.0267,50.0515],[14.0297,50.0509],[14.0387,50.0534],[14.0515,50.0492],[14.0866,50.058],[14.0944,50.0552],[14.0977,50.0527],[14.0976,50.0495],[14.1011,50.0481],[14.1048,50.0502],[14.0997,50.0528],[14.1029,50.0539],[14.1016,50.0555],[14.1059,50.0565],[14.1088,50.0548],[14.108,50.0522],[14.1157,50.0549],[14.1166,50.0523],[14.119,50.0518],[14.1379,50.0566],[14.1545,50.0566],[14.1538,50.0583],[14.1567,50.0571],[14.1599,50.0587],[14.1586,50.0604],[14.1545,50.06],[14.156,50.0629],[14.1504,50.0672],[14.1494,50.0655],[14.1488,50.0682],[14.1511,50.0684],[14.1497,50.0708],[14.1514,50.0713],[14.1527,50.0686],[14.1554,50.0692],[14.1542,50.0754],[14.1578,50.077],[14.1704,50.0762],[14.1699,50.0954],[14.1821,50.0934],[14.1906,50.0948],[14.1931,50.0972],[14.2015,50.1002],[14.2022,50.1033],[14.2048,50.1014],[14.2071,50.1025],[14.2087,50.1005],[14.2105,50.1011],[14.2078,50.1032],[14.2079,50.1063],[14.2108,50.1078],[14.2082,50.1089],[14.2108,50.1112],[14.2081,50.1135],[14.2122,50.1149],[14.209,50.1199],[14.2131,50.1224],[14.209,50.126],[14.2127,50.1268],[14.2133,50.1235],[14.2291,50.1278],[14.2236,50.1266],[14.2266,50.1285],[14.2227,50.1283],[14.2232,50.1309],[14.227,50.132],[14.2241,50.1324],[14.2268,50.1337],[14.2243,50.135],[14.2261,50.1343],[14.2257,50.1371],[14.2302,50.1364],[14.2344,50.1382],[14.2368,50.1438],[14.2354,50.1444],[14.2384,50.1457],[14.2359,50.1462],[14.2342,50.1445],[14.2343,50.1457],[14.2262,50.1457],[14.2213,50.1546],[14.2249,50.155],[14.2263,50.1591],[14.2292,50.1595],[14.2291,50.1647],[14.232,50.167],[14.2372,50.1646]]],"crs":null}},{"type":"Feature","properties":{"id":17,"name":"Volební obvod č. 17, sídlo: Praha 12","active":false},"geometry":{"type":"Polygon","coordinates":[[[14.3238,50.0399],[14.3277,50.035],[14.331,50.0328],[14.3349,50.0344],[14.3357,50.0317],[14.3385,50.0328],[14.3428,50.0319],[14.3544,50.0356],[14.3551,50.0317],[14.3575,50.0301],[14.3555,50.0284],[14.3559,50.0251],[14.3632,50.0263],[14.3658,50.0223],[14.3792,50.0291],[14.3826,50.0267],[14.3899,50.027],[14.4001,50.031],[14.3959,50.0189],[14.4077,50.0164],[14.4285,50.0197],[14.4354,50.0181],[14.4405,50.0231],[14.4494,50.018],[14.4533,50.0133],[14.4685,50.017],[14.4618,50.0215],[14.4663,50.0235],[14.4602,50.0257],[14.461,50.0292],[14.4641,50.031],[14.4878,50.029],[14.4895,50.0224],[14.5034,50.0198],[14.5151,50.0205],[14.5406,50.0277],[14.5434,50.0268],[14.5474,50.0294],[14.5493,50.0268],[14.5467,50.026],[14.5512,50.022],[14.5502,50.0198],[14.5555,50.0181],[14.5543,50.0122],[14.5509,50.0081],[14.5424,50.0088],[14.5356,50.0118],[14.5275,50.0109],[14.5211,50.0078],[14.5301,50.0008],[14.5244,49.9975],[14.5192,49.9972],[14.518,49.9945],[14.5135,49.9942],[14.5138,49.9927],[14.5083,49.9922],[14.5076,49.9935],[14.5094,49.9939],[14.5073,49.9976],[14.484,49.9925],[14.4847,49.9875],[14.4871,49.9877],[14.4871,49.9858],[14.4738,49.9838],[14.4741,49.9805],[14.4664,49.9811],[14.4623,49.9708],[14.4447,49.9739],[14.4387,49.9682],[14.4303,49.9669],[14.4278,49.9646],[14.4195,49.9636],[14.4007,49.9707],[14.3943,49.954],[14.3969,49.9445],[14.3956,49.942],[14.3891,49.9453],[14.3878,49.9499],[14.3798,49.9493],[14.3769,49.9467],[14.3733,49.9472],[14.3718,49.9504],[14.3684,49.9514],[14.3605,49.9475],[14.3588,49.9488],[14.3377,49.9485],[14.335,49.9526],[14.325,49.9585],[14.3282,49.9643],[14.3348,49.9676],[14.3413,49.9658],[14.345,49.9677],[14.3462,49.9748],[14.3407,49.9747],[14.3324,49.9711],[14.3275,49.9708],[14.3269,49.9719],[14.33,49.9755],[14.3327,49.976],[14.3324,49.9774],[14.3397,49.9808],[14.3377,49.9825],[14.339,49.9856],[14.3352,49.9865],[14.3354,49.9887],[14.3428,49.9907],[14.335,49.9939],[14.3182,49.989],[14.314,49.9949],[14.3102,49.9939],[14.3063,49.9976],[14.3011,49.9979],[14.3019,50],[14.2949,50.0023],[14.3006,50.0045],[14.3009,50.0119],[14.3065,50.008],[14.3115,50.0071],[14.3166,50.02],[14.3159,50.0237],[14.3004,50.0247],[14.2976,50.0236],[14.2821,50.032],[14.2889,50.0363],[14.3007,50.039],[14.308,50.0454],[14.3238,50.0399]]],"crs":null}},{"type":"Feature","properties":{"id":19,"name":"Volební obvod č. 19, sídlo: Praha 11","active":false},"geometry":{"type":"Polygon","coordinates":[[[14.5381,50.067],[14.5372,50.0647],[14.5571,50.0686],[14.5595,50.0714],[14.5681,50.0711],[14.5717,50.061],[14.5769,50.0619],[14.5783,50.0608],[14.579,50.0573],[14.5759,50.0578],[14.5779,50.0556],[14.576,50.0511],[14.5834,50.0488],[14.5843,50.0471],[14.5873,50.0485],[14.5963,50.0486],[14.5958,50.0536],[14.6027,50.0534],[14.6022,50.0553],[14.6083,50.0562],[14.6158,50.0557],[14.6158,50.0576],[14.6213,50.0569],[14.62,50.063],[14.6244,50.0628],[14.6234,50.061],[14.6273,50.0606],[14.6246,50.0592],[14.6255,50.0556],[14.6313,50.0536],[14.6379,50.0572],[14.6403,50.057],[14.6403,50.0485],[14.6441,50.0423],[14.6539,50.0493],[14.6669,50.0386],[14.657,50.0379],[14.6562,50.031],[14.6696,50.0189],[14.6686,50.0135],[14.6617,50.0129],[14.6627,50.0085],[14.6579,50.0044],[14.6499,50.0089],[14.6456,50.0048],[14.6439,50.0066],[14.6384,50.0059],[14.647,49.9988],[14.6402,49.9945],[14.6341,49.9962],[14.6292,49.9956],[14.6224,49.9987],[14.6193,49.9976],[14.6136,50.0001],[14.6104,49.9987],[14.6079,50.003],[14.604,50.002],[14.6023,50.0095],[14.595,50.0072],[14.5945,50.0101],[14.5892,50.0087],[14.5872,50.0115],[14.5818,50.011],[14.5825,50.0164],[14.5684,50.0074],[14.5676,50.0096],[14.5641,50.0098],[14.563,50.0116],[14.5543,50.0122],[14.5555,50.0181],[14.5502,50.0198],[14.5512,50.022],[14.5467,50.026],[14.5493,50.0268],[14.5474,50.0294],[14.5434,50.0268],[14.5406,50.0277],[14.5151,50.0205],[14.5034,50.0198],[14.4895,50.0224],[14.4878,50.029],[14.4773,50.0298],[14.4702,50.0336],[14.4696,50.039],[14.4868,50.0413],[14.4882,50.0428],[14.4864,50.0446],[14.4888,50.0448],[14.4899,50.0421],[14.4937,50.0439],[14.5027,50.0445],[14.5063,50.0462],[14.5074,50.0506],[14.5132,50.0499],[14.5156,50.0511],[14.5148,50.061],[14.5176,50.0612],[14.5196,50.067],[14.5233,50.0671],[14.523,50.0737],[14.5282,50.075],[14.5381,50.067]]],"crs":null}},{"type":"Feature","properties":{"id":20,"name":"Volební obvod č. 20, sídlo: Praha 4","active":false},"geometry":{"type":"Polygon","coordinates":[[[14.4409,50.0665],[14.4547,50.0624],[14.4591,50.0566],[14.467,50.0584],[14.4672,50.0569],[14.4714,50.0571],[14.4723,50.055],[14.4803,50.0556],[14.4853,50.0516],[14.4824,50.0511],[14.4923,50.05],[14.4963,50.0463],[14.4899,50.0421],[14.4888,50.0448],[14.4864,50.0446],[14.4882,50.0428],[14.4868,50.0413],[14.4696,50.039],[14.4702,50.0336],[14.4773,50.0298],[14.4641,50.031],[14.461,50.0292],[14.4602,50.0257],[14.4663,50.0235],[14.4618,50.0215],[14.4685,50.017],[14.4533,50.0133],[14.4494,50.018],[14.4405,50.0231],[14.4354,50.0181],[14.4285,50.0197],[14.4077,50.0164],[14.3959,50.0189],[14.4001,50.031],[14.4103,50.0447],[14.4164,50.0583],[14.4159,50.0619],[14.4186,50.0633],[14.4243,50.061],[14.4268,50.064],[14.4345,50.0655],[14.4369,50.0681],[14.4409,50.0665]]],"crs":null}},{"type":"Feature","properties":{"id":22,"name":"Volební obvod č. 22, sídlo: Praha 10","active":false},"geometry":{"type":"Polygon","coordinates":[[[14.5134,50.0888],[14.5185,50.0866],[14.5331,50.0906],[14.5341,50.0886],[14.5302,50.0878],[14.5321,50.0845],[14.5376,50.085],[14.5391,50.081],[14.5432,50.0817],[14.5443,50.0801],[14.5544,50.0826],[14.5568,50.0793],[14.5617,50.0802],[14.5616,50.0772],[14.5631,50.0782],[14.5656,50.0741],[14.5773,50.076],[14.5769,50.0806],[14.6016,50.0835],[14.6014,50.086],[14.6052,50.0868],[14.6042,50.0922],[14.6226,50.0936],[14.6245,50.0957],[14.6347,50.0912],[14.6368,50.085],[14.6697,50.0875],[14.6859,50.0854],[14.6898,50.0961],[14.704,50.0918],[14.7069,50.0871],[14.7001,50.0722],[14.6909,50.0721],[14.6748,50.0676],[14.6672,50.0639],[14.6582,50.0624],[14.6582,50.0611],[14.6515,50.062],[14.6522,50.0596],[14.6449,50.0601],[14.6459,50.0588],[14.6379,50.0572],[14.6313,50.0536],[14.6255,50.0556],[14.6246,50.0592],[14.6273,50.0606],[14.6234,50.061],[14.6244,50.0628],[14.62,50.063],[14.6213,50.0569],[14.6158,50.0576],[14.6158,50.0557],[14.6083,50.0562],[14.6022,50.0553],[14.6027,50.0534],[14.5958,50.0536],[14.5963,50.0486],[14.5873,50.0485],[14.5843,50.0471],[14.5834,50.0488],[14.576,50.0511],[14.5779,50.0556],[14.5759,50.0578],[14.579,50.0573],[14.5783,50.0608],[14.5769,50.0619],[14.5717,50.061],[14.5681,50.0711],[14.5595,50.0714],[14.5571,50.0686],[14.5372,50.0647],[14.5381,50.067],[14.5282,50.075],[14.523,50.0737],[14.5233,50.0671],[14.5196,50.067],[14.5176,50.0612],[14.5148,50.061],[14.5156,50.0511],[14.5132,50.0499],[14.5074,50.0506],[14.5063,50.0462],[14.5027,50.0445],[14.4937,50.0439],[14.4963,50.0463],[14.4923,50.05],[14.4824,50.0511],[14.4853,50.0516],[14.4803,50.0556],[14.4723,50.055],[14.4714,50.0571],[14.4672,50.0569],[14.467,50.0584],[14.4591,50.0566],[14.4547,50.0624],[14.4409,50.0665],[14.4486,50.0681],[14.4426,50.0724],[14.4493,50.0728],[14.4486,50.0754],[14.4784,50.0763],[14.4764,50.0795],[14.4826,50.0805],[14.4805,50.0819],[14.4827,50.0823],[14.4821,50.0835],[14.4917,50.0874],[14.5034,50.0897],[14.5134,50.0888]]],"crs":null}},{"type":"Feature","properties":{"id":23,"name":"Volební obvod č. 23, sídlo: Praha 8","active":false},"geometry":{"type":"Polygon","coordinates":[[[14.5327,50.1675],[14.5306,50.1663],[14.5343,50.1616],[14.5404,50.1652],[14.5425,50.1626],[14.5506,50.1662],[14.5532,50.1638],[14.5607,50.1621],[14.5628,50.1561],[14.5444,50.1491],[14.546,50.1473],[14.5437,50.1471],[14.5441,50.1424],[14.5406,50.1429],[14.5406,50.1404],[14.5351,50.1402],[14.5354,50.1311],[14.5259,50.1291],[14.5246,50.1264],[14.5221,50.1267],[14.5185,50.1229],[14.5075,50.1271],[14.4985,50.1276],[14.4979,50.1314],[14.4887,50.1308],[14.4824,50.1262],[14.4851,50.1247],[14.4835,50.1228],[14.4763,50.1193],[14.4758,50.1174],[14.4827,50.118],[14.4883,50.1166],[14.4886,50.1141],[14.4923,50.1122],[14.4812,50.1088],[14.4809,50.1013],[14.4837,50.1022],[14.4698,50.0932],[14.4485,50.09],[14.4375,50.0866],[14.4367,50.0944],[14.4446,50.0954],[14.4576,50.1007],[14.4606,50.1048],[14.4591,50.1094],[14.4532,50.113],[14.4454,50.1135],[14.4455,50.1149],[14.4418,50.1159],[14.4337,50.1162],[14.4342,50.1234],[14.4239,50.1205],[14.4237,50.1239],[14.409,50.1257],[14.4065,50.1303],[14.4009,50.1295],[14.3924,50.1363],[14.4,50.148],[14.4072,50.1471],[14.4226,50.1499],[14.4201,50.153],[14.4291,50.1536],[14.4282,50.1577],[14.4361,50.1592],[14.4368,50.1576],[14.4519,50.1579],[14.4642,50.16],[14.4639,50.165],[14.4668,50.1655],[14.467,50.1696],[14.4802,50.17],[14.4796,50.1724],[14.507,50.1715],[14.5091,50.1742],[14.5197,50.1749],[14.5269,50.1775],[14.5326,50.1773],[14.5327,50.1675]]],"crs":null}},{"type":"Feature","properties":{"id":25,"name":"Volební obvod č. 25, sídlo: Praha 6","active":false},"geometry":{"type":"Polygon","coordinates":[[[14.385,50.147],[14.3938,50.1413],[14.3982,50.1435],[14.3924,50.1363],[14.4009,50.1295],[14.3919,50.1154],[14.3955,50.1007],[14.3996,50.0985],[14.4072,50.0996],[14.4077,50.0977],[14.3963,50.095],[14.396,50.0964],[14.3853,50.0986],[14.3661,50.0953],[14.3702,50.0884],[14.3791,50.089],[14.3821,50.0856],[14.3856,50.0864],[14.3881,50.0831],[14.3977,50.08],[14.3903,50.0779],[14.3798,50.0795],[14.3569,50.0782],[14.3471,50.0756],[14.3218,50.0736],[14.3223,50.0652],[14.3045,50.0609],[14.3048,50.0574],[14.2972,50.0551],[14.2983,50.0524],[14.276,50.0494],[14.2727,50.0507],[14.2717,50.0544],[14.2644,50.0524],[14.2624,50.0556],[14.2573,50.0545],[14.2557,50.0572],[14.2509,50.0568],[14.2482,50.0584],[14.2476,50.0623],[14.2588,50.0645],[14.2581,50.0716],[14.2754,50.0732],[14.2786,50.071],[14.2773,50.0731],[14.2825,50.0744],[14.2903,50.0733],[14.2894,50.0772],[14.2851,50.0783],[14.2846,50.0815],[14.2753,50.0812],[14.2734,50.0877],[14.2683,50.0858],[14.2612,50.0872],[14.2611,50.0964],[14.2545,50.0971],[14.2547,50.0987],[14.2584,50.0995],[14.2499,50.1035],[14.237,50.1011],[14.233,50.1023],[14.2266,50.1005],[14.2245,50.1032],[14.2394,50.1074],[14.2371,50.1103],[14.2389,50.1119],[14.2452,50.1101],[14.2501,50.1109],[14.2562,50.1126],[14.2572,50.1146],[14.2601,50.1135],[14.2789,50.1192],[14.2847,50.1155],[14.288,50.1161],[14.2972,50.1207],[14.2948,50.1249],[14.3003,50.1267],[14.3014,50.1297],[14.3057,50.1302],[14.3107,50.1281],[14.316,50.1287],[14.3158,50.123],[14.3207,50.1153],[14.3277,50.1168],[14.3609,50.1161],[14.3613,50.118],[14.3557,50.1247],[14.3601,50.1296],[14.3575,50.1297],[14.3562,50.1367],[14.3545,50.1363],[14.3542,50.1376],[14.3575,50.1394],[14.3562,50.1412],[14.3658,50.1481],[14.385,50.147]]],"crs":null}},{"type":"Feature","properties":{"id":26,"name":"Volební obvod č. 26, sídlo: Praha 2","active":false},"geometry":{"type":"Polygon","coordinates":[[[14.4792,50.0966],[14.494,50.099],[14.4984,50.0918],[14.5034,50.0897],[14.4917,50.0874],[14.4821,50.0835],[14.4827,50.0823],[14.4805,50.0819],[14.4826,50.0805],[14.4764,50.0795],[14.4784,50.0763],[14.4486,50.0754],[14.4493,50.0728],[14.4426,50.0724],[14.4486,50.0681],[14.4409,50.0665],[14.4369,50.0681],[14.4345,50.0655],[14.4248,50.0623],[14.4219,50.0655],[14.4312,50.0682],[14.4306,50.0777],[14.4375,50.0866],[14.4485,50.09],[14.4698,50.0932],[14.4786,50.0978],[14.4792,50.0966]]],"crs":null}},{"type":"Feature","properties":{"id":28,"name":"Volební obvod č. 28, sídlo: Mělník","active":false},"geometry":{"type":"Polygon","coordinates":[[[14.4593,50.4028],[14.4597,50.4013],[14.4654,50.4015],[14.468,50.4038],[14.4759,50.405],[14.492,50.399],[14.488,50.3979],[14.4957,50.3919],[14.4918,50.3898],[14.4992,50.3863],[14.4919,50.3814],[14.5218,50.3722],[14.5227,50.3682],[14.5358,50.3618],[14.5381,50.3628],[14.542,50.3618],[14.5391,50.358],[14.5571,50.3629],[14.5623,50.362],[14.5641,50.3599],[14.5676,50.3602],[14.5743,50.3525],[14.5729,50.3506],[14.5691,50.3505],[14.5693,50.3487],[14.576,50.3477],[14.565,50.3457],[14.5624,50.3435],[14.5739,50.3398],[14.5839,50.339],[14.5861,50.3354],[14.5968,50.3339],[14.6073,50.3211],[14.6102,50.3141],[14.6048,50.3157],[14.6027,50.3128],[14.6006,50.3143],[14.5972,50.3093],[14.6003,50.3055],[14.6211,50.3059],[14.6387,50.3004],[14.6429,50.3004],[14.6434,50.2972],[14.6473,50.2976],[14.6502,50.2939],[14.6755,50.2931],[14.6982,50.2893],[14.7016,50.2871],[14.6948,50.2827],[14.7091,50.2817],[14.7172,50.2839],[14.7184,50.2803],[14.7221,50.2782],[14.7176,50.2758],[14.722,50.2775],[14.7247,50.2756],[14.7207,50.273],[14.7298,50.2689],[14.7324,50.2701],[14.7404,50.2674],[14.7381,50.2653],[14.7451,50.2639],[14.7401,50.2602],[14.7461,50.244],[14.6955,50.2087],[14.6998,50.2065],[14.7076,50.2059],[14.701,50.2027],[14.7058,50.1946],[14.7091,50.1949],[14.7111,50.1905],[14.7096,50.1884],[14.731,50.1838],[14.7449,50.1904],[14.75,50.1886],[14.7504,50.1914],[14.7548,50.1941],[14.7567,50.1983],[14.7649,50.2044],[14.7682,50.2038],[14.7683,50.1998],[14.7748,50.197],[14.7799,50.1904],[14.7752,50.1843],[14.7759,50.1812],[14.7726,50.1785],[14.7762,50.1724],[14.7649,50.1729],[14.7474,50.1672],[14.7374,50.1713],[14.7345,50.1692],[14.7356,50.1656],[14.7264,50.1646],[14.7309,50.1631],[14.7307,50.1583],[14.7248,50.1601],[14.7223,50.1585],[14.7241,50.1573],[14.7191,50.1564],[14.7189,50.155],[14.7233,50.1543],[14.723,50.1532],[14.7157,50.1529],[14.7154,50.1502],[14.7064,50.1523],[14.706,50.1495],[14.6986,50.1512],[14.7002,50.1618],[14.6976,50.161],[14.6931,50.169],[14.697,50.1693],[14.6995,50.1756],[14.6976,50.1772],[14.6887,50.1799],[14.6828,50.1757],[14.6794,50.1763],[14.6775,50.1788],[14.6669,50.1765],[14.6668,50.1753],[14.663,50.1748],[14.6628,50.1729],[14.6583,50.1723],[14.6585,50.1675],[14.6516,50.1665],[14.6522,50.1579],[14.6476,50.157],[14.6472,50.1592],[14.642,50.1587],[14.6397,50.1545],[14.6353,50.1532],[14.6342,50.151],[14.6408,50.1448],[14.6407,50.1421],[14.6372,50.141],[14.6387,50.1384],[14.6425,50.1386],[14.6455,50.1366],[14.6463,50.1332],[14.6218,50.1279],[14.6207,50.1296],[14.6087,50.1272],[14.5994,50.1304],[14.5898,50.1397],[14.5914,50.1428],[14.5878,50.1453],[14.5885,50.1472],[14.5933,50.1477],[14.5936,50.1501],[14.5991,50.1542],[14.5844,50.1537],[14.5786,50.1503],[14.5689,50.1501],[14.5662,50.1517],[14.5633,50.1502],[14.5606,50.1554],[14.5628,50.1561],[14.5607,50.1621],[14.5532,50.1638],[14.5506,50.1662],[14.5425,50.1626],[14.5404,50.1652],[14.5343,50.1616],[14.5306,50.1663],[14.5327,50.1675],[14.5326,50.1773],[14.5091,50.1742],[14.507,50.1715],[14.4796,50.1724],[14.4802,50.17],[14.467,50.1696],[14.4668,50.1655],[14.4639,50.165],[14.4642,50.16],[14.4519,50.1579],[14.4368,50.1576],[14.4361,50.1592],[14.4282,50.1577],[14.4291,50.1536],[14.4201,50.153],[14.4226,50.1499],[14.4072,50.1471],[14.4,50.148],[14.3982,50.1435],[14.4042,50.163],[14.4007,50.1713],[14.3965,50.1728],[14.3747,50.172],[14.3588,50.1682],[14.3546,50.1692],[14.3518,50.1723],[14.353,50.1774],[14.3571,50.1799],[14.3646,50.1806],[14.3722,50.1838],[14.3777,50.192],[14.3755,50.1971],[14.369,50.1989],[14.3618,50.2069],[14.3561,50.2072],[14.351,50.2099],[14.3478,50.2087],[14.3441,50.2112],[14.3446,50.2136],[14.3402,50.214],[14.3308,50.2136],[14.3254,50.2118],[14.3244,50.21],[14.317,50.2093],[14.3172,50.2104],[14.3127,50.2106],[14.3099,50.2088],[14.3084,50.2126],[14.2951,50.212],[14.2941,50.2132],[14.2883,50.2134],[14.2868,50.2179],[14.2849,50.2177],[14.2868,50.2182],[14.281,50.224],[14.2735,50.2229],[14.2722,50.225],[14.2694,50.2237],[14.2681,50.2254],[14.2669,50.2232],[14.259,50.2221],[14.2559,50.2235],[14.2596,50.2251],[14.2443,50.2273],[14.2434,50.2297],[14.2356,50.229],[14.2302,50.2296],[14.2298,50.2312],[14.2268,50.2299],[14.2261,50.2326],[14.2214,50.2359],[14.2253,50.2362],[14.2247,50.2387],[14.23,50.2383],[14.2245,50.2406],[14.2331,50.2416],[14.232,50.2445],[14.2385,50.2442],[14.2358,50.248],[14.2378,50.2489],[14.2358,50.2526],[14.2384,50.252],[14.2389,50.259],[14.2414,50.2589],[14.2418,50.2573],[14.2466,50.2575],[14.2464,50.259],[14.2537,50.2585],[14.2515,50.2559],[14.2632,50.2581],[14.2633,50.2608],[14.2706,50.2606],[14.2672,50.2675],[14.2719,50.2655],[14.277,50.2657],[14.2806,50.2691],[14.2826,50.2689],[14.2815,50.2724],[14.2894,50.2834],[14.2964,50.2904],[14.299,50.2903],[14.2988,50.2932],[14.3014,50.2931],[14.3064,50.2991],[14.3022,50.3005],[14.3032,50.3028],[14.3012,50.3029],[14.3009,50.3048],[14.3025,50.3094],[14.3007,50.3077],[14.2991,50.3088],[14.3014,50.3103],[14.2995,50.3139],[14.2914,50.3137],[14.2863,50.3158],[14.289,50.3165],[14.2863,50.3172],[14.2884,50.3199],[14.2863,50.3202],[14.2861,50.3223],[14.2873,50.3247],[14.2893,50.3244],[14.29,50.3276],[14.2849,50.3273],[14.2865,50.3287],[14.2836,50.3296],[14.277,50.3226],[14.2678,50.3244],[14.264,50.3201],[14.2601,50.3207],[14.2615,50.327],[14.2508,50.3289],[14.2533,50.336],[14.2557,50.3352],[14.26,50.3401],[14.2629,50.3407],[14.2685,50.3505],[14.2712,50.3495],[14.2727,50.3505],[14.2746,50.3548],[14.2802,50.3534],[14.2824,50.3508],[14.2953,50.3492],[14.2992,50.3532],[14.3044,50.3521],[14.3036,50.3504],[14.3087,50.3499],[14.3069,50.3553],[14.3229,50.3524],[14.3234,50.3572],[14.3271,50.3558],[14.3288,50.3577],[14.3394,50.3563],[14.3393,50.3551],[14.3441,50.3547],[14.344,50.3526],[14.35,50.3525],[14.3516,50.349],[14.3527,50.3507],[14.3549,50.3493],[14.3562,50.3502],[14.3542,50.353],[14.3591,50.3524],[14.3569,50.3506],[14.3581,50.3495],[14.3603,50.3503],[14.3587,50.3491],[14.3605,50.3473],[14.3549,50.3456],[14.3555,50.3432],[14.3475,50.3415],[14.35,50.3404],[14.3487,50.3364],[14.354,50.3342],[14.3491,50.3336],[14.3538,50.331],[14.3562,50.3326],[14.3588,50.3321],[14.3631,50.3295],[14.3799,50.3407],[14.3791,50.3291],[14.3764,50.3267],[14.38,50.3246],[14.3788,50.3223],[14.3829,50.317],[14.393,50.3199],[14.412,50.3173],[14.4486,50.3188],[14.4644,50.3213],[14.4724,50.3243],[14.4775,50.3284],[14.4783,50.3408],[14.4767,50.3453],[14.4781,50.3458],[14.4635,50.3562],[14.453,50.3696],[14.4522,50.3794],[14.46,50.3933],[14.4515,50.4019],[14.4526,50.4035],[14.4593,50.4028]]],"crs":null}},{"type":"Feature","properties":{"id":29,"name":"Volební obvod č. 29, sídlo: Litoměřice","active":false},"geometry":{"type":"MultiPolygon","coordinates":[[[[14.0416,50.3467],[14.0417,50.3514],[14.0381,50.3513],[14.0418,50.3525],[14.0402,50.3528],[14.0412,50.3553],[14.0403,50.3566],[14.0367,50.356],[14.0358,50.3621],[14.0336,50.3617],[14.0323,50.3642],[14.0299,50.3641],[14.0269,50.3666],[14.0269,50.3702],[14.0243,50.3682],[14.02,50.3718],[14.0163,50.3716],[14.0166,50.3701],[14.0018,50.3677],[13.9978,50.3764],[13.9924,50.3757],[13.9932,50.3738],[13.9836,50.376],[13.9745,50.3759],[13.9624,50.3848],[13.9551,50.3831],[13.9521,50.3846],[13.953,50.3892],[13.9545,50.388],[13.9633,50.3896],[13.9632,50.3909],[13.9667,50.3919],[13.9668,50.3947],[13.9634,50.3985],[13.9644,50.4031],[13.9708,50.4042],[13.9706,50.4064],[13.9749,50.4066],[13.9723,50.4074],[13.9728,50.4116],[13.9705,50.4122],[13.9713,50.4142],[13.9746,50.4134],[13.973,50.4238],[13.9684,50.4294],[13.9575,50.4312],[13.9585,50.4355],[13.9434,50.4332],[13.9432,50.4314],[13.9348,50.4312],[13.9344,50.4323],[13.9295,50.4324],[13.9279,50.4345],[13.9246,50.434],[13.9229,50.436],[13.9204,50.4354],[13.9205,50.433],[13.9174,50.4317],[13.9095,50.422],[13.8972,50.4259],[13.8969,50.4285],[13.8935,50.431],[13.8947,50.4325],[13.8877,50.4361],[13.8866,50.441],[13.8841,50.4439],[13.88,50.4443],[13.8767,50.4495],[13.8788,50.4495],[13.8765,50.4513],[13.8793,50.4534],[13.884,50.4529],[13.8837,50.4589],[13.8852,50.4567],[13.8867,50.4571],[13.8874,50.4602],[13.884,50.4607],[13.8831,50.4628],[13.8859,50.4622],[13.8847,50.4653],[13.8823,50.4637],[13.8762,50.4682],[13.8784,50.4746],[13.8746,50.4798],[13.8679,50.4829],[13.8709,50.4844],[13.8759,50.4839],[13.8789,50.4883],[13.8738,50.4908],[13.8769,50.4953],[13.8751,50.4953],[13.8743,50.4928],[13.8691,50.4947],[13.8699,50.4976],[13.8787,50.4997],[13.8785,50.5027],[13.8818,50.503],[13.8872,50.4995],[13.8954,50.4983],[13.888,50.5089],[13.8953,50.5066],[13.9043,50.5082],[13.9089,50.5116],[13.9068,50.5148],[13.9024,50.5167],[13.9077,50.5175],[13.9064,50.5184],[13.91,50.5235],[13.9175,50.5267],[13.9243,50.5246],[13.9277,50.5255],[13.9276,50.5279],[13.9236,50.5298],[13.9364,50.5346],[13.9528,50.5251],[13.956,50.5254],[13.96,50.5151],[13.9654,50.515],[13.965,50.514],[13.9718,50.5151],[13.9723,50.5099],[13.9825,50.5112],[13.9833,50.5047],[13.9869,50.5042],[13.988,50.5006],[13.9907,50.5035],[13.9968,50.5028],[13.9959,50.5064],[13.9982,50.5068],[13.9951,50.5096],[14.006,50.5166],[14.0028,50.519],[14.0086,50.5177],[14.0152,50.5239],[14.0242,50.5259],[14.0204,50.531],[14.0146,50.5339],[14.0151,50.5393],[14.0183,50.539],[14.0192,50.5413],[14.014,50.5429],[14.0204,50.5472],[14.0375,50.5425],[14.0445,50.5459],[14.0404,50.5483],[14.0362,50.5592],[14.035,50.5649],[14.0382,50.5707],[14.0384,50.5763],[14.0352,50.5815],[14.0396,50.5806],[14.0428,50.5844],[14.0478,50.5845],[14.0505,50.5884],[14.0577,50.5878],[14.0606,50.5853],[14.0594,50.5817],[14.0667,50.5841],[14.069,50.5837],[14.0697,50.5815],[14.0763,50.5809],[14.0802,50.5854],[14.0823,50.5838],[14.0863,50.5852],[14.0914,50.5845],[14.0893,50.5896],[14.0945,50.59],[14.1008,50.593],[14.1046,50.5922],[14.109,50.5876],[14.1135,50.5874],[14.1159,50.5819],[14.1207,50.578],[14.1197,50.5841],[14.1229,50.5899],[14.1342,50.5918],[14.1432,50.5959],[14.1439,50.606],[14.1465,50.6077],[14.1522,50.6034],[14.1557,50.6056],[14.1621,50.6057],[14.165,50.6017],[14.169,50.6002],[14.1706,50.6009],[14.1693,50.602],[14.1717,50.6022],[14.1717,50.6051],[14.1766,50.6052],[14.175,50.6111],[14.1797,50.6159],[14.1802,50.6258],[14.186,50.6243],[14.1881,50.627],[14.193,50.6264],[14.1968,50.6234],[14.1944,50.623],[14.1943,50.6206],[14.1967,50.6192],[14.1977,50.6208],[14.2027,50.6166],[14.209,50.6218],[14.2089,50.6251],[14.2123,50.6228],[14.2165,50.6262],[14.2231,50.6257],[14.2222,50.627],[14.2272,50.6291],[14.2315,50.6336],[14.2307,50.6361],[14.2253,50.6389],[14.2333,50.6471],[14.2298,50.6505],[14.236,50.6558],[14.2258,50.657],[14.2335,50.6657],[14.2457,50.6564],[14.2663,50.6542],[14.2745,50.6512],[14.2782,50.6514],[14.2792,50.6535],[14.3041,50.6535],[14.3127,50.6503],[14.3158,50.6465],[14.3199,50.6465],[14.3196,50.645],[14.3249,50.6434],[14.3262,50.6456],[14.3345,50.6487],[14.3394,50.6488],[14.3396,50.6501],[14.3416,50.649],[14.349,50.65],[14.3472,50.6536],[14.3507,50.6534],[14.3514,50.6562],[14.36,50.6577],[14.3627,50.6568],[14.3594,50.6528],[14.3594,50.6481],[14.3651,50.6412],[14.3661,50.6359],[14.3591,50.6284],[14.3663,50.6259],[14.3699,50.6233],[14.3672,50.62],[14.379,50.6142],[14.3831,50.6044],[14.3801,50.6011],[14.3863,50.5995],[14.3918,50.5943],[14.3916,50.5914],[14.4056,50.5874],[14.4039,50.5847],[14.4081,50.5824],[14.4029,50.5819],[14.4083,50.5814],[14.4119,50.5735],[14.4157,50.5735],[14.4126,50.5724],[14.4162,50.5684],[14.4154,50.5658],[14.4189,50.5651],[14.4182,50.5625],[14.4208,50.5594],[14.418,50.5581],[14.4185,50.5562],[14.4226,50.5553],[14.4215,50.5535],[14.4254,50.5548],[14.4275,50.5506],[14.4321,50.5486],[14.43,50.5476],[14.4315,50.5463],[14.4366,50.5451],[14.4355,50.5435],[14.4371,50.5433],[14.4336,50.5406],[14.4394,50.5413],[14.4405,50.5391],[14.4366,50.5351],[14.4415,50.5326],[14.4438,50.5338],[14.4399,50.5301],[14.455,50.5286],[14.4601,50.5259],[14.46,50.5273],[14.4705,50.5268],[14.4732,50.5252],[14.4707,50.5244],[14.4758,50.5231],[14.4766,50.516],[14.4805,50.5158],[14.4799,50.5136],[14.4838,50.5115],[14.4825,50.5106],[14.4873,50.5059],[14.4694,50.5094],[14.4741,50.4994],[14.4709,50.4982],[14.4635,50.4991],[14.4549,50.4966],[14.4619,50.4901],[14.4665,50.4819],[14.4706,50.4795],[14.4727,50.474],[14.4713,50.4704],[14.4665,50.4699],[14.4706,50.4689],[14.4739,50.463],[14.4715,50.4587],[14.4733,50.4494],[14.4613,50.4492],[14.4586,50.4516],[14.4477,50.4542],[14.449,50.4465],[14.4424,50.4468],[14.4333,50.4489],[14.4235,50.4534],[14.4264,50.44],[14.4206,50.4369],[14.4171,50.4372],[14.4224,50.4357],[14.4202,50.4326],[14.4164,50.4344],[14.4101,50.431],[14.4127,50.4295],[14.4196,50.43],[14.4225,50.4281],[14.4183,50.4251],[14.4237,50.4223],[14.4182,50.423],[14.4165,50.4208],[14.3911,50.4271],[14.3781,50.4362],[14.3697,50.4334],[14.3694,50.4318],[14.3599,50.4299],[14.3594,50.4284],[14.3683,50.4249],[14.371,50.421],[14.3666,50.4213],[14.3672,50.4181],[14.3725,50.4164],[14.371,50.4141],[14.3778,50.4106],[14.3752,50.4087],[14.3691,50.4108],[14.3638,50.4086],[14.3633,50.4064],[14.3702,50.4029],[14.3683,50.3985],[14.3755,50.3982],[14.3797,50.3951],[14.3765,50.3921],[14.3776,50.3761],[14.3673,50.3774],[14.3692,50.3715],[14.3673,50.368],[14.371,50.3675],[14.372,50.363],[14.3699,50.3615],[14.3721,50.3613],[14.3721,50.3588],[14.3672,50.3521],[14.3627,50.3521],[14.3581,50.3495],[14.3569,50.3506],[14.3591,50.3524],[14.3542,50.353],[14.3562,50.3502],[14.3549,50.3493],[14.3527,50.3507],[14.3516,50.349],[14.35,50.3525],[14.344,50.3526],[14.3441,50.3547],[14.3393,50.3551],[14.3394,50.3563],[14.3288,50.3577],[14.3271,50.3558],[14.3234,50.3572],[14.3229,50.3524],[14.3069,50.3553],[14.3087,50.3499],[14.3036,50.3504],[14.3044,50.3521],[14.2992,50.3532],[14.2953,50.3492],[14.2824,50.3508],[14.2802,50.3534],[14.2746,50.3548],[14.2727,50.3505],[14.2712,50.3495],[14.2685,50.3505],[14.2629,50.3407],[14.26,50.3401],[14.2557,50.3352],[14.2533,50.336],[14.2508,50.3289],[14.2615,50.327],[14.2601,50.3207],[14.264,50.3201],[14.2678,50.3244],[14.277,50.3226],[14.2836,50.3296],[14.2865,50.3287],[14.2849,50.3273],[14.29,50.3276],[14.2893,50.3244],[14.2873,50.3247],[14.2861,50.3223],[14.2863,50.3202],[14.2884,50.3199],[14.2863,50.3172],[14.289,50.3165],[14.2863,50.3158],[14.2914,50.3137],[14.2995,50.3139],[14.3014,50.3103],[14.2991,50.3088],[14.3007,50.3077],[14.3025,50.3094],[14.3009,50.3048],[14.3012,50.3029],[14.3032,50.3028],[14.3022,50.3005],[14.3064,50.2991],[14.3014,50.2931],[14.2988,50.2932],[14.299,50.2903],[14.2964,50.2904],[14.2894,50.2834],[14.2815,50.2724],[14.2826,50.2689],[14.2806,50.2691],[14.277,50.2657],[14.2719,50.2655],[14.2672,50.2675],[14.2706,50.2606],[14.2633,50.2608],[14.2632,50.2581],[14.2515,50.2559],[14.2537,50.2585],[14.2464,50.259],[14.2466,50.2575],[14.2418,50.2573],[14.2414,50.2589],[14.235,50.259],[14.2359,50.2636],[14.2227,50.2629],[14.2208,50.2602],[14.2219,50.2576],[14.2193,50.26],[14.2161,50.2599],[14.2164,50.2583],[14.2123,50.2568],[14.199,50.2556],[14.1972,50.2518],[14.1888,50.2506],[14.1894,50.247],[14.1865,50.2468],[14.187,50.242],[14.1773,50.2401],[14.177,50.2419],[14.1737,50.2416],[14.1747,50.2387],[14.1703,50.2379],[14.1704,50.2354],[14.1646,50.231],[14.1517,50.2281],[14.1248,50.2257],[14.1219,50.2221],[14.1085,50.2165],[14.1118,50.2136],[14.0943,50.2019],[14.0908,50.2057],[14.0888,50.2053],[14.0897,50.203],[14.0869,50.2022],[14.0855,50.2051],[14.0787,50.2039],[14.0707,50.2049],[14.0583,50.2007],[14.0595,50.2088],[14.0559,50.2106],[14.0537,50.2192],[14.0386,50.2171],[14.0377,50.2187],[14.0315,50.2184],[14.0331,50.2206],[14.0293,50.2275],[13.9986,50.2252],[13.9949,50.2274],[13.9898,50.2262],[13.9877,50.2306],[13.9852,50.2297],[13.9821,50.232],[13.9987,50.2342],[13.9979,50.2362],[13.9977,50.2346],[13.9926,50.2344],[13.9859,50.2376],[13.9827,50.2354],[13.9811,50.2398],[13.9761,50.2393],[13.9751,50.2418],[13.9685,50.2413],[13.9684,50.2395],[13.9612,50.2368],[13.9471,50.228],[13.9201,50.2223],[13.9195,50.2197],[13.9149,50.2214],[13.9054,50.2208],[13.9034,50.2285],[13.9076,50.2304],[13.9027,50.2318],[13.9037,50.2339],[13.8992,50.2348],[13.9026,50.2366],[13.8998,50.2371],[13.8993,50.2402],[13.8831,50.2361],[13.8841,50.2374],[13.8815,50.2369],[13.8761,50.2395],[13.8998,50.2446],[13.8982,50.2468],[13.8749,50.2408],[13.8701,50.2439],[13.8642,50.2433],[13.8642,50.2536],[13.8686,50.2545],[13.865,50.2595],[13.8736,50.2633],[13.8779,50.2703],[13.8862,50.2702],[13.9121,50.276],[13.9139,50.2736],[13.9117,50.2715],[13.9184,50.2726],[13.9255,50.2755],[13.9281,50.2785],[13.9404,50.2802],[13.943,50.2878],[13.9486,50.2898],[13.9499,50.2876],[13.9516,50.2882],[13.9504,50.29],[13.9571,50.2922],[13.9575,50.2957],[13.9566,50.3011],[13.9529,50.3022],[13.9542,50.3036],[13.9496,50.3039],[13.952,50.3047],[13.9524,50.3073],[13.9596,50.3059],[13.9599,50.3039],[13.9719,50.3051],[13.9697,50.3039],[13.9703,50.3019],[13.9914,50.3038],[13.9924,50.306],[13.9875,50.3071],[13.9943,50.3075],[13.9883,50.3091],[13.9914,50.3182],[13.9879,50.3193],[13.9869,50.3222],[13.9832,50.3227],[13.9816,50.3339],[13.9942,50.3362],[13.9896,50.3373],[13.9965,50.3381],[13.9973,50.342],[14.002,50.3425],[14.0077,50.3464],[14.0199,50.3485],[14.0248,50.3432],[14.0302,50.3405],[14.0324,50.3405],[14.032,50.3442],[14.0359,50.3444],[14.0363,50.3461],[14.0527,50.3413],[14.0502,50.3457],[14.0492,50.3437],[14.0484,50.3457],[14.0479,50.3439],[14.0439,50.345],[14.0437,50.347],[14.0416,50.3467]]],[[[14.0391,50.3464],[14.0416,50.3467],[14.0415,50.3458],[14.0391,50.3464]]]],"crs":null}},{"type":"Feature","properties":{"id":31,"name":"Volební obvod č. 31, sídlo: Ústí nad Labem","active":false},"geometry":{"type":"Polygon","coordinates":[[[14.0032,50.8146],[14.0037,50.8103],[14.0124,50.8118],[14.0175,50.811],[14.0231,50.8092],[14.0297,50.8044],[14.0352,50.8053],[14.0406,50.8108],[14.0492,50.8105],[14.0486,50.8047],[14.0525,50.8009],[14.0464,50.8004],[14.0433,50.7953],[14.0453,50.7935],[14.0399,50.7876],[14.0436,50.7842],[14.0423,50.782],[14.0564,50.7782],[14.0763,50.7781],[14.0822,50.7797],[14.0772,50.776],[14.0744,50.7679],[14.0702,50.7674],[14.0717,50.7563],[14.0652,50.7478],[14.09,50.7489],[14.0949,50.741],[14.1079,50.7335],[14.1191,50.7182],[14.1347,50.7238],[14.1439,50.7193],[14.1495,50.7185],[14.1593,50.7087],[14.1652,50.7105],[14.1708,50.7086],[14.1727,50.7099],[14.1726,50.7021],[14.1754,50.7014],[14.1723,50.7],[14.1793,50.7],[14.1769,50.6963],[14.1825,50.6919],[14.1827,50.6893],[14.1847,50.6888],[14.1863,50.6905],[14.1897,50.6895],[14.1969,50.694],[14.1991,50.6926],[14.192,50.6878],[14.1975,50.6807],[14.2064,50.6759],[14.2117,50.6764],[14.2252,50.6736],[14.2274,50.6687],[14.2335,50.6657],[14.2258,50.657],[14.236,50.6558],[14.2298,50.6505],[14.2333,50.6471],[14.2253,50.6389],[14.2307,50.6361],[14.2315,50.6336],[14.2272,50.6291],[14.2222,50.627],[14.2231,50.6257],[14.2165,50.6262],[14.2123,50.6228],[14.2089,50.6251],[14.209,50.6218],[14.2027,50.6166],[14.1977,50.6208],[14.1967,50.6192],[14.1943,50.6206],[14.1944,50.623],[14.1968,50.6234],[14.193,50.6264],[14.1881,50.627],[14.186,50.6243],[14.1802,50.6258],[14.1797,50.6159],[14.175,50.6111],[14.1766,50.6052],[14.1717,50.6051],[14.1717,50.6022],[14.1693,50.602],[14.1706,50.6009],[14.169,50.6002],[14.165,50.6017],[14.1621,50.6057],[14.1557,50.6056],[14.1522,50.6034],[14.1465,50.6077],[14.1439,50.606],[14.1432,50.5959],[14.1342,50.5918],[14.1229,50.5899],[14.1197,50.5841],[14.1207,50.578],[14.1159,50.5819],[14.1135,50.5874],[14.109,50.5876],[14.1046,50.5922],[14.1008,50.593],[14.0945,50.59],[14.0893,50.5896],[14.0914,50.5845],[14.0863,50.5852],[14.0823,50.5838],[14.0802,50.5854],[14.0763,50.5809],[14.0697,50.5815],[14.069,50.5837],[14.0667,50.5841],[14.0594,50.5817],[14.0606,50.5853],[14.0577,50.5878],[14.0505,50.5884],[14.0478,50.5845],[14.0428,50.5844],[14.0396,50.5806],[14.0352,50.5815],[14.0384,50.5763],[14.0382,50.5707],[14.035,50.5649],[14.0362,50.5592],[14.0404,50.5483],[14.0445,50.5459],[14.0375,50.5425],[14.0204,50.5472],[14.014,50.5429],[14.0192,50.5413],[14.0183,50.539],[14.0151,50.5393],[14.0146,50.5339],[14.0204,50.531],[14.0242,50.5259],[14.0152,50.5239],[14.0086,50.5177],[14.0028,50.519],[14.006,50.5166],[13.9951,50.5096],[13.9982,50.5068],[13.9959,50.5064],[13.9968,50.5028],[13.9907,50.5035],[13.988,50.5006],[13.9869,50.5042],[13.9833,50.5047],[13.9825,50.5112],[13.9723,50.5099],[13.9718,50.5151],[13.965,50.514],[13.9654,50.515],[13.96,50.5151],[13.956,50.5254],[13.9528,50.5251],[13.9364,50.5346],[13.9236,50.5298],[13.9276,50.5279],[13.9277,50.5255],[13.9243,50.5246],[13.9175,50.5267],[13.91,50.5235],[13.9064,50.5184],[13.9077,50.5175],[13.9024,50.5167],[13.9068,50.5148],[13.9089,50.5116],[13.9043,50.5082],[13.8953,50.5066],[13.888,50.5089],[13.8811,50.5162],[13.8844,50.5177],[13.8864,50.5145],[13.8931,50.512],[13.8999,50.516],[13.8967,50.5175],[13.9015,50.5203],[13.9035,50.5266],[13.9022,50.5289],[13.8988,50.5284],[13.903,50.53],[13.8979,50.5354],[13.9,50.5429],[13.9019,50.5463],[13.9099,50.5487],[13.909,50.5505],[13.9114,50.5508],[13.9,50.5557],[13.8999,50.5587],[13.9031,50.5572],[13.9084,50.5587],[13.91,50.5549],[13.9153,50.554],[13.9271,50.5593],[13.9354,50.5582],[13.9402,50.5623],[13.9519,50.5646],[13.9554,50.5682],[13.9616,50.5662],[13.9618,50.5707],[13.9655,50.5726],[13.9751,50.574],[13.9839,50.5718],[13.9888,50.5777],[13.9858,50.579],[13.9878,50.5832],[13.98,50.5917],[13.9689,50.5948],[13.9662,50.5941],[13.9664,50.5951],[13.9636,50.5934],[13.9515,50.5929],[13.9488,50.5938],[13.9489,50.5979],[13.9457,50.5992],[13.9354,50.5957],[13.936,50.5973],[13.9343,50.597],[13.9313,50.6026],[13.9256,50.6049],[13.9235,50.6032],[13.9191,50.6057],[13.9251,50.6091],[13.9349,50.6097],[13.9345,50.6111],[13.9391,50.6116],[13.9367,50.6165],[13.9242,50.6197],[13.922,50.6246],[13.9255,50.6236],[13.9244,50.6252],[13.9262,50.6265],[13.922,50.6266],[13.9237,50.6297],[13.918,50.6319],[13.9185,50.6385],[13.9135,50.6389],[13.9144,50.6429],[13.9103,50.6441],[13.9103,50.6459],[13.906,50.6463],[13.9076,50.6475],[13.9065,50.6569],[13.9049,50.6571],[13.9035,50.662],[13.9094,50.6612],[13.912,50.6692],[13.9104,50.671],[13.9173,50.6744],[13.9131,50.6831],[13.909,50.6843],[13.8991,50.6971],[13.8995,50.7016],[13.9021,50.7021],[13.9042,50.6983],[13.9116,50.7067],[13.9198,50.7109],[13.9163,50.7168],[13.9207,50.7198],[13.921,50.7238],[13.929,50.7267],[13.9285,50.7295],[13.9115,50.7277],[13.9087,50.7286],[13.9094,50.7322],[13.9057,50.7339],[13.8943,50.7384],[13.8843,50.7391],[13.8967,50.7432],[13.9029,50.7531],[13.89,50.7626],[13.8875,50.7701],[13.9005,50.7849],[13.8965,50.7884],[13.8979,50.7922],[13.904,50.7943],[13.9184,50.7892],[13.9291,50.7886],[13.9393,50.7901],[13.9563,50.8007],[13.9545,50.8077],[13.9592,50.81],[13.9708,50.8112],[13.9861,50.8164],[13.9909,50.8201],[14.0032,50.8146]]],"crs":null}},{"type":"Feature","properties":{"id":32,"name":"Volební obvod č. 32, sídlo: Teplice","active":false},"geometry":{"type":"Polygon","coordinates":[[[13.6644,50.7322],[13.6815,50.7251],[13.6882,50.7196],[13.7068,50.7168],[13.7124,50.7196],[13.7115,50.7235],[13.7084,50.7255],[13.7138,50.7251],[13.7282,50.7337],[13.7407,50.7274],[13.751,50.7297],[13.7584,50.7359],[13.7601,50.7344],[13.764,50.7353],[13.7714,50.733],[13.778,50.7364],[13.7849,50.7337],[13.7901,50.7352],[13.7909,50.7327],[13.797,50.7345],[13.8007,50.7331],[13.8075,50.7334],[13.8157,50.7278],[13.8282,50.7242],[13.8348,50.727],[13.844,50.7253],[13.8574,50.7281],[13.8621,50.7366],[13.8621,50.7429],[13.8683,50.7428],[13.8779,50.7381],[13.8943,50.7384],[13.9094,50.7322],[13.9087,50.7286],[13.9115,50.7277],[13.9285,50.7295],[13.929,50.7267],[13.921,50.7238],[13.9207,50.7198],[13.9163,50.7168],[13.9198,50.7109],[13.9116,50.7067],[13.9042,50.6983],[13.9021,50.7021],[13.8995,50.7016],[13.8991,50.6971],[13.909,50.6843],[13.9131,50.6831],[13.9173,50.6744],[13.9104,50.671],[13.912,50.6692],[13.9094,50.6612],[13.9035,50.662],[13.9049,50.6571],[13.9065,50.6569],[13.9076,50.6475],[13.906,50.6463],[13.9103,50.6459],[13.9103,50.6441],[13.9144,50.6429],[13.9135,50.6389],[13.9185,50.6385],[13.918,50.6319],[13.9237,50.6297],[13.922,50.6266],[13.9262,50.6265],[13.9244,50.6252],[13.9255,50.6236],[13.922,50.6246],[13.9242,50.6197],[13.9367,50.6165],[13.9391,50.6116],[13.9345,50.6111],[13.9349,50.6097],[13.9251,50.6091],[13.9191,50.6057],[13.9235,50.6032],[13.9256,50.6049],[13.9313,50.6026],[13.9343,50.597],[13.936,50.5973],[13.9354,50.5957],[13.9457,50.5992],[13.9489,50.5979],[13.9488,50.5938],[13.9515,50.5929],[13.9636,50.5934],[13.9664,50.5951],[13.9662,50.5941],[13.9689,50.5948],[13.98,50.5917],[13.9878,50.5832],[13.9858,50.579],[13.9888,50.5777],[13.9839,50.5718],[13.9751,50.574],[13.9655,50.5726],[13.9618,50.5707],[13.9616,50.5662],[13.9554,50.5682],[13.9519,50.5646],[13.9402,50.5623],[13.9354,50.5582],[13.9271,50.5593],[13.9153,50.554],[13.91,50.5549],[13.9084,50.5587],[13.9031,50.5572],[13.8999,50.5587],[13.9,50.5557],[13.9114,50.5508],[13.909,50.5505],[13.9099,50.5487],[13.9019,50.5463],[13.9,50.5429],[13.8979,50.5354],[13.903,50.53],[13.8988,50.5284],[13.9022,50.5289],[13.9035,50.5266],[13.9015,50.5203],[13.8967,50.5175],[13.8999,50.516],[13.8931,50.512],[13.8864,50.5145],[13.8844,50.5177],[13.8811,50.5162],[13.8954,50.4983],[13.8872,50.4995],[13.8818,50.503],[13.8785,50.5027],[13.8787,50.4997],[13.8699,50.4976],[13.8691,50.4947],[13.8553,50.4894],[13.8443,50.4822],[13.8388,50.4819],[13.8386,50.4767],[13.8314,50.4683],[13.8285,50.4723],[13.8208,50.4738],[13.8175,50.4721],[13.8169,50.4674],[13.8162,50.4709],[13.8148,50.4687],[13.8127,50.4689],[13.808,50.4714],[13.8069,50.4702],[13.8035,50.4737],[13.7987,50.4716],[13.7972,50.4733],[13.7971,50.4717],[13.7939,50.4707],[13.7853,50.4721],[13.7848,50.4698],[13.7806,50.4703],[13.7811,50.4728],[13.774,50.4812],[13.7699,50.4811],[13.7722,50.4832],[13.7763,50.4831],[13.7727,50.4861],[13.7798,50.487],[13.782,50.4901],[13.7792,50.4905],[13.782,50.491],[13.7831,50.4942],[13.7671,50.4976],[13.7651,50.5012],[13.7526,50.5045],[13.7542,50.5052],[13.7512,50.5078],[13.7522,50.5105],[13.7571,50.5137],[13.757,50.5122],[13.7611,50.5115],[13.7568,50.5156],[13.7592,50.5166],[13.7591,50.5196],[13.7612,50.5192],[13.7621,50.5244],[13.7575,50.5247],[13.7601,50.529],[13.7566,50.5301],[13.7531,50.5276],[13.7513,50.5281],[13.7545,50.5299],[13.7556,50.5373],[13.7466,50.5375],[13.7424,50.5471],[13.7345,50.5461],[13.7357,50.5421],[13.7323,50.542],[13.7318,50.5438],[13.7275,50.5447],[13.7186,50.5438],[13.7197,50.5468],[13.7156,50.5442],[13.7116,50.5499],[13.7021,50.5517],[13.702,50.554],[13.6913,50.5503],[13.6913,50.5535],[13.6827,50.5537],[13.6837,50.5572],[13.6933,50.5589],[13.6973,50.5666],[13.695,50.57],[13.7026,50.5702],[13.7052,50.5776],[13.7093,50.578],[13.7028,50.5791],[13.7051,50.5809],[13.6996,50.5827],[13.7022,50.5837],[13.6914,50.5873],[13.6927,50.5859],[13.6889,50.5836],[13.6848,50.5847],[13.6882,50.5931],[13.6849,50.5938],[13.6844,50.5978],[13.6878,50.5984],[13.6849,50.5986],[13.6847,50.6009],[13.6688,50.6023],[13.6606,50.6053],[13.6568,50.6103],[13.659,50.6119],[13.658,50.6136],[13.6626,50.6177],[13.6738,50.6204],[13.6688,50.6196],[13.661,50.6215],[13.6551,50.628],[13.6554,50.6304],[13.6476,50.6423],[13.6398,50.6442],[13.6343,50.6501],[13.6151,50.6533],[13.6142,50.6555],[13.6172,50.6609],[13.623,50.6645],[13.6258,50.6689],[13.6351,50.67],[13.6306,50.6737],[13.619,50.6775],[13.6242,50.6795],[13.6283,50.6791],[13.6263,50.6809],[13.6329,50.6843],[13.6293,50.6859],[13.6232,50.6851],[13.6245,50.6886],[13.6221,50.6873],[13.6204,50.6904],[13.6132,50.6885],[13.6111,50.6897],[13.61,50.6922],[13.6185,50.6974],[13.6111,50.6993],[13.6113,50.7008],[13.5918,50.7015],[13.5884,50.7047],[13.5899,50.7064],[13.5868,50.7131],[13.602,50.7101],[13.6112,50.7137],[13.6206,50.7141],[13.6271,50.716],[13.625,50.7231],[13.6361,50.7249],[13.6422,50.7295],[13.6644,50.7322]]],"crs":null}},{"type":"Feature","properties":{"id":34,"name":"Volební obvod č. 34, sídlo: Liberec","active":false},"geometry":{"type":"Polygon","coordinates":[[[15.0243,51.0233],[15.0327,51.0216],[15.0353,51.0168],[15.033,51.0156],[15.0356,51.0129],[15.0558,51.012],[15.058,51.0138],[15.0578,51.0226],[15.0611,51.023],[15.068,51.0212],[15.0695,51.0177],[15.0761,51.0173],[15.077,51.0135],[15.0843,51.0135],[15.0852,51.0148],[15.0939,51.0126],[15.0985,51.0133],[15.1068,51.0104],[15.1063,51.0071],[15.1003,51.0057],[15.0969,51.003],[15.1009,50.994],[15.1053,50.9914],[15.1209,50.9934],[15.1291,50.9902],[15.1422,50.9914],[15.1409,50.9937],[15.1332,50.9939],[15.1445,51.0134],[15.1613,51.0164],[15.172,51.0201],[15.1773,50.9935],[15.1756,50.9887],[15.1715,50.9866],[15.18,50.9831],[15.192,50.9806],[15.2001,50.9841],[15.1967,50.9884],[15.2044,50.9926],[15.213,50.9921],[15.2186,50.9955],[15.2278,50.9961],[15.2367,50.9987],[15.2424,50.997],[15.2373,50.9946],[15.2402,50.9918],[15.2388,50.9907],[15.2434,50.9884],[15.2394,50.9861],[15.2486,50.9797],[15.2541,50.9811],[15.2742,50.9796],[15.2773,50.9717],[15.274,50.963],[15.2882,50.9581],[15.2924,50.9527],[15.2888,50.9464],[15.28,50.9427],[15.2774,50.9391],[15.2699,50.9358],[15.2678,50.9318],[15.2698,50.9255],[15.267,50.9203],[15.2709,50.9156],[15.2704,50.9113],[15.277,50.8993],[15.2772,50.8911],[15.29,50.8818],[15.2925,50.8764],[15.3099,50.8615],[15.3148,50.86],[15.3108,50.8591],[15.3099,50.8527],[15.3039,50.8513],[15.2938,50.8418],[15.2881,50.8401],[15.2868,50.8351],[15.2786,50.8338],[15.2828,50.8263],[15.2898,50.821],[15.2906,50.8103],[15.2764,50.8159],[15.2493,50.823],[15.2404,50.8273],[15.2293,50.8263],[15.2224,50.822],[15.2216,50.8271],[15.2164,50.8316],[15.2065,50.8337],[15.1891,50.8269],[15.1857,50.8323],[15.1661,50.8408],[15.1571,50.8392],[15.1512,50.8405],[15.1422,50.8271],[15.1333,50.826],[15.1291,50.8106],[15.1229,50.8068],[15.1179,50.7978],[15.1124,50.7951],[15.1167,50.7897],[15.1238,50.789],[15.1278,50.791],[15.1329,50.7855],[15.1445,50.7803],[15.1468,50.7733],[15.1433,50.7706],[15.1386,50.7731],[15.136,50.7724],[15.1332,50.7643],[15.1345,50.7612],[15.1324,50.7591],[15.1354,50.7569],[15.1353,50.7546],[15.1268,50.7568],[15.1245,50.7555],[15.1255,50.7521],[15.1298,50.7495],[15.1268,50.7449],[15.121,50.747],[15.1078,50.7373],[15.1039,50.7369],[15.1044,50.7352],[15.1127,50.7333],[15.112,50.7301],[15.1263,50.7244],[15.1269,50.7229],[15.1225,50.7172],[15.1174,50.7175],[15.1118,50.7142],[15.1094,50.715],[15.107,50.7129],[15.1073,50.7077],[15.1095,50.7087],[15.1061,50.704],[15.1046,50.6946],[15.1087,50.6888],[15.1028,50.683],[15.1028,50.6773],[15.1002,50.6752],[15.1048,50.6738],[15.1048,50.6711],[15.1107,50.6699],[15.1135,50.6711],[15.1176,50.6686],[15.1114,50.6669],[15.1131,50.6638],[15.1107,50.6608],[15.1169,50.6589],[15.1113,50.6538],[15.1199,50.6459],[15.1118,50.6325],[15.1199,50.6246],[15.1233,50.6252],[15.1232,50.6228],[15.1285,50.6174],[15.1256,50.6172],[15.1267,50.6148],[15.1239,50.6149],[15.1222,50.6097],[15.1205,50.6091],[15.1199,50.6121],[15.1186,50.6092],[15.1163,50.6097],[15.119,50.6061],[15.1191,50.5976],[15.1114,50.5944],[15.1099,50.5963],[15.1067,50.5953],[15.107,50.5941],[15.11,50.5946],[15.1069,50.5923],[15.1097,50.5911],[15.1039,50.5868],[15.0946,50.5863],[15.1011,50.5784],[15.0967,50.5772],[15.0959,50.5754],[15.1019,50.5735],[15.0966,50.5684],[15.088,50.5664],[15.0875,50.563],[15.0711,50.5638],[15.0675,50.5656],[15.0635,50.5714],[15.0585,50.571],[15.0501,50.5675],[15.0458,50.569],[15.0396,50.5655],[15.0408,50.5718],[15.0361,50.5751],[15.0382,50.5779],[15.0363,50.5806],[15.0327,50.5812],[15.0328,50.5788],[15.0304,50.5784],[15.0266,50.5844],[15.0169,50.5869],[15.0107,50.5965],[15.0083,50.599],[15.0059,50.5984],[15.0078,50.5995],[15.0052,50.6037],[15.0001,50.6025],[15.0009,50.601],[14.9993,50.6004],[14.9956,50.6021],[14.9935,50.5997],[14.9885,50.6019],[14.9781,50.6032],[14.9802,50.6047],[14.9823,50.6039],[14.9797,50.6065],[14.9767,50.6063],[14.974,50.6038],[14.9746,50.6069],[14.9766,50.6076],[14.9716,50.6104],[14.9795,50.6087],[14.9806,50.6112],[14.9783,50.6131],[14.9718,50.6145],[14.9733,50.6171],[14.9718,50.6184],[14.9772,50.6196],[14.9779,50.623],[14.9821,50.6245],[14.9778,50.6252],[14.9799,50.6272],[14.9773,50.6282],[14.9841,50.6292],[14.9816,50.6299],[14.9836,50.6309],[14.9794,50.6343],[14.9799,50.6369],[14.971,50.644],[14.9712,50.6469],[14.9668,50.6502],[14.971,50.6498],[14.9774,50.6466],[14.979,50.6475],[14.978,50.6503],[14.9746,50.6534],[14.9797,50.654],[14.9739,50.6556],[14.9764,50.6575],[14.9742,50.6597],[14.9692,50.659],[14.9642,50.6608],[14.9666,50.6639],[14.9643,50.6659],[14.9578,50.6618],[14.9546,50.6641],[14.9452,50.6649],[14.9427,50.6672],[14.9388,50.6664],[14.9348,50.6679],[14.9374,50.6707],[14.94,50.6705],[14.9467,50.6743],[14.949,50.6771],[14.9535,50.6769],[14.9591,50.6806],[14.9587,50.6824],[14.965,50.69],[14.9643,50.692],[14.9581,50.6931],[14.9606,50.6952],[14.9658,50.6935],[14.9644,50.6981],[14.9733,50.6965],[14.9726,50.6914],[14.9759,50.6941],[14.9773,50.6936],[14.98,50.6973],[14.9817,50.6979],[14.9833,50.6962],[14.9866,50.6972],[14.987,50.701],[14.9915,50.7013],[14.9931,50.7083],[14.9993,50.7075],[14.9964,50.7094],[14.9987,50.7157],[15.0051,50.7177],[14.9998,50.7263],[14.9887,50.7283],[14.9833,50.7335],[14.9786,50.7424],[14.9789,50.7475],[14.9823,50.7511],[14.9781,50.7524],[14.974,50.7562],[14.9675,50.7704],[14.9531,50.7798],[14.9602,50.7826],[14.9623,50.7858],[14.9673,50.7859],[14.9711,50.7891],[14.9595,50.7913],[14.9581,50.7938],[14.9605,50.7974],[14.9688,50.7959],[14.973,50.7936],[14.972,50.7983],[14.9876,50.8034],[14.9945,50.8001],[14.9975,50.8003],[14.9992,50.8037],[15.0107,50.8064],[15.0188,50.8164],[15.0372,50.8244],[15.0336,50.8272],[15.0292,50.836],[15.0245,50.838],[15.0335,50.845],[15.0333,50.8554],[15.0199,50.8553],[15.0146,50.8539],[15.0083,50.8639],[15.0037,50.8628],[14.9981,50.8685],[14.9944,50.8694],[15.0022,50.8691],[14.9982,50.889],[14.9941,50.8919],[14.9967,50.895],[14.9963,50.9007],[15.0069,50.9073],[14.9993,50.9069],[14.9986,50.9136],[14.995,50.9152],[14.9896,50.9217],[14.9955,50.9271],[15.0018,50.9288],[15.0079,50.9359],[15.0145,50.9399],[15.0131,50.9437],[15.0154,50.9503],[15.0109,50.963],[15.0174,50.9669],[15.0218,50.9671],[15.0152,50.9723],[15.0111,50.9817],[15.006,50.9866],[14.992,50.9814],[14.9891,50.9781],[14.9743,50.988],[14.9684,50.9901],[14.984,51.0066],[14.9855,51.0109],[14.9974,51.0093],[15.0091,51.0155],[15.0144,51.016],[15.0166,51.0219],[15.0243,51.0233]]],"crs":null}},{"type":"Feature","properties":{"id":35,"name":"Volební obvod č. 35, sídlo: Jablonec nad Nisou","active":false},"geometry":{"type":"Polygon","coordinates":[[[15.3222,50.8602],[15.3265,50.8582],[15.3289,50.859],[15.3278,50.8575],[15.3297,50.8564],[15.3375,50.8561],[15.3386,50.8573],[15.341,50.8547],[15.343,50.8554],[15.3431,50.8535],[15.345,50.8529],[15.3457,50.8542],[15.3503,50.8509],[15.3539,50.8514],[15.3604,50.8423],[15.3675,50.8381],[15.3723,50.8236],[15.3762,50.8212],[15.3721,50.8192],[15.3702,50.8144],[15.3742,50.8119],[15.3721,50.8082],[15.3741,50.8074],[15.3688,50.8054],[15.3663,50.8021],[15.3726,50.7958],[15.3736,50.7848],[15.3699,50.7812],[15.3749,50.7777],[15.3805,50.7781],[15.3853,50.7755],[15.3942,50.7766],[15.4037,50.7823],[15.4152,50.7928],[15.4209,50.8033],[15.4255,50.8064],[15.4389,50.8091],[15.4503,50.8072],[15.451,50.8041],[15.4736,50.7968],[15.4806,50.7909],[15.4938,50.7883],[15.5111,50.7909],[15.5244,50.7771],[15.5353,50.7794],[15.5356,50.7633],[15.5394,50.7576],[15.5451,50.7536],[15.5692,50.744],[15.5737,50.736],[15.5607,50.7192],[15.5587,50.7123],[15.5656,50.708],[15.5666,50.6941],[15.5616,50.6824],[15.5629,50.6798],[15.5652,50.6801],[15.5712,50.6604],[15.5839,50.6527],[15.5735,50.6467],[15.5652,50.6374],[15.5827,50.6312],[15.5882,50.6237],[15.5883,50.6204],[15.6022,50.6144],[15.5947,50.6115],[15.5827,50.6008],[15.5812,50.5991],[15.5844,50.5963],[15.5712,50.5812],[15.5811,50.5761],[15.5943,50.574],[15.5862,50.5676],[15.595,50.5636],[15.6015,50.5582],[15.5905,50.5587],[15.6042,50.5563],[15.6036,50.5529],[15.6057,50.5505],[15.6115,50.5487],[15.6167,50.5416],[15.6195,50.5419],[15.623,50.5382],[15.6252,50.538],[15.6262,50.5352],[15.6277,50.5359],[15.628,50.5311],[15.6327,50.5254],[15.6323,50.5228],[15.5991,50.5203],[15.5946,50.5155],[15.5908,50.5191],[15.5845,50.5182],[15.5864,50.5144],[15.5832,50.5137],[15.5808,50.5179],[15.5819,50.523],[15.579,50.5231],[15.5779,50.5201],[15.5729,50.5224],[15.5731,50.5245],[15.5701,50.5231],[15.571,50.5262],[15.5627,50.5269],[15.5598,50.5225],[15.55,50.5202],[15.5468,50.5211],[15.5439,50.5169],[15.5446,50.5151],[15.5392,50.5137],[15.5366,50.5148],[15.5365,50.5131],[15.5313,50.5165],[15.5137,50.5176],[15.5104,50.5236],[15.4952,50.5327],[15.4959,50.5366],[15.4999,50.5384],[15.498,50.539],[15.4987,50.5412],[15.4839,50.5464],[15.4781,50.547],[15.4779,50.5439],[15.4764,50.5442],[15.4797,50.5419],[15.478,50.5406],[15.4801,50.5383],[15.4801,50.5326],[15.4703,50.533],[15.4661,50.5354],[15.4672,50.5311],[15.4648,50.5261],[15.4534,50.5249],[15.4503,50.5232],[15.4459,50.5241],[15.4421,50.5225],[15.4394,50.5238],[15.4366,50.5218],[15.439,50.5168],[15.4373,50.5161],[15.4407,50.5133],[15.4394,50.5119],[15.4428,50.5076],[15.4426,50.5034],[15.454,50.5013],[15.451,50.4964],[15.4445,50.496],[15.4468,50.4932],[15.4421,50.4922],[15.4417,50.4872],[15.4375,50.4865],[15.4304,50.4923],[15.4232,50.4897],[15.4279,50.4851],[15.4279,50.4821],[15.4238,50.4826],[15.423,50.4812],[15.4193,50.4845],[15.4176,50.4824],[15.4153,50.4828],[15.4156,50.4808],[15.408,50.4825],[15.4019,50.4799],[15.3958,50.4812],[15.3925,50.4799],[15.3903,50.4809],[15.3902,50.485],[15.3869,50.4848],[15.3888,50.4882],[15.384,50.4885],[15.3792,50.4912],[15.3899,50.4899],[15.3918,50.4916],[15.384,50.4945],[15.3832,50.4977],[15.386,50.4974],[15.3832,50.5029],[15.3843,50.5053],[15.3796,50.5086],[15.3715,50.5039],[15.3712,50.4962],[15.3681,50.4948],[15.3617,50.498],[15.359,50.5014],[15.3475,50.5043],[15.3446,50.5034],[15.3396,50.508],[15.3386,50.5127],[15.3299,50.5153],[15.325,50.512],[15.3226,50.5123],[15.3226,50.5151],[15.3195,50.5154],[15.3163,50.5132],[15.3173,50.5123],[15.3126,50.5109],[15.3152,50.5126],[15.3001,50.5146],[15.3029,50.5176],[15.2889,50.5227],[15.2887,50.5208],[15.2856,50.5215],[15.2856,50.5239],[15.2755,50.5235],[15.2745,50.5209],[15.2642,50.5266],[15.2618,50.5251],[15.2566,50.5266],[15.2525,50.5256],[15.2543,50.5318],[15.2509,50.5335],[15.2379,50.5333],[15.2402,50.5383],[15.2352,50.5395],[15.2396,50.5404],[15.2395,50.5427],[15.2286,50.5479],[15.2308,50.5498],[15.2269,50.5522],[15.23,50.5539],[15.2361,50.5529],[15.2434,50.5576],[15.2379,50.5613],[15.2395,50.564],[15.2362,50.5663],[15.2281,50.5662],[15.2399,50.5697],[15.2278,50.5735],[15.2268,50.5753],[15.2314,50.5803],[15.2398,50.5808],[15.2372,50.5843],[15.2478,50.586],[15.251,50.588],[15.2514,50.5918],[15.262,50.5939],[15.2628,50.6017],[15.2473,50.6172],[15.2437,50.6182],[15.2376,50.6169],[15.2343,50.6189],[15.2288,50.6137],[15.2227,50.6214],[15.2254,50.6239],[15.2199,50.627],[15.2185,50.6247],[15.2099,50.6237],[15.2113,50.6162],[15.2077,50.6173],[15.2056,50.6153],[15.2063,50.6128],[15.1954,50.6119],[15.1972,50.6152],[15.1956,50.6167],[15.1985,50.6185],[15.1913,50.6214],[15.182,50.6215],[15.1825,50.6246],[15.1859,50.6268],[15.1801,50.6262],[15.1761,50.6201],[15.1705,50.6167],[15.1618,50.6167],[15.1557,50.6242],[15.1536,50.6195],[15.1502,50.6185],[15.1482,50.6197],[15.1468,50.6154],[15.1312,50.6152],[15.1232,50.6228],[15.1233,50.6252],[15.1199,50.6246],[15.1118,50.6325],[15.1199,50.6459],[15.1113,50.6538],[15.1169,50.6589],[15.1107,50.6608],[15.1131,50.6638],[15.1114,50.6669],[15.1176,50.6686],[15.1135,50.6711],[15.1107,50.6699],[15.1048,50.6711],[15.1048,50.6738],[15.1002,50.6752],[15.1028,50.6773],[15.1028,50.683],[15.1087,50.6888],[15.1046,50.6946],[15.1061,50.704],[15.1095,50.7087],[15.1073,50.7077],[15.107,50.7129],[15.1094,50.715],[15.1118,50.7142],[15.1174,50.7175],[15.1225,50.7172],[15.1269,50.7229],[15.1263,50.7244],[15.112,50.7301],[15.1127,50.7333],[15.1044,50.7352],[15.1039,50.7369],[15.1078,50.7373],[15.121,50.747],[15.1268,50.7449],[15.1298,50.7495],[15.1255,50.7521],[15.1245,50.7555],[15.1268,50.7568],[15.1353,50.7546],[15.1354,50.7569],[15.1324,50.7591],[15.1345,50.7612],[15.1332,50.7643],[15.136,50.7724],[15.1386,50.7731],[15.1433,50.7706],[15.1468,50.7733],[15.1445,50.7803],[15.1329,50.7855],[15.1278,50.791],[15.1238,50.789],[15.1167,50.7897],[15.1124,50.7951],[15.1179,50.7978],[15.1229,50.8068],[15.1291,50.8106],[15.1333,50.826],[15.1422,50.8271],[15.1512,50.8405],[15.1571,50.8392],[15.1661,50.8408],[15.1857,50.8323],[15.1891,50.8269],[15.2065,50.8337],[15.2164,50.8316],[15.2216,50.8271],[15.2224,50.822],[15.2293,50.8263],[15.2404,50.8273],[15.2493,50.823],[15.2764,50.8159],[15.2906,50.8103],[15.2898,50.821],[15.2828,50.8263],[15.2786,50.8338],[15.2868,50.8351],[15.2881,50.8401],[15.2938,50.8418],[15.3039,50.8513],[15.3099,50.8527],[15.3108,50.8591],[15.3222,50.8602]]],"crs":null}},{"type":"Feature","properties":{"id":37,"name":"Volební obvod č. 37, sídlo: Jičín","active":false},"geometry":{"type":"Polygon","coordinates":[[[15.1505,50.5192],[15.1475,50.5169],[15.1549,50.5172],[15.1551,50.5154],[15.1591,50.5172],[15.163,50.5146],[15.168,50.5139],[15.1688,50.5123],[15.1808,50.5103],[15.1913,50.5043],[15.2151,50.4988],[15.223,50.4943],[15.2296,50.4966],[15.2356,50.4951],[15.2425,50.4984],[15.243,50.5045],[15.2382,50.507],[15.2467,50.5066],[15.2464,50.5115],[15.2561,50.5138],[15.2535,50.515],[15.2566,50.5178],[15.2613,50.5176],[15.263,50.5217],[15.2668,50.5217],[15.2651,50.5255],[15.2745,50.5209],[15.2755,50.5235],[15.2856,50.5239],[15.2856,50.5215],[15.2887,50.5208],[15.2889,50.5227],[15.3029,50.5176],[15.3001,50.5146],[15.3152,50.5126],[15.3126,50.5109],[15.3173,50.5123],[15.3163,50.5132],[15.3195,50.5154],[15.3226,50.5151],[15.3226,50.5123],[15.325,50.512],[15.3299,50.5153],[15.3386,50.5127],[15.3396,50.508],[15.3446,50.5034],[15.3475,50.5043],[15.359,50.5014],[15.3617,50.498],[15.3681,50.4948],[15.3712,50.4962],[15.3715,50.5039],[15.3796,50.5086],[15.3843,50.5053],[15.3832,50.5029],[15.386,50.4974],[15.3832,50.4977],[15.384,50.4945],[15.3918,50.4916],[15.3899,50.4899],[15.3792,50.4912],[15.384,50.4885],[15.3888,50.4882],[15.3869,50.4848],[15.3902,50.485],[15.3903,50.4809],[15.4019,50.4799],[15.408,50.4825],[15.4156,50.4808],[15.4153,50.4828],[15.4176,50.4824],[15.4193,50.4845],[15.423,50.4812],[15.4238,50.4826],[15.4279,50.4821],[15.4279,50.4851],[15.4232,50.4897],[15.4304,50.4923],[15.4375,50.4865],[15.4417,50.4872],[15.4421,50.4922],[15.4468,50.4932],[15.4445,50.496],[15.451,50.4964],[15.454,50.5013],[15.4426,50.5034],[15.4428,50.5076],[15.4394,50.5119],[15.4407,50.5133],[15.4373,50.5161],[15.439,50.5168],[15.4366,50.5218],[15.4394,50.5238],[15.4421,50.5225],[15.4459,50.5241],[15.4503,50.5232],[15.4534,50.5249],[15.4648,50.5261],[15.4672,50.5311],[15.4661,50.5354],[15.4703,50.533],[15.4801,50.5326],[15.4801,50.5383],[15.478,50.5406],[15.4797,50.5419],[15.4764,50.5442],[15.4779,50.5439],[15.4781,50.547],[15.4839,50.5464],[15.4987,50.5412],[15.498,50.539],[15.4999,50.5384],[15.4959,50.5366],[15.4952,50.5327],[15.5104,50.5236],[15.5137,50.5176],[15.5313,50.5165],[15.5365,50.5131],[15.5366,50.5148],[15.5392,50.5137],[15.5446,50.5151],[15.5439,50.5169],[15.5468,50.5211],[15.55,50.5202],[15.5598,50.5225],[15.5627,50.5269],[15.571,50.5262],[15.5701,50.5231],[15.5731,50.5245],[15.5729,50.5224],[15.5779,50.5201],[15.579,50.5231],[15.5819,50.523],[15.5808,50.5179],[15.5832,50.5137],[15.5864,50.5144],[15.5949,50.5098],[15.5982,50.5013],[15.6047,50.5017],[15.6321,50.4954],[15.6329,50.4967],[15.6448,50.4952],[15.6503,50.4941],[15.6516,50.4911],[15.6539,50.4911],[15.6551,50.4768],[15.6452,50.4744],[15.6413,50.4665],[15.6458,50.4608],[15.6452,50.4577],[15.6499,50.4562],[15.6498,50.4527],[15.6522,50.4518],[15.6747,50.4495],[15.6779,50.4426],[15.682,50.4443],[15.6909,50.4434],[15.6898,50.4365],[15.684,50.4329],[15.6899,50.4291],[15.691,50.4256],[15.6961,50.4243],[15.6905,50.4198],[15.6924,50.4188],[15.6947,50.4205],[15.6967,50.4192],[15.6977,50.4132],[15.7023,50.4122],[15.7046,50.4133],[15.7038,50.4118],[15.7072,50.411],[15.7067,50.4094],[15.7142,50.4081],[15.7144,50.4063],[15.7242,50.4038],[15.7176,50.4044],[15.7254,50.4035],[15.7181,50.4035],[15.7178,50.4023],[15.7239,50.4006],[15.7202,50.3968],[15.7224,50.3953],[15.7214,50.3926],[15.7149,50.3886],[15.7185,50.3802],[15.7166,50.3767],[15.7195,50.3735],[15.7207,50.3747],[15.7323,50.368],[15.7268,50.3691],[15.7251,50.3662],[15.7269,50.3648],[15.7218,50.3614],[15.7221,50.3592],[15.7258,50.3552],[15.7247,50.3533],[15.7285,50.35],[15.7279,50.3453],[15.7365,50.3451],[15.7416,50.3389],[15.7367,50.3369],[15.7351,50.3329],[15.7368,50.3307],[15.7355,50.3267],[15.733,50.3259],[15.7335,50.3224],[15.7264,50.3211],[15.723,50.3224],[15.7105,50.3224],[15.71,50.3238],[15.7078,50.322],[15.701,50.3215],[15.7025,50.3195],[15.6984,50.3198],[15.6985,50.3215],[15.6956,50.3213],[15.6935,50.3232],[15.685,50.321],[15.6851,50.3224],[15.679,50.3232],[15.6791,50.3245],[15.6777,50.3208],[15.6721,50.3206],[15.6739,50.3256],[15.665,50.326],[15.6658,50.3222],[15.655,50.3258],[15.6581,50.3296],[15.6558,50.3293],[15.656,50.3307],[15.6541,50.3287],[15.6526,50.3301],[15.6528,50.327],[15.659,50.3231],[15.6583,50.32],[15.6539,50.3209],[15.6537,50.3191],[15.6431,50.3182],[15.6453,50.3179],[15.6441,50.316],[15.6421,50.3169],[15.6396,50.3151],[15.6399,50.3108],[15.6341,50.3118],[15.6266,50.308],[15.619,50.3081],[15.6205,50.3064],[15.6228,50.3066],[15.6205,50.3051],[15.6235,50.3031],[15.6178,50.3032],[15.6218,50.2994],[15.6133,50.2973],[15.6121,50.2953],[15.6149,50.2948],[15.6018,50.2936],[15.5994,50.3001],[15.5974,50.2999],[15.5971,50.2978],[15.5954,50.298],[15.5955,50.3],[15.5947,50.2982],[15.5925,50.2982],[15.5923,50.3012],[15.5899,50.3025],[15.6006,50.306],[15.6023,50.3082],[15.569,50.3096],[15.5673,50.3086],[15.5623,50.3131],[15.5589,50.3138],[15.5587,50.3195],[15.555,50.3194],[15.5551,50.3214],[15.5484,50.3199],[15.5485,50.321],[15.5443,50.3208],[15.538,50.3232],[15.5382,50.327],[15.5437,50.3278],[15.5422,50.3301],[15.5366,50.3323],[15.5369,50.3355],[15.5262,50.3346],[15.5258,50.3389],[15.5169,50.3395],[15.5152,50.3423],[15.512,50.3427],[15.5112,50.3411],[15.5134,50.3405],[15.5132,50.3365],[15.5067,50.3383],[15.5032,50.3363],[15.4958,50.338],[15.5027,50.333],[15.5008,50.3285],[15.5034,50.3273],[15.4998,50.3268],[15.5026,50.3258],[15.4998,50.3214],[15.4955,50.3212],[15.4958,50.3157],[15.4905,50.3204],[15.4737,50.3263],[15.4713,50.3293],[15.4611,50.3298],[15.4578,50.326],[15.4477,50.3231],[15.4502,50.3214],[15.4478,50.3187],[15.4495,50.3159],[15.448,50.3125],[15.4515,50.3104],[15.4544,50.3109],[15.4544,50.3091],[15.4564,50.3088],[15.4544,50.3086],[15.4527,50.3044],[15.4457,50.3037],[15.446,50.3009],[15.4353,50.2948],[15.4318,50.2975],[15.4271,50.2949],[15.4192,50.2972],[15.4148,50.3015],[15.405,50.2994],[15.4059,50.297],[15.4033,50.2952],[15.405,50.2938],[15.402,50.2908],[15.4048,50.2889],[15.4026,50.2871],[15.4032,50.2795],[15.3983,50.2793],[15.3925,50.2813],[15.3892,50.2767],[15.3821,50.2792],[15.3797,50.2736],[15.3761,50.2737],[15.3775,50.2719],[15.375,50.2704],[15.379,50.2688],[15.3772,50.2612],[15.3813,50.2599],[15.3844,50.255],[15.3817,50.2517],[15.3741,50.2509],[15.3673,50.2473],[15.372,50.2467],[15.3754,50.2338],[15.3709,50.2267],[15.3787,50.2249],[15.3773,50.2242],[15.3803,50.2191],[15.3823,50.2216],[15.3914,50.2179],[15.391,50.2133],[15.3938,50.2134],[15.3974,50.2067],[15.3926,50.2041],[15.396,50.2019],[15.3975,50.1979],[15.3929,50.192],[15.3905,50.1927],[15.388,50.19],[15.3925,50.1869],[15.3897,50.1873],[15.3888,50.183],[15.3786,50.1767],[15.3768,50.1736],[15.3781,50.1727],[15.3708,50.1746],[15.3698,50.1698],[15.3655,50.1711],[15.3665,50.1665],[15.3619,50.1656],[15.3575,50.1675],[15.3561,50.1661],[15.3564,50.1633],[15.375,50.159],[15.3741,50.1558],[15.36,50.1481],[15.3486,50.1458],[15.3304,50.1463],[15.3023,50.1567],[15.3,50.1596],[15.3009,50.1578],[15.292,50.156],[15.2914,50.1516],[15.2874,50.153],[15.2851,50.1495],[15.2796,50.1509],[15.2809,50.1482],[15.2719,50.1495],[15.2703,50.1516],[15.2721,50.148],[15.2765,50.1467],[15.2815,50.1476],[15.284,50.1462],[15.2827,50.1445],[15.2785,50.1438],[15.2781,50.141],[15.2825,50.1409],[15.2785,50.1382],[15.2709,50.1392],[15.2669,50.1376],[15.27,50.1347],[15.2764,50.1331],[15.276,50.1304],[15.2794,50.1303],[15.2812,50.1266],[15.2847,50.1262],[15.285,50.1231],[15.283,50.1229],[15.2839,50.118],[15.277,50.1178],[15.2772,50.1146],[15.2726,50.1151],[15.2712,50.1077],[15.2688,50.1068],[15.2676,50.1102],[15.2586,50.1106],[15.261,50.1089],[15.2594,50.1066],[15.2538,50.1068],[15.254,50.1091],[15.2527,50.105],[15.2437,50.1061],[15.2454,50.0988],[15.2424,50.099],[15.2425,50.1012],[15.2394,50.1014],[15.2394,50.1025],[15.2336,50.1022],[15.2161,50.1072],[15.2145,50.1095],[15.204,50.1074],[15.2042,50.1088],[15.1853,50.1098],[15.1842,50.1079],[15.1875,50.1096],[15.1909,50.108],[15.1913,50.1028],[15.1842,50.1018],[15.1761,50.1033],[15.1774,50.0988],[15.1733,50.098],[15.1744,50.0953],[15.1697,50.0962],[15.1712,50.0928],[15.169,50.0916],[15.1654,50.0952],[15.1614,50.0943],[15.1583,50.1001],[15.1551,50.0985],[15.1466,50.0983],[15.1466,50.0996],[15.1358,50.0983],[15.1319,50.0963],[15.1254,50.0993],[15.1251,50.1049],[15.1351,50.1071],[15.1379,50.1111],[15.1385,50.1143],[15.1352,50.1179],[15.1379,50.1187],[15.1367,50.121],[15.1384,50.1237],[15.1392,50.1209],[15.1495,50.12],[15.1544,50.1244],[15.1581,50.1227],[15.1605,50.1248],[15.1656,50.1246],[15.1642,50.1259],[15.1697,50.1316],[15.169,50.1329],[15.164,50.1328],[15.16,50.1346],[15.1527,50.1336],[15.1491,50.1401],[15.1542,50.1487],[15.1506,50.1498],[15.1509,50.1527],[15.1531,50.1536],[15.1455,50.161],[15.1439,50.1605],[15.1394,50.1637],[15.144,50.1651],[15.1419,50.1675],[15.1374,50.1663],[15.1312,50.1713],[15.1292,50.1693],[15.1264,50.1713],[15.13,50.1768],[15.1255,50.1718],[15.1213,50.1724],[15.1183,50.1703],[15.1032,50.1786],[15.0905,50.1808],[15.0919,50.1823],[15.0883,50.1818],[15.0846,50.186],[15.0795,50.1858],[15.0802,50.183],[15.0836,50.1818],[15.0815,50.1804],[15.0841,50.1788],[15.0822,50.1764],[15.08,50.1769],[15.079,50.1755],[15.0707,50.1792],[15.0641,50.1792],[15.0634,50.1754],[15.06,50.1761],[15.0576,50.1721],[15.0554,50.1719],[15.056,50.1688],[15.0443,50.168],[15.0442,50.1654],[15.047,50.1651],[15.0462,50.1637],[15.0539,50.1592],[15.0517,50.1573],[15.0439,50.1593],[15.0431,50.1566],[15.041,50.1637],[15.0365,50.1654],[15.0242,50.1648],[15.0205,50.162],[15.0111,50.1599],[15.0125,50.1555],[15.0062,50.1568],[14.9939,50.1627],[14.9833,50.1621],[14.9802,50.1634],[14.9642,50.1613],[14.9574,50.1633],[14.9523,50.1672],[14.9406,50.1679],[14.9352,50.1714],[14.9291,50.1713],[14.9268,50.1732],[14.928,50.1773],[14.9248,50.179],[14.9293,50.1795],[14.9272,50.1837],[14.9207,50.186],[14.9215,50.1877],[14.9075,50.1878],[14.9075,50.1893],[14.9029,50.1903],[14.9025,50.1937],[14.8916,50.1958],[14.891,50.1941],[14.8829,50.1943],[14.8804,50.1905],[14.8736,50.193],[14.8691,50.1902],[14.862,50.1887],[14.8616,50.1806],[14.8565,50.1777],[14.8579,50.1763],[14.8558,50.1722],[14.8529,50.1716],[14.8455,50.179],[14.8323,50.1738],[14.8309,50.176],[14.836,50.1768],[14.8368,50.1799],[14.8324,50.1804],[14.8234,50.1754],[14.81,50.1746],[14.8001,50.1706],[14.7944,50.1723],[14.7941,50.1787],[14.7921,50.1803],[14.7804,50.1819],[14.781,50.1802],[14.7784,50.1798],[14.7759,50.1812],[14.7752,50.1843],[14.7799,50.1904],[14.7748,50.197],[14.7683,50.1998],[14.7682,50.2082],[14.7706,50.2103],[14.7832,50.214],[14.777,50.2171],[14.7746,50.2212],[14.7754,50.2328],[14.7812,50.2416],[14.7956,50.2447],[14.8112,50.2451],[14.8194,50.2479],[14.814,50.2496],[14.8117,50.2521],[14.8161,50.2543],[14.8227,50.2541],[14.8247,50.2569],[14.8182,50.2585],[14.8172,50.2561],[14.8124,50.2564],[14.8161,50.2629],[14.8253,50.2587],[14.8288,50.2665],[14.8414,50.2659],[14.8506,50.2637],[14.8468,50.2663],[14.8484,50.268],[14.8579,50.2649],[14.8603,50.2654],[14.871,50.2556],[14.8926,50.2605],[14.917,50.2491],[14.932,50.2459],[14.9384,50.2484],[14.9477,50.2455],[14.9492,50.2476],[14.9527,50.2466],[14.9551,50.2496],[14.9637,50.2462],[14.9819,50.2444],[14.9788,50.2462],[14.9819,50.2507],[14.9774,50.2516],[14.9796,50.2577],[14.9779,50.2585],[14.9812,50.2591],[14.9798,50.2603],[14.9824,50.263],[14.9784,50.2649],[14.9846,50.2725],[14.9908,50.2741],[14.9902,50.2766],[14.9988,50.2791],[14.9943,50.2877],[14.9977,50.2905],[14.9999,50.2897],[14.9999,50.2915],[15.0049,50.295],[14.9951,50.2998],[14.9962,50.3021],[15.0034,50.2994],[15.0045,50.3008],[15.0114,50.301],[15.0109,50.3036],[15.0138,50.305],[15.0229,50.3034],[15.0318,50.3052],[15.0328,50.3076],[15.0459,50.3064],[15.0447,50.3129],[15.0367,50.3163],[15.0558,50.3166],[15.0543,50.3227],[15.052,50.3243],[15.0534,50.3248],[15.0637,50.3257],[15.0721,50.3241],[15.071,50.3265],[15.0623,50.3278],[15.0577,50.3364],[15.0689,50.3427],[15.0823,50.34],[15.0904,50.344],[15.0984,50.3361],[15.1039,50.3414],[15.1131,50.346],[15.1167,50.3434],[15.1223,50.3435],[15.1213,50.3461],[15.1245,50.3456],[15.1269,50.3494],[15.1206,50.3593],[15.1239,50.3596],[15.1267,50.3632],[15.1314,50.3636],[15.1263,50.3657],[15.1193,50.3652],[15.1153,50.3703],[15.1043,50.3762],[15.1069,50.3788],[15.1092,50.3787],[15.1104,50.3818],[15.1131,50.3822],[15.118,50.389],[15.1305,50.3865],[15.1318,50.3886],[15.1334,50.3883],[15.1336,50.3859],[15.1367,50.3859],[15.1375,50.388],[15.1442,50.3876],[15.1376,50.3945],[15.1371,50.396],[15.1417,50.3966],[15.1381,50.3984],[15.137,50.404],[15.1441,50.4043],[15.1479,50.4072],[15.1515,50.405],[15.1523,50.4078],[15.1552,50.4076],[15.1624,50.4273],[15.1518,50.4287],[15.1556,50.4296],[15.1502,50.431],[15.1499,50.4339],[15.1549,50.4381],[15.1504,50.4409],[15.149,50.4468],[15.1455,50.4479],[15.1403,50.4467],[15.1389,50.4491],[15.1342,50.4474],[15.1297,50.4506],[15.1362,50.4552],[15.1368,50.4576],[15.1348,50.459],[15.1371,50.4599],[15.1374,50.4652],[15.1395,50.4654],[15.1352,50.4668],[15.1374,50.4673],[15.1352,50.4723],[15.1421,50.4708],[15.1448,50.4751],[15.1344,50.4793],[15.1281,50.48],[15.1365,50.4846],[15.1344,50.4896],[15.1224,50.4975],[15.1175,50.4976],[15.1136,50.5034],[15.1137,50.5066],[15.1192,50.5096],[15.1269,50.509],[15.1316,50.5108],[15.1301,50.5125],[15.141,50.5135],[15.1369,50.5167],[15.1403,50.5173],[15.1382,50.5198],[15.1408,50.521],[15.1431,50.5199],[15.147,50.5227],[15.1505,50.5192]]],"crs":null}},{"type":"Feature","properties":{"id":38,"name":"Volební obvod č. 38, sídlo: Mladá Boleslav","active":false},"geometry":{"type":"Polygon","coordinates":[[[14.9237,50.6189],[14.9306,50.6163],[14.9326,50.6173],[14.9314,50.6136],[14.9334,50.611],[14.931,50.611],[14.9304,50.6077],[14.9378,50.6065],[14.9402,50.6042],[14.9423,50.6071],[14.9499,50.6067],[14.9569,50.5992],[14.9547,50.5981],[14.9466,50.6],[14.9454,50.5989],[14.9565,50.5958],[14.9556,50.5946],[14.9579,50.5938],[14.9656,50.5942],[14.9681,50.5921],[14.9689,50.5938],[14.9666,50.5947],[14.966,50.5975],[14.9743,50.5984],[14.974,50.6038],[14.9767,50.6063],[14.9797,50.6065],[14.9823,50.6039],[14.9802,50.6047],[14.9781,50.6032],[14.9885,50.6019],[14.9935,50.5997],[14.9956,50.6021],[14.9993,50.6004],[15.0009,50.601],[15.0001,50.6025],[15.0052,50.6037],[15.0078,50.5995],[15.0059,50.5984],[15.0083,50.599],[15.0107,50.5965],[15.0169,50.5869],[15.0266,50.5844],[15.0304,50.5784],[15.0328,50.5788],[15.0327,50.5812],[15.0363,50.5806],[15.0382,50.5779],[15.0361,50.5751],[15.0408,50.5718],[15.0396,50.5655],[15.0458,50.569],[15.0501,50.5675],[15.0585,50.571],[15.0635,50.5714],[15.0675,50.5656],[15.0711,50.5638],[15.0875,50.563],[15.088,50.5664],[15.0966,50.5684],[15.1019,50.5735],[15.0959,50.5754],[15.0967,50.5772],[15.1011,50.5784],[15.0946,50.5863],[15.1039,50.5868],[15.1097,50.5911],[15.1069,50.5923],[15.11,50.5946],[15.107,50.5941],[15.1067,50.5953],[15.1099,50.5963],[15.1114,50.5944],[15.1191,50.5976],[15.119,50.6061],[15.1163,50.6097],[15.1186,50.6092],[15.1199,50.6121],[15.1205,50.6091],[15.1222,50.6097],[15.1239,50.6149],[15.1267,50.6148],[15.1256,50.6172],[15.1285,50.6174],[15.1312,50.6152],[15.1468,50.6154],[15.1482,50.6197],[15.1502,50.6185],[15.1536,50.6195],[15.1557,50.6242],[15.1618,50.6167],[15.1705,50.6167],[15.1761,50.6201],[15.1801,50.6262],[15.1859,50.6268],[15.1825,50.6246],[15.182,50.6215],[15.1913,50.6214],[15.1985,50.6185],[15.1956,50.6167],[15.1972,50.6152],[15.1954,50.6119],[15.1983,50.6118],[15.2063,50.6128],[15.2056,50.6153],[15.2077,50.6173],[15.2113,50.6162],[15.2099,50.6237],[15.2185,50.6247],[15.2199,50.627],[15.2254,50.6239],[15.2227,50.6214],[15.2288,50.6137],[15.2343,50.6189],[15.2376,50.6169],[15.2437,50.6182],[15.2473,50.6172],[15.2628,50.6017],[15.262,50.5939],[15.2514,50.5918],[15.251,50.588],[15.2478,50.586],[15.2372,50.5843],[15.2398,50.5808],[15.2314,50.5803],[15.2268,50.5753],[15.2278,50.5735],[15.2399,50.5697],[15.2281,50.5662],[15.2362,50.5663],[15.2395,50.564],[15.2379,50.5613],[15.2434,50.5576],[15.2361,50.5529],[15.23,50.5539],[15.2269,50.5522],[15.2308,50.5498],[15.2286,50.5479],[15.2395,50.5427],[15.2396,50.5404],[15.2352,50.5395],[15.2402,50.5383],[15.2379,50.5333],[15.2509,50.5335],[15.2543,50.5318],[15.2525,50.5256],[15.2566,50.5266],[15.2618,50.5251],[15.2642,50.5266],[15.2668,50.5217],[15.263,50.5217],[15.2613,50.5176],[15.2566,50.5178],[15.2535,50.515],[15.2561,50.5138],[15.2464,50.5115],[15.2467,50.5066],[15.2382,50.507],[15.243,50.5045],[15.2433,50.5018],[15.2425,50.4984],[15.2356,50.4951],[15.2296,50.4966],[15.223,50.4943],[15.2151,50.4988],[15.1913,50.5043],[15.1808,50.5103],[15.1688,50.5123],[15.168,50.5139],[15.163,50.5146],[15.1591,50.5172],[15.1551,50.5154],[15.1549,50.5172],[15.1475,50.5169],[15.1505,50.5192],[15.147,50.5227],[15.1431,50.5199],[15.1408,50.521],[15.1382,50.5198],[15.1403,50.5173],[15.1369,50.5167],[15.141,50.5135],[15.1301,50.5125],[15.1316,50.5108],[15.1269,50.509],[15.1192,50.5096],[15.1137,50.5066],[15.1136,50.5034],[15.1175,50.4976],[15.1224,50.4975],[15.1344,50.4896],[15.1365,50.4846],[15.1281,50.48],[15.1344,50.4793],[15.1448,50.4751],[15.1421,50.4708],[15.1352,50.4723],[15.1374,50.4673],[15.1352,50.4668],[15.1395,50.4654],[15.1374,50.4652],[15.1371,50.4599],[15.1348,50.459],[15.1368,50.4576],[15.1362,50.4552],[15.1297,50.4506],[15.1342,50.4474],[15.1389,50.4491],[15.1403,50.4467],[15.1455,50.4479],[15.149,50.4468],[15.1504,50.4409],[15.1549,50.4381],[15.1499,50.4339],[15.1502,50.431],[15.1556,50.4296],[15.1518,50.4287],[15.1624,50.4273],[15.1552,50.4076],[15.1523,50.4078],[15.1515,50.405],[15.1479,50.4072],[15.1441,50.4043],[15.137,50.404],[15.1381,50.3984],[15.1417,50.3966],[15.1371,50.396],[15.1376,50.3945],[15.1442,50.3876],[15.1375,50.388],[15.1367,50.3859],[15.1336,50.3859],[15.1334,50.3883],[15.1318,50.3886],[15.1305,50.3865],[15.118,50.389],[15.1131,50.3822],[15.1104,50.3818],[15.1092,50.3787],[15.1069,50.3788],[15.1043,50.3762],[15.1153,50.3703],[15.1193,50.3652],[15.1263,50.3657],[15.1314,50.3636],[15.1267,50.3632],[15.1239,50.3596],[15.1206,50.3593],[15.1269,50.3494],[15.1245,50.3456],[15.1213,50.3461],[15.1223,50.3435],[15.1167,50.3434],[15.1131,50.346],[15.1039,50.3414],[15.0984,50.3361],[15.0904,50.344],[15.0823,50.34],[15.0689,50.3427],[15.0577,50.3364],[15.0623,50.3278],[15.071,50.3265],[15.0721,50.3241],[15.0637,50.3257],[15.0534,50.3248],[15.052,50.3243],[15.0543,50.3227],[15.0558,50.3166],[15.0367,50.3163],[15.0447,50.3129],[15.0459,50.3064],[15.0328,50.3076],[15.0318,50.3052],[15.0229,50.3034],[15.0138,50.305],[15.0109,50.3036],[15.0114,50.301],[15.0045,50.3008],[15.0034,50.2994],[14.9962,50.3021],[14.9951,50.2998],[15.0049,50.295],[14.9999,50.2915],[14.9999,50.2897],[14.9977,50.2905],[14.9943,50.2877],[14.9988,50.2791],[14.9902,50.2766],[14.9908,50.2741],[14.9846,50.2725],[14.9784,50.2649],[14.9824,50.263],[14.9798,50.2603],[14.9812,50.2591],[14.9779,50.2585],[14.9796,50.2577],[14.9774,50.2516],[14.9819,50.2507],[14.9788,50.2462],[14.9819,50.2444],[14.9637,50.2462],[14.9551,50.2496],[14.9527,50.2466],[14.9492,50.2476],[14.9477,50.2455],[14.9384,50.2484],[14.932,50.2459],[14.917,50.2491],[14.8926,50.2605],[14.871,50.2556],[14.8603,50.2654],[14.8579,50.2649],[14.8484,50.268],[14.8468,50.2663],[14.8506,50.2637],[14.8414,50.2659],[14.8288,50.2665],[14.8253,50.2587],[14.8161,50.2629],[14.8147,50.2618],[14.8124,50.2564],[14.8172,50.2561],[14.8182,50.2585],[14.8247,50.2569],[14.8227,50.2541],[14.8161,50.2543],[14.8117,50.2521],[14.814,50.2496],[14.8194,50.2479],[14.8112,50.2451],[14.7956,50.2447],[14.7812,50.2416],[14.7754,50.2328],[14.7746,50.2212],[14.777,50.2171],[14.7832,50.214],[14.7706,50.2103],[14.7682,50.2082],[14.7682,50.2038],[14.7649,50.2044],[14.7567,50.1983],[14.7548,50.1941],[14.7504,50.1914],[14.75,50.1886],[14.7449,50.1904],[14.731,50.1838],[14.7096,50.1884],[14.7111,50.1905],[14.7091,50.1949],[14.7058,50.1946],[14.701,50.2027],[14.7076,50.2059],[14.6998,50.2065],[14.6955,50.2087],[14.7461,50.244],[14.7401,50.2602],[14.7451,50.2639],[14.7381,50.2653],[14.7404,50.2674],[14.7379,50.2689],[14.7324,50.2701],[14.7298,50.2689],[14.7207,50.273],[14.7247,50.2756],[14.722,50.2775],[14.7176,50.2758],[14.7221,50.2782],[14.7184,50.2803],[14.7172,50.2839],[14.7091,50.2817],[14.6948,50.2827],[14.7016,50.2871],[14.6982,50.2893],[14.6755,50.2931],[14.6502,50.2939],[14.6473,50.2976],[14.6434,50.2972],[14.6429,50.3004],[14.6387,50.3004],[14.6397,50.3025],[14.6452,50.3044],[14.6439,50.3054],[14.657,50.3086],[14.6596,50.3107],[14.655,50.3094],[14.6458,50.3127],[14.6422,50.312],[14.6416,50.3159],[14.6392,50.316],[14.6445,50.3191],[14.6378,50.3227],[14.6532,50.3333],[14.6495,50.3347],[14.6567,50.3388],[14.6587,50.338],[14.6585,50.3352],[14.6633,50.3371],[14.6725,50.336],[14.6737,50.3387],[14.6808,50.337],[14.6886,50.3422],[14.6913,50.3421],[14.6897,50.3438],[14.6933,50.3433],[14.6922,50.34],[14.6949,50.3397],[14.6937,50.3436],[14.6967,50.342],[14.6968,50.3394],[14.698,50.3432],[14.701,50.3407],[14.7129,50.3392],[14.7138,50.3418],[14.7198,50.3434],[14.7208,50.3458],[14.719,50.348],[14.728,50.3474],[14.7304,50.3457],[14.733,50.3493],[14.7313,50.3497],[14.7326,50.3539],[14.7295,50.3551],[14.7307,50.3563],[14.7346,50.3548],[14.7403,50.3618],[14.7358,50.3638],[14.7339,50.3668],[14.7265,50.3678],[14.7191,50.3713],[14.713,50.3716],[14.7078,50.3754],[14.709,50.3766],[14.7031,50.3773],[14.7039,50.3782],[14.6977,50.3811],[14.6988,50.3821],[14.6955,50.3828],[14.7005,50.3927],[14.7135,50.3877],[14.7122,50.3887],[14.7184,50.3964],[14.7171,50.3971],[14.7228,50.4021],[14.7197,50.4048],[14.709,50.4088],[14.7086,50.4136],[14.6986,50.4226],[14.6954,50.4231],[14.6947,50.4255],[14.6875,50.4258],[14.6862,50.4264],[14.6907,50.4275],[14.6848,50.4281],[14.6862,50.4289],[14.6748,50.4292],[14.6738,50.4311],[14.6793,50.4308],[14.6735,50.4335],[14.6746,50.4346],[14.6691,50.4386],[14.6738,50.44],[14.6795,50.4388],[14.6849,50.4449],[14.6809,50.4466],[14.6818,50.4481],[14.6788,50.45],[14.6892,50.4575],[14.6842,50.4614],[14.6809,50.4617],[14.6872,50.4655],[14.6967,50.4675],[14.7018,50.4652],[14.7177,50.463],[14.7171,50.4657],[14.7065,50.4692],[14.7027,50.4745],[14.6938,50.4768],[14.6906,50.4831],[14.6924,50.4847],[14.6895,50.4867],[14.6883,50.4917],[14.6988,50.4934],[14.6998,50.4958],[14.7102,50.4959],[14.7155,50.4995],[14.7192,50.4986],[14.7261,50.5203],[14.7515,50.5163],[14.7537,50.5185],[14.7583,50.5297],[14.7496,50.5461],[14.7505,50.5569],[14.8024,50.5504],[14.8269,50.5386],[14.847,50.5516],[14.853,50.5526],[14.8594,50.5564],[14.8574,50.5582],[14.8584,50.56],[14.8479,50.5648],[14.8492,50.567],[14.8472,50.5721],[14.8655,50.575],[14.8751,50.5803],[14.8843,50.5817],[14.8866,50.5804],[14.8902,50.5835],[14.8929,50.5792],[14.9088,50.5865],[14.9037,50.5939],[14.9042,50.5958],[14.8987,50.6015],[14.8954,50.6018],[14.9031,50.6042],[14.9035,50.6063],[14.9094,50.605],[14.9175,50.6069],[14.9081,50.6175],[14.9121,50.619],[14.9237,50.6189]]],"crs":null}},{"type":"Feature","properties":{"id":40,"name":"Volební obvod č. 40, sídlo: Kutná Hora","active":false},"geometry":{"type":"Polygon","coordinates":[[[15.347,50.033],[15.3533,50.0346],[15.3611,50.0319],[15.3656,50.0284],[15.3785,50.0247],[15.3943,50.0163],[15.397,50.0186],[15.4023,50.0184],[15.4077,50.0203],[15.4074,50.0218],[15.4168,50.0213],[15.4173,50.019],[15.4151,50.0207],[15.4125,50.0208],[15.4126,50.0195],[15.4172,50.0189],[15.4197,50.0169],[15.4258,50.0178],[15.4314,50.0165],[15.4253,50.0116],[15.4209,50.0129],[15.4214,50.011],[15.4295,50.0083],[15.432,50.0107],[15.4331,50.009],[15.4344,50.0106],[15.4455,50.0053],[15.4538,50.0108],[15.4603,50.0102],[15.4576,50.0085],[15.4615,50.0066],[15.4544,50.0037],[15.4594,49.9975],[15.4656,49.9991],[15.4642,50.0008],[15.4689,50.007],[15.471,50.0048],[15.4693,50.0027],[15.4738,50.0035],[15.4751,50.0017],[15.4721,49.9973],[15.4741,49.9944],[15.461,49.9874],[15.4695,49.9822],[15.4725,49.9822],[15.5024,49.9677],[15.505,49.967],[15.5059,49.9696],[15.5097,49.97],[15.5141,49.9675],[15.5202,49.9666],[15.5188,49.9631],[15.529,49.9636],[15.5334,49.959],[15.5279,49.9553],[15.5329,49.9523],[15.5286,49.9498],[15.5309,49.9477],[15.5212,49.9458],[15.5162,49.9412],[15.5233,49.9344],[15.5295,49.9304],[15.5338,49.9298],[15.5321,49.9282],[15.5355,49.9275],[15.53,49.9227],[15.526,49.9234],[15.5281,49.9214],[15.5247,49.918],[15.5262,49.916],[15.523,49.9162],[15.525,49.9153],[15.5183,49.9115],[15.5201,49.9108],[15.5159,49.9043],[15.5206,49.902],[15.5131,49.8986],[15.4977,49.898],[15.4978,49.8952],[15.5009,49.8938],[15.4991,49.8911],[15.5039,49.8895],[15.5054,49.8834],[15.5024,49.8821],[15.5014,49.8788],[15.5047,49.8771],[15.5037,49.872],[15.4994,49.8746],[15.4985,49.8716],[15.4956,49.8703],[15.5009,49.8654],[15.5011,49.8625],[15.4971,49.8611],[15.5019,49.8581],[15.5078,49.8568],[15.5114,49.8537],[15.5212,49.8525],[15.5267,49.8461],[15.5291,49.8464],[15.5303,49.843],[15.5371,49.8404],[15.5408,49.8418],[15.5458,49.8405],[15.5491,49.8385],[15.5472,49.8374],[15.553,49.8337],[15.5573,49.8321],[15.5608,49.8331],[15.5685,49.8272],[15.5727,49.827],[15.5729,49.8296],[15.5749,49.829],[15.5764,49.8276],[15.5737,49.8251],[15.577,49.8203],[15.5812,49.8182],[15.5829,49.82],[15.5872,49.8175],[15.5917,49.8182],[15.591,49.8157],[15.5934,49.8136],[15.5898,49.811],[15.5908,49.8092],[15.5925,49.8087],[15.5944,49.8114],[15.5988,49.8118],[15.6015,49.81],[15.6048,49.8114],[15.6114,49.8089],[15.6089,49.8089],[15.6114,49.808],[15.612,49.8051],[15.6184,49.8052],[15.6186,49.8011],[15.6216,49.7998],[15.6204,49.7963],[15.618,49.7956],[15.6164,49.7836],[15.6232,49.7882],[15.6267,49.7805],[15.6252,49.7781],[15.6228,49.7789],[15.6218,49.7777],[15.6272,49.7756],[15.6268,49.7717],[15.6365,49.7708],[15.6352,49.7679],[15.6415,49.7689],[15.643,49.766],[15.6466,49.7648],[15.6503,49.7662],[15.6546,49.7622],[15.6559,49.7647],[15.6612,49.763],[15.6717,49.7576],[15.6682,49.7534],[15.672,49.7516],[15.6747,49.7545],[15.6792,49.7549],[15.6785,49.7519],[15.6722,49.7499],[15.6749,49.7444],[15.6754,49.7472],[15.6783,49.7466],[15.6777,49.7441],[15.671,49.7418],[15.669,49.7438],[15.667,49.7434],[15.6684,49.7386],[15.6634,49.7378],[15.6635,49.7354],[15.657,49.7426],[15.6583,49.7415],[15.6545,49.7366],[15.6544,49.7315],[15.6516,49.7321],[15.6514,49.7309],[15.6462,49.7329],[15.6432,49.7309],[15.6401,49.7325],[15.6403,49.7293],[15.6303,49.7327],[15.6307,49.735],[15.6283,49.7367],[15.6293,49.7409],[15.6252,49.7412],[15.6205,49.7442],[15.619,49.7407],[15.6132,49.745],[15.6099,49.7443],[15.6093,49.7423],[15.626,49.7293],[15.6274,49.7261],[15.6302,49.7253],[15.625,49.726],[15.6211,49.7234],[15.6147,49.7291],[15.6148,49.7272],[15.6108,49.7273],[15.6057,49.7226],[15.6061,49.7203],[15.6037,49.7215],[15.6028,49.7204],[15.6048,49.7154],[15.6001,49.7115],[15.6038,49.7093],[15.6007,49.7079],[15.6032,49.7059],[15.5796,49.6997],[15.5772,49.7013],[15.5731,49.701],[15.5741,49.6964],[15.5675,49.6948],[15.5572,49.6848],[15.5568,49.6799],[15.555,49.6801],[15.5524,49.6763],[15.5559,49.6761],[15.5596,49.6696],[15.5549,49.6672],[15.5567,49.6646],[15.5546,49.6615],[15.5561,49.6587],[15.5534,49.653],[15.5571,49.6523],[15.558,49.6467],[15.5538,49.6449],[15.5579,49.6438],[15.5545,49.6384],[15.5554,49.6358],[15.547,49.6335],[15.5422,49.6284],[15.5398,49.6309],[15.5301,49.6281],[15.5328,49.6225],[15.5279,49.6193],[15.525,49.6142],[15.5209,49.6138],[15.5144,49.6172],[15.51,49.6111],[15.5129,49.6053],[15.4941,49.6064],[15.4853,49.6036],[15.4869,49.6029],[15.4846,49.602],[15.4859,49.5997],[15.4905,49.5981],[15.4893,49.597],[15.4871,49.5981],[15.4821,49.5948],[15.4884,49.594],[15.4873,49.5927],[15.489,49.592],[15.4926,49.5925],[15.4918,49.591],[15.494,49.5921],[15.4993,49.5909],[15.4993,49.5841],[15.5076,49.5832],[15.5101,49.5884],[15.5167,49.5862],[15.5169,49.5836],[15.5208,49.5884],[15.5301,49.5853],[15.5494,49.5741],[15.5579,49.5797],[15.5571,49.5836],[15.5591,49.5847],[15.568,49.5836],[15.5715,49.5774],[15.5685,49.5764],[15.5687,49.5746],[15.5724,49.5684],[15.5719,49.5655],[15.5648,49.5668],[15.5634,49.5641],[15.5594,49.5622],[15.5623,49.5589],[15.5603,49.5525],[15.5621,49.5515],[15.5606,49.548],[15.563,49.545],[15.5433,49.5484],[15.5299,49.5474],[15.528,49.5464],[15.5295,49.5453],[15.5283,49.5407],[15.5256,49.5399],[15.5264,49.5366],[15.5212,49.5317],[15.5189,49.5259],[15.5121,49.5241],[15.511,49.5266],[15.5077,49.5251],[15.5087,49.5243],[15.507,49.5256],[15.5018,49.5253],[15.5,49.5345],[15.5021,49.5355],[15.4934,49.5387],[15.49,49.5345],[15.4899,49.531],[15.484,49.5256],[15.4694,49.5206],[15.4684,49.5155],[15.4596,49.5159],[15.4645,49.5121],[15.4614,49.5074],[15.4594,49.5071],[15.4606,49.5047],[15.4456,49.5004],[15.4418,49.4961],[15.4325,49.4918],[15.4239,49.4992],[15.4152,49.5034],[15.4111,49.5084],[15.4112,49.5116],[15.3979,49.515],[15.3919,49.5194],[15.3989,49.5219],[15.4001,49.5255],[15.4031,49.5254],[15.4081,49.5282],[15.4039,49.5345],[15.413,49.5399],[15.4086,49.5474],[15.4133,49.5504],[15.4132,49.5522],[15.4083,49.552],[15.4051,49.55],[15.4032,49.5508],[15.4054,49.5525],[15.4041,49.555],[15.4061,49.5595],[15.4124,49.5656],[15.4133,49.5704],[15.4213,49.5768],[15.4271,49.5763],[15.4274,49.5782],[15.436,49.583],[15.4437,49.582],[15.4383,49.5879],[15.431,49.5879],[15.4269,49.5898],[15.428,49.5932],[15.4332,49.5955],[15.4317,49.5971],[15.4215,49.5998],[15.4149,49.5995],[15.4101,49.5957],[15.4054,49.5967],[15.3987,49.6027],[15.3869,49.6027],[15.3831,49.6089],[15.388,49.6112],[15.388,49.6128],[15.385,49.6118],[15.3749,49.6163],[15.3689,49.6148],[15.3671,49.6182],[15.3637,49.618],[15.3629,49.6204],[15.3571,49.6214],[15.3571,49.626],[15.3515,49.6271],[15.3521,49.6307],[15.3474,49.6229],[15.338,49.619],[15.335,49.6134],[15.3293,49.6163],[15.3265,49.6148],[15.3196,49.6164],[15.3129,49.6143],[15.3069,49.6145],[15.3,49.6161],[15.2977,49.6173],[15.2984,49.6188],[15.2912,49.6145],[15.29,49.6113],[15.2848,49.6119],[15.2723,49.61],[15.2488,49.6155],[15.249,49.6211],[15.2411,49.6256],[15.2417,49.6226],[15.2372,49.6234],[15.2371,49.6212],[15.2347,49.622],[15.2337,49.6201],[15.2298,49.6194],[15.2305,49.615],[15.2243,49.6142],[15.222,49.6124],[15.2169,49.6141],[15.2105,49.6119],[15.2067,49.6142],[15.2051,49.612],[15.2009,49.611],[15.193,49.6189],[15.1888,49.6203],[15.1877,49.6174],[15.187,49.619],[15.1841,49.6193],[15.1821,49.6155],[15.1805,49.6161],[15.1807,49.6145],[15.1779,49.6135],[15.1806,49.61],[15.1761,49.6102],[15.1735,49.6134],[15.1746,49.6146],[15.1719,49.6132],[15.171,49.6141],[15.1697,49.6105],[15.173,49.6092],[15.1709,49.6073],[15.1724,49.6045],[15.1675,49.6024],[15.1676,49.5999],[15.1657,49.5999],[15.1651,49.5968],[15.1633,49.5966],[15.1645,49.5938],[15.1671,49.5938],[15.1655,49.5914],[15.167,49.5901],[15.1649,49.589],[15.1532,49.5916],[15.1537,49.5961],[15.1488,49.5983],[15.1467,49.6022],[15.1422,49.6019],[15.1392,49.6042],[15.1373,49.6038],[15.1404,49.6034],[15.1391,49.6016],[15.1359,49.6032],[15.1364,49.6],[15.1292,49.6011],[15.1256,49.5996],[15.1247,49.6018],[15.1195,49.6033],[15.1191,49.6048],[15.1121,49.6046],[15.1128,49.6088],[15.1166,49.6081],[15.1175,49.6104],[15.1139,49.6105],[15.1122,49.6089],[15.1107,49.6098],[15.1097,49.6072],[15.1021,49.6074],[15.1028,49.6024],[15.0989,49.6033],[15.0983,49.605],[15.0905,49.6025],[15.0876,49.5997],[15.0829,49.6007],[15.0839,49.5975],[15.0809,49.5971],[15.0753,49.5996],[15.0742,49.5977],[15.0692,49.596],[15.0625,49.5969],[15.0559,49.5941],[15.0506,49.5954],[15.0513,49.5967],[15.0456,49.6003],[15.0401,49.6011],[15.0379,49.5995],[15.0362,49.6016],[15.0281,49.5993],[15.0268,49.5973],[15.0246,49.5982],[15.0213,49.5969],[15.016,49.6007],[15.0057,49.6015],[15.0077,49.6037],[15.0017,49.6055],[15.0032,49.6079],[14.9913,49.6071],[14.9849,49.6049],[14.9819,49.606],[14.9747,49.6037],[14.969,49.5958],[14.9757,49.5925],[14.9821,49.5917],[14.9851,49.5862],[14.9906,49.5853],[14.9933,49.5819],[14.9736,49.5785],[14.9598,49.5797],[14.9569,49.5763],[14.9502,49.5777],[14.9475,49.5797],[14.9396,49.5799],[14.9421,49.5752],[14.9396,49.5694],[14.9356,49.5674],[14.9411,49.5657],[14.9465,49.5568],[14.9416,49.5582],[14.9328,49.5576],[14.9309,49.5543],[14.932,49.5494],[14.9264,49.5505],[14.9234,49.5491],[14.9254,49.5457],[14.9216,49.5438],[14.9141,49.5459],[14.9099,49.5431],[14.9024,49.5445],[14.9016,49.5484],[14.8952,49.5531],[14.8915,49.5532],[14.8956,49.5562],[14.8874,49.5611],[14.8865,49.5627],[14.8901,49.5628],[14.8863,49.5636],[14.8839,49.5669],[14.8831,49.5756],[14.8755,49.5727],[14.8783,49.5751],[14.8729,49.5783],[14.876,49.5794],[14.8738,49.5814],[14.875,49.5836],[14.8702,49.5847],[14.8763,49.5842],[14.8777,49.587],[14.868,49.5882],[14.8689,49.5916],[14.8673,49.5918],[14.8655,49.591],[14.8654,49.587],[14.8623,49.5862],[14.8586,49.5881],[14.8551,49.5878],[14.8554,49.5857],[14.8541,49.5865],[14.8485,49.5805],[14.8486,49.5785],[14.8518,49.5777],[14.8508,49.5752],[14.8452,49.5762],[14.8445,49.5802],[14.8395,49.5835],[14.8336,49.5838],[14.8345,49.5849],[14.8273,49.587],[14.8206,49.5917],[14.8204,49.5948],[14.8138,49.6024],[14.8084,49.6024],[14.8074,49.6061],[14.8198,49.6086],[14.8206,49.6102],[14.818,49.6117],[14.8246,49.6155],[14.836,49.6172],[14.8379,49.6156],[14.8417,49.6198],[14.8384,49.62],[14.8366,49.6222],[14.841,49.6261],[14.8397,49.6278],[14.8357,49.6279],[14.8372,49.6339],[14.8339,49.6335],[14.8356,49.637],[14.8304,49.6368],[14.8305,49.6392],[14.8333,49.6395],[14.8331,49.6415],[14.8287,49.6421],[14.8292,49.6449],[14.8332,49.6446],[14.8303,49.6463],[14.8323,49.6474],[14.83,49.65],[14.831,49.6532],[14.8275,49.6539],[14.8151,49.6513],[14.8117,49.6532],[14.8046,49.6528],[14.8026,49.6558],[14.7948,49.6579],[14.7968,49.6589],[14.7952,49.6634],[14.8014,49.6635],[14.803,49.6661],[14.805,49.6654],[14.8041,49.6679],[14.7959,49.6679],[14.7918,49.6696],[14.7919,49.6729],[14.7876,49.673],[14.7857,49.6751],[14.7902,49.6779],[14.791,49.6796],[14.7887,49.6812],[14.795,49.6878],[14.8025,49.6844],[14.8053,49.6889],[14.826,49.6973],[14.825,49.6994],[14.8332,49.7007],[14.8252,49.7102],[14.8333,49.712],[14.8352,49.7157],[14.833,49.7175],[14.8319,49.7242],[14.8337,49.7284],[14.8375,49.7312],[14.8358,49.7338],[14.8395,49.7356],[14.8398,49.7408],[14.8379,49.7422],[14.84,49.7447],[14.8383,49.746],[14.8428,49.7487],[14.8388,49.75],[14.8415,49.7543],[14.8332,49.7527],[14.8272,49.7566],[14.8318,49.7609],[14.829,49.762],[14.8331,49.7662],[14.8316,49.7675],[14.8406,49.768],[14.844,49.7706],[14.8432,49.7728],[14.849,49.7715],[14.8481,49.7725],[14.8516,49.772],[14.8509,49.7729],[14.8544,49.7737],[14.8595,49.7711],[14.8615,49.773],[14.8712,49.7727],[14.8695,49.7683],[14.8819,49.7683],[14.8841,49.7707],[14.8896,49.7695],[14.8927,49.7656],[14.8961,49.7679],[14.8969,49.7715],[14.9023,49.773],[14.8994,49.7755],[14.9016,49.7847],[14.9116,49.7884],[14.9186,49.7943],[14.9245,49.7956],[14.9248,49.7938],[14.9315,49.7922],[14.9335,49.7879],[14.9287,49.7829],[14.931,49.7816],[14.9381,49.782],[14.9372,49.7794],[14.934,49.7784],[14.9377,49.7737],[14.9494,49.7686],[14.9517,49.7653],[14.9508,49.7691],[14.9559,49.7706],[14.9584,49.7698],[14.9669,49.7637],[14.9666,49.7612],[14.9703,49.758],[14.9716,49.7587],[14.9772,49.7556],[14.9782,49.7568],[14.9784,49.7633],[14.9679,49.7726],[14.9703,49.7757],[14.9652,49.7828],[14.9676,49.7835],[14.9658,49.7848],[14.9725,49.785],[14.9746,49.7886],[14.9721,49.791],[14.9613,49.7871],[14.9556,49.7874],[14.9535,49.7917],[14.9452,49.7973],[14.9481,49.799],[14.9474,49.8042],[14.9493,49.8066],[14.939,49.8103],[14.9414,49.8121],[14.9499,49.8114],[14.9511,49.8135],[14.9495,49.8144],[14.9535,49.8173],[14.946,49.8168],[14.9394,49.8206],[14.9282,49.8221],[14.927,49.824],[14.933,49.8303],[14.9271,49.8287],[14.9288,49.8314],[14.9205,49.8302],[14.9186,49.8324],[14.9156,49.8313],[14.9152,49.8328],[14.9134,49.832],[14.9102,49.8339],[14.9078,49.8311],[14.9051,49.8337],[14.9036,49.8322],[14.8969,49.8347],[14.8965,49.8381],[14.8867,49.8435],[14.8855,49.8471],[14.8797,49.8521],[14.8736,49.8526],[14.8723,49.8543],[14.8705,49.8532],[14.8669,49.8548],[14.8649,49.8535],[14.8651,49.8568],[14.8576,49.8633],[14.8532,49.8639],[14.8499,49.8621],[14.8536,49.8661],[14.8569,49.8644],[14.8589,49.8656],[14.851,49.8708],[14.8565,49.8702],[14.8586,49.8735],[14.8638,49.8715],[14.8658,49.8722],[14.8672,49.8703],[14.8747,49.8723],[14.8719,49.8781],[14.8758,49.8799],[14.8747,49.8809],[14.8929,49.8855],[14.8943,49.8931],[14.8994,49.8944],[14.9043,49.8928],[14.9076,49.8945],[14.9141,49.9006],[14.9142,49.9033],[14.9184,49.9023],[14.9202,49.9043],[14.9197,49.9064],[14.9149,49.9052],[14.9139,49.9107],[14.9212,49.9125],[14.9245,49.9109],[14.9324,49.9171],[14.9373,49.9076],[14.9353,49.9067],[14.9412,49.903],[14.9404,49.8994],[14.9357,49.8953],[14.9385,49.8918],[14.9473,49.8881],[14.9529,49.8884],[14.9546,49.889],[14.9556,49.8962],[14.9608,49.8966],[14.9607,49.8946],[14.9636,49.8943],[14.9626,49.8933],[14.9675,49.8927],[14.9725,49.8949],[14.9726,49.8996],[14.976,49.8989],[14.977,49.9005],[14.9847,49.9008],[14.9866,49.9004],[14.9862,49.8977],[14.9912,49.8946],[14.9875,49.8897],[14.9947,49.8896],[14.9916,49.8851],[14.9948,49.8847],[14.9959,49.8804],[14.9991,49.8824],[15.0054,49.8831],[15.0086,49.8797],[15.0117,49.8798],[15.0123,49.8922],[15.0141,49.8955],[15.019,49.895],[15.0195,49.899],[15.0244,49.9006],[15.0205,49.9058],[15.022,49.9096],[15.0273,49.9118],[15.0264,49.9143],[15.0222,49.9155],[15.0225,49.9217],[15.0244,49.9235],[15.0298,49.924],[15.0294,49.9266],[15.0354,49.9273],[15.0415,49.92],[15.0457,49.9198],[15.0488,49.917],[15.0552,49.9149],[15.0695,49.914],[15.07,49.9156],[15.0748,49.9156],[15.0747,49.9177],[15.0803,49.9196],[15.0797,49.9232],[15.0902,49.9219],[15.093,49.9234],[15.1036,49.9188],[15.103,49.9315],[15.1145,49.9346],[15.1103,49.9421],[15.1159,49.9423],[15.1166,49.9443],[15.1146,49.9454],[15.1173,49.9489],[15.1277,49.9513],[15.1275,49.9557],[15.1518,49.9532],[15.1527,49.9568],[15.1587,49.9562],[15.16,49.9628],[15.1663,49.9631],[15.1716,49.9585],[15.1775,49.9592],[15.1811,49.9563],[15.1811,49.9527],[15.1863,49.9531],[15.1953,49.9579],[15.2116,49.9593],[15.2141,49.9621],[15.2171,49.9611],[15.2231,49.9623],[15.2266,49.976],[15.2334,49.9754],[15.2349,49.9793],[15.2408,49.9785],[15.2398,49.9808],[15.2426,49.9818],[15.2447,49.9819],[15.2444,49.9776],[15.2473,49.977],[15.2481,49.9719],[15.2508,49.9709],[15.2518,49.9681],[15.2578,49.9665],[15.2597,49.9692],[15.2621,49.9694],[15.2583,49.9775],[15.2608,49.9812],[15.263,49.9811],[15.2673,49.9882],[15.2761,49.9857],[15.2783,49.9883],[15.2674,49.9909],[15.2689,49.994],[15.2712,49.9937],[15.2694,49.995],[15.2714,49.9975],[15.2749,49.9977],[15.2785,49.995],[15.2807,50.0005],[15.2904,50.0005],[15.2905,50.0039],[15.2943,50.0042],[15.2913,50.0002],[15.2979,49.9967],[15.3031,49.9979],[15.3067,50.0011],[15.3221,49.9942],[15.3251,49.9944],[15.3107,50.0003],[15.3116,50.0053],[15.3182,50.0037],[15.3097,50.0069],[15.3289,50.0103],[15.3279,50.013],[15.3227,50.0162],[15.317,50.0159],[15.3169,50.0184],[15.31,50.0174],[15.3101,50.0224],[15.3147,50.0225],[15.3182,50.0208],[15.3234,50.0271],[15.3293,50.0241],[15.334,50.0245],[15.3406,50.034],[15.347,50.033]]],"crs":null}},{"type":"Feature","properties":{"id":41,"name":"Volební obvod č. 41, sídlo: Benešov","active":false},"geometry":{"type":"Polygon","coordinates":[[[14.6939,50.1329],[14.6991,50.1345],[14.7014,50.1336],[14.7002,50.1323],[14.7023,50.1302],[14.7059,50.1313],[14.709,50.1249],[14.714,50.1232],[14.7103,50.1203],[14.7117,50.1188],[14.7146,50.1199],[14.7153,50.1176],[14.7275,50.1152],[14.7472,50.121],[14.7586,50.1116],[14.756,50.1083],[14.7594,50.1089],[14.7633,50.1033],[14.7595,50.0991],[14.7364,50.0944],[14.7378,50.0913],[14.7306,50.0869],[14.7349,50.0852],[14.7336,50.0821],[14.7367,50.0819],[14.737,50.0837],[14.7441,50.0835],[14.7443,50.082],[14.7492,50.082],[14.7502,50.0802],[14.7423,50.0786],[14.7386,50.0709],[14.7535,50.0711],[14.7523,50.0658],[14.7461,50.0648],[14.7484,50.0585],[14.7547,50.053],[14.7517,50.0474],[14.753,50.0404],[14.7494,50.0392],[14.755,50.0274],[14.7511,50.0234],[14.7614,50.0238],[14.7637,50.0222],[14.7616,50.0129],[14.7707,50.0101],[14.7882,50.0136],[14.7976,50.0123],[14.8028,50.0137],[14.8062,50.0115],[14.8062,50.0066],[14.8079,50.0061],[14.8116,50.0092],[14.8168,50.0087],[14.8312,50.0174],[14.8339,50.0172],[14.8343,50.0125],[14.8363,50.012],[14.8369,50.0167],[14.8544,50.0162],[14.8571,50.0214],[14.85,50.0279],[14.8537,50.0321],[14.8621,50.0332],[14.87,50.0299],[14.8667,50.0138],[14.8683,50.0097],[14.8836,50.0079],[14.8808,50.0007],[14.8872,50.0006],[14.8868,49.9968],[14.8904,49.9921],[14.9001,49.9937],[14.909,49.9894],[14.9091,49.9905],[14.9181,49.9912],[14.9213,49.9858],[14.9193,49.9846],[14.9204,49.9836],[14.9271,49.9859],[14.9307,49.9901],[14.9312,49.9883],[14.9368,49.9907],[14.942,49.9896],[14.936,49.9864],[14.9383,49.982],[14.9314,49.9781],[14.9304,49.9726],[14.9323,49.9675],[14.9281,49.958],[14.9332,49.9578],[14.9307,49.9528],[14.9275,49.951],[14.9303,49.9496],[14.9293,49.9482],[14.9264,49.9483],[14.9276,49.9456],[14.9244,49.9421],[14.9338,49.9391],[14.9286,49.9376],[14.9234,49.9392],[14.9186,49.9524],[14.9097,49.953],[14.8982,49.9477],[14.8942,49.9441],[14.8908,49.9393],[14.8917,49.9364],[14.8865,49.9376],[14.8897,49.9316],[14.8934,49.9301],[14.8965,49.9235],[14.9048,49.9165],[14.9177,49.9176],[14.9176,49.9226],[14.9324,49.9171],[14.9245,49.9109],[14.9212,49.9125],[14.9139,49.9107],[14.9149,49.9052],[14.9197,49.9064],[14.9202,49.9043],[14.9184,49.9023],[14.9142,49.9033],[14.9141,49.9006],[14.9076,49.8945],[14.9043,49.8928],[14.8994,49.8944],[14.8943,49.8931],[14.8929,49.8855],[14.8747,49.8809],[14.8758,49.8799],[14.8719,49.8781],[14.8747,49.8723],[14.8672,49.8703],[14.8658,49.8722],[14.8638,49.8715],[14.8586,49.8735],[14.8565,49.8702],[14.851,49.8708],[14.8589,49.8656],[14.8569,49.8644],[14.8536,49.8661],[14.8499,49.8621],[14.8532,49.8639],[14.8576,49.8633],[14.8651,49.8568],[14.8649,49.8535],[14.8669,49.8548],[14.8705,49.8532],[14.8723,49.8543],[14.8736,49.8526],[14.8797,49.8521],[14.8855,49.8471],[14.8867,49.8435],[14.8965,49.8381],[14.8969,49.8347],[14.9001,49.8332],[14.9036,49.8322],[14.9051,49.8337],[14.9078,49.8311],[14.9102,49.8339],[14.9134,49.832],[14.9152,49.8328],[14.9156,49.8313],[14.9186,49.8324],[14.9205,49.8302],[14.9288,49.8314],[14.9271,49.8287],[14.933,49.8303],[14.927,49.824],[14.9282,49.8221],[14.9394,49.8206],[14.946,49.8168],[14.9535,49.8173],[14.9495,49.8144],[14.9511,49.8135],[14.9499,49.8114],[14.9414,49.8121],[14.939,49.8103],[14.9493,49.8066],[14.9474,49.8042],[14.9481,49.799],[14.9452,49.7973],[14.9535,49.7917],[14.9556,49.7874],[14.9613,49.7871],[14.9721,49.791],[14.9746,49.7886],[14.9725,49.785],[14.9658,49.7848],[14.9676,49.7835],[14.9652,49.7828],[14.9703,49.7757],[14.9679,49.7726],[14.9784,49.7633],[14.9782,49.7568],[14.9772,49.7556],[14.9716,49.7587],[14.9703,49.758],[14.9666,49.7612],[14.9669,49.7637],[14.9584,49.7698],[14.9559,49.7706],[14.9508,49.7691],[14.9517,49.7653],[14.9494,49.7686],[14.9377,49.7737],[14.934,49.7784],[14.9372,49.7794],[14.9381,49.782],[14.931,49.7816],[14.9287,49.7829],[14.9335,49.7879],[14.9315,49.7922],[14.9248,49.7938],[14.9245,49.7956],[14.9186,49.7943],[14.9116,49.7884],[14.9016,49.7847],[14.8994,49.7755],[14.9023,49.773],[14.8969,49.7715],[14.8961,49.7679],[14.8927,49.7656],[14.8896,49.7695],[14.8841,49.7707],[14.8819,49.7683],[14.8695,49.7683],[14.8712,49.7727],[14.8615,49.773],[14.8595,49.7711],[14.8544,49.7737],[14.8509,49.7729],[14.8516,49.772],[14.8481,49.7725],[14.849,49.7715],[14.8432,49.7728],[14.844,49.7706],[14.8406,49.768],[14.8316,49.7675],[14.8331,49.7662],[14.829,49.762],[14.8318,49.7609],[14.8272,49.7566],[14.8332,49.7527],[14.8415,49.7543],[14.8388,49.75],[14.8428,49.7487],[14.8383,49.746],[14.84,49.7447],[14.8379,49.7422],[14.8398,49.7408],[14.8395,49.7356],[14.8358,49.7338],[14.8375,49.7312],[14.8337,49.7284],[14.8319,49.7242],[14.833,49.7175],[14.8352,49.7157],[14.8333,49.712],[14.8252,49.7102],[14.8332,49.7007],[14.825,49.6994],[14.826,49.6973],[14.8053,49.6889],[14.8025,49.6844],[14.795,49.6878],[14.791,49.684],[14.7821,49.6855],[14.7779,49.689],[14.778,49.6866],[14.775,49.6868],[14.7715,49.6848],[14.7696,49.6855],[14.7615,49.6798],[14.7548,49.6799],[14.7506,49.6821],[14.75,49.6794],[14.7467,49.6787],[14.7372,49.6822],[14.7364,49.6803],[14.7356,49.6836],[14.73,49.6815],[14.727,49.6842],[14.7231,49.6779],[14.7197,49.6777],[14.7197,49.6805],[14.716,49.6782],[14.7082,49.6793],[14.7004,49.6725],[14.6969,49.6723],[14.6948,49.6693],[14.6889,49.6708],[14.6821,49.6691],[14.6833,49.6654],[14.6813,49.6642],[14.6805,49.6672],[14.6779,49.6672],[14.6786,49.6697],[14.6698,49.6734],[14.6704,49.6757],[14.6678,49.6772],[14.6728,49.6769],[14.6731,49.6791],[14.681,49.6828],[14.6817,49.6864],[14.679,49.6845],[14.6773,49.6867],[14.681,49.6888],[14.6763,49.6918],[14.6795,49.6978],[14.673,49.6988],[14.676,49.6988],[14.6735,49.7],[14.6733,49.703],[14.6655,49.7067],[14.6646,49.7094],[14.6622,49.7032],[14.6485,49.6975],[14.6504,49.6955],[14.6482,49.6916],[14.643,49.692],[14.6421,49.6937],[14.6305,49.6916],[14.6324,49.6812],[14.6254,49.6842],[14.6217,49.6822],[14.6192,49.6838],[14.6149,49.6832],[14.6117,49.6846],[14.6165,49.6871],[14.6133,49.6879],[14.6133,49.6862],[14.6076,49.6891],[14.6097,49.6903],[14.6065,49.6912],[14.6035,49.6964],[14.6051,49.6972],[14.6093,49.6953],[14.6085,49.6978],[14.6065,49.698],[14.6098,49.7019],[14.6043,49.7025],[14.6036,49.7049],[14.601,49.7042],[14.6014,49.7095],[14.5972,49.7136],[14.5991,49.716],[14.6045,49.7165],[14.6057,49.7179],[14.6014,49.72],[14.6033,49.7215],[14.5976,49.7224],[14.5947,49.7194],[14.5922,49.7192],[14.592,49.7148],[14.5884,49.7117],[14.5903,49.7054],[14.5854,49.7033],[14.5836,49.7053],[14.5825,49.7024],[14.5773,49.7011],[14.5784,49.6979],[14.5743,49.6974],[14.5726,49.695],[14.569,49.695],[14.57,49.6928],[14.5681,49.6919],[14.5631,49.6907],[14.5552,49.6916],[14.5515,49.6946],[14.543,49.6949],[14.5454,49.6975],[14.5382,49.6984],[14.539,49.696],[14.5295,49.696],[14.5191,49.6923],[14.5126,49.6971],[14.5149,49.6977],[14.5157,49.6994],[14.5132,49.7006],[14.5147,49.7016],[14.5069,49.7072],[14.508,49.7094],[14.5062,49.7103],[14.5086,49.7123],[14.5069,49.7159],[14.5033,49.716],[14.5009,49.7145],[14.5017,49.7125],[14.4959,49.7104],[14.4905,49.7111],[14.4866,49.7096],[14.484,49.7129],[14.4801,49.7122],[14.4786,49.7107],[14.4795,49.7007],[14.4659,49.7009],[14.4641,49.7033],[14.4655,49.7086],[14.4674,49.7089],[14.4664,49.7122],[14.4636,49.712],[14.4643,49.7139],[14.461,49.7184],[14.4574,49.7167],[14.4552,49.7183],[14.4513,49.717],[14.4437,49.718],[14.4401,49.7216],[14.4413,49.7229],[14.4388,49.7241],[14.4349,49.723],[14.4353,49.7254],[14.438,49.7266],[14.4356,49.726],[14.436,49.734],[14.4334,49.735],[14.437,49.7359],[14.431,49.7351],[14.4291,49.7328],[14.4302,49.7311],[14.4267,49.7285],[14.425,49.7321],[14.4213,49.7314],[14.4087,49.7348],[14.4117,49.7404],[14.4085,49.7413],[14.4078,49.7436],[14.4128,49.7481],[14.4043,49.748],[14.4046,49.7527],[14.4125,49.7564],[14.4219,49.7554],[14.4289,49.7573],[14.4239,49.7632],[14.409,49.7683],[14.4135,49.7779],[14.4115,49.7929],[14.417,49.796],[14.4255,49.7934],[14.4322,49.7945],[14.4329,49.8001],[14.4216,49.8097],[14.4264,49.8174],[14.4269,49.8224],[14.4317,49.8242],[14.4416,49.8212],[14.4458,49.8217],[14.4478,49.8255],[14.4427,49.8311],[14.4457,49.8331],[14.4519,49.8321],[14.4538,49.8332],[14.4453,49.84],[14.4523,49.8453],[14.4494,49.8478],[14.4502,49.8505],[14.4472,49.8524],[14.4419,49.8519],[14.4398,49.8539],[14.4408,49.857],[14.4268,49.8525],[14.4252,49.8558],[14.4294,49.8561],[14.4304,49.8605],[14.4363,49.8625],[14.4486,49.8612],[14.4519,49.8628],[14.4642,49.859],[14.4753,49.8664],[14.4798,49.8581],[14.4778,49.8553],[14.4815,49.8528],[14.4881,49.8541],[14.4915,49.8535],[14.4919,49.8516],[14.5033,49.8526],[14.5086,49.8587],[14.5123,49.8558],[14.526,49.8567],[14.5309,49.859],[14.5285,49.8627],[14.531,49.8632],[14.5253,49.8654],[14.5271,49.8704],[14.5236,49.873],[14.5293,49.8795],[14.5284,49.8812],[14.534,49.8812],[14.5451,49.8848],[14.5509,49.8908],[14.5503,49.8958],[14.5365,49.8963],[14.5329,49.8979],[14.5349,49.9002],[14.5303,49.9002],[14.5268,49.9049],[14.5249,49.9048],[14.5248,49.9074],[14.5297,49.9079],[14.5234,49.9158],[14.5346,49.9179],[14.5375,49.9254],[14.5421,49.9284],[14.533,49.9348],[14.5235,49.9366],[14.5249,49.9392],[14.533,49.9384],[14.5427,49.944],[14.54,49.944],[14.5378,49.9497],[14.5279,49.9591],[14.527,49.958],[14.5185,49.9597],[14.5168,49.9573],[14.5142,49.9581],[14.5073,49.9542],[14.5073,49.9524],[14.5053,49.9525],[14.5053,49.9542],[14.499,49.9547],[14.4991,49.9566],[14.4965,49.9565],[14.4956,49.9584],[14.4986,49.9604],[14.4962,49.9651],[14.4943,49.965],[14.495,49.9722],[14.492,49.9724],[14.4954,49.974],[14.4942,49.9781],[14.4996,49.978],[14.501,49.9759],[14.506,49.9759],[14.5061,49.9745],[14.5103,49.9761],[14.5115,49.9744],[14.5126,49.9779],[14.5174,49.979],[14.5196,49.9841],[14.5171,49.9944],[14.5135,49.9942],[14.518,49.9945],[14.5192,49.9972],[14.5244,49.9975],[14.5301,50.0008],[14.5211,50.0078],[14.5275,50.0109],[14.5356,50.0118],[14.5424,50.0088],[14.5509,50.0081],[14.5543,50.0122],[14.563,50.0116],[14.5641,50.0098],[14.5676,50.0096],[14.5684,50.0074],[14.5825,50.0164],[14.5818,50.011],[14.5872,50.0115],[14.5892,50.0087],[14.5945,50.0101],[14.595,50.0072],[14.6023,50.0095],[14.604,50.002],[14.6079,50.003],[14.6104,49.9987],[14.6136,50.0001],[14.6193,49.9976],[14.6224,49.9987],[14.6292,49.9956],[14.6341,49.9962],[14.6402,49.9945],[14.647,49.9988],[14.6384,50.0059],[14.6439,50.0066],[14.6456,50.0048],[14.6499,50.0089],[14.6579,50.0044],[14.6627,50.0085],[14.6617,50.0129],[14.6686,50.0135],[14.6696,50.0189],[14.6562,50.031],[14.657,50.0379],[14.6669,50.0386],[14.6539,50.0493],[14.6441,50.0423],[14.6403,50.0485],[14.6403,50.057],[14.6459,50.0588],[14.6449,50.0601],[14.6522,50.0596],[14.6515,50.062],[14.6582,50.0611],[14.6582,50.0624],[14.6672,50.0639],[14.6748,50.0676],[14.6909,50.0721],[14.7001,50.0722],[14.7069,50.0871],[14.704,50.0918],[14.6898,50.0961],[14.6887,50.0989],[14.6904,50.1007],[14.6769,50.1017],[14.6687,50.104],[14.666,50.1027],[14.6607,50.1066],[14.6575,50.1066],[14.6595,50.1242],[14.6776,50.1267],[14.6772,50.1283],[14.6835,50.1309],[14.6813,50.1324],[14.6908,50.1363],[14.6939,50.1329]]],"crs":null}},{"type":"Feature","properties":{"id":43,"name":"Volební obvod č. 43, sídlo: Pardubice","active":false},"geometry":{"type":"Polygon","coordinates":[[[15.3975,50.1979],[15.4141,50.1968],[15.42,50.1929],[15.4203,50.1903],[15.424,50.1904],[15.4249,50.188],[15.4315,50.1895],[15.4325,50.1882],[15.4485,50.186],[15.4463,50.1832],[15.4488,50.1812],[15.4641,50.1812],[15.4618,50.1733],[15.4686,50.1741],[15.4752,50.1722],[15.4787,50.1777],[15.4887,50.1747],[15.4921,50.1761],[15.5017,50.1739],[15.5018,50.1753],[15.5051,50.1757],[15.5082,50.1694],[15.5229,50.1648],[15.5287,50.1683],[15.5323,50.1685],[15.5345,50.1673],[15.5331,50.1658],[15.5346,50.1618],[15.5437,50.1619],[15.543,50.1593],[15.5476,50.1603],[15.5451,50.1595],[15.5461,50.157],[15.5489,50.1543],[15.5522,50.1545],[15.5555,50.1463],[15.5585,50.145],[15.5551,50.1422],[15.5574,50.1398],[15.5615,50.1436],[15.5668,50.142],[15.5711,50.1427],[15.5654,50.1462],[15.5665,50.1501],[15.5701,50.1504],[15.5808,50.1476],[15.5807,50.1367],[15.5838,50.1375],[15.5865,50.1334],[15.5922,50.1346],[15.5909,50.1354],[15.5941,50.1364],[15.5968,50.1337],[15.603,50.1333],[15.5984,50.1346],[15.5961,50.1394],[15.5995,50.14],[15.6001,50.1378],[15.6017,50.139],[15.608,50.1385],[15.6106,50.1362],[15.6191,50.1382],[15.6318,50.1376],[15.6345,50.1336],[15.6363,50.1333],[15.6371,50.135],[15.6413,50.1333],[15.6412,50.135],[15.6464,50.1329],[15.6485,50.1405],[15.658,50.1348],[15.6672,50.1329],[15.6671,50.1297],[15.6734,50.1298],[15.6786,50.1259],[15.6796,50.1286],[15.6847,50.1284],[15.6884,50.1258],[15.6866,50.1239],[15.6977,50.1233],[15.7076,50.1197],[15.7046,50.1179],[15.7096,50.1171],[15.7012,50.1112],[15.7109,50.1125],[15.7121,50.1113],[15.7119,50.1076],[15.7145,50.1063],[15.7118,50.1027],[15.7128,50.0992],[15.7227,50.0872],[15.7184,50.084],[15.7179,50.0747],[15.7241,50.0724],[15.7254,50.0698],[15.7355,50.0726],[15.7468,50.0697],[15.7545,50.0731],[15.756,50.0756],[15.7614,50.0739],[15.7592,50.0738],[15.7595,50.0722],[15.7637,50.0626],[15.7757,50.0627],[15.774,50.0587],[15.7759,50.0564],[15.7811,50.0582],[15.7858,50.0566],[15.7873,50.0599],[15.7894,50.0602],[15.7933,50.0596],[15.7956,50.0562],[15.8096,50.0555],[15.8126,50.0576],[15.8238,50.0583],[15.8304,50.0606],[15.8353,50.0515],[15.8405,50.0507],[15.8409,50.0399],[15.8492,50.0375],[15.8478,50.027],[15.8427,50.0224],[15.8591,50.0169],[15.8596,50.013],[15.8614,50.0124],[15.8652,50.0143],[15.864,50.017],[15.8655,50.0161],[15.8696,50.0187],[15.8744,50.0187],[15.8752,50.024],[15.8813,50.0238],[15.8812,50.0201],[15.8918,50.0172],[15.8891,50.0106],[15.8907,50.0116],[15.8903,50.009],[15.8832,50.0085],[15.8686,49.9951],[15.8698,49.9971],[15.8652,49.9984],[15.8572,49.9964],[15.8567,49.9925],[15.8524,49.9934],[15.8541,49.9954],[15.8496,49.9959],[15.8476,50.0009],[15.8449,49.9984],[15.8415,49.9993],[15.8371,49.9985],[15.8369,49.9972],[15.8338,49.9978],[15.8322,49.9953],[15.8329,49.9922],[15.8352,49.9931],[15.8338,49.9886],[15.8252,49.9885],[15.8247,49.9911],[15.8243,49.9887],[15.8141,49.9869],[15.818,49.987],[15.8221,49.985],[15.8206,49.9789],[15.814,49.9788],[15.813,49.9852],[15.8114,49.9852],[15.8052,49.9751],[15.8035,49.9752],[15.8041,49.9779],[15.795,49.9766],[15.795,49.9784],[15.7854,49.9791],[15.7886,49.9798],[15.7795,49.98],[15.7784,49.9827],[15.7746,49.9833],[15.7738,49.9853],[15.7597,49.9828],[15.7614,49.9838],[15.7594,49.9888],[15.7541,49.9887],[15.7529,49.9908],[15.7496,49.9911],[15.7504,49.9896],[15.7463,49.9907],[15.7432,49.9897],[15.7409,49.9917],[15.7376,49.99],[15.7382,49.9837],[15.7274,49.9835],[15.7317,49.9826],[15.7309,49.9786],[15.7284,49.9778],[15.7168,49.9766],[15.7147,49.9786],[15.7061,49.9799],[15.7009,49.9762],[15.7,49.9732],[15.6958,49.9743],[15.694,49.9727],[15.689,49.9754],[15.686,49.9731],[15.6795,49.975],[15.6799,49.9774],[15.678,49.9755],[15.6736,49.9768],[15.6763,49.9783],[15.6738,49.9791],[15.6712,49.9758],[15.6695,49.9769],[15.6694,49.9746],[15.6659,49.975],[15.6669,49.973],[15.6647,49.9735],[15.6623,49.9672],[15.6586,49.9684],[15.6518,49.9652],[15.6546,49.9612],[15.6449,49.9535],[15.6453,49.9517],[15.6364,49.9496],[15.6321,49.9508],[15.6294,49.9472],[15.6192,49.9463],[15.6191,49.9448],[15.6148,49.9461],[15.6099,49.9421],[15.6017,49.9446],[15.6035,49.9472],[15.6019,49.9478],[15.597,49.9418],[15.593,49.9433],[15.5858,49.9424],[15.5858,49.9376],[15.5815,49.939],[15.5792,49.9422],[15.5754,49.9421],[15.5749,49.9442],[15.5718,49.9457],[15.5662,49.9418],[15.5576,49.9405],[15.5533,49.9442],[15.5515,49.944],[15.5528,49.9474],[15.5466,49.9457],[15.5398,49.9486],[15.5341,49.9468],[15.5309,49.9477],[15.5286,49.9498],[15.5329,49.9523],[15.5279,49.9553],[15.5334,49.959],[15.529,49.9636],[15.5188,49.9631],[15.5202,49.9666],[15.5141,49.9675],[15.5097,49.97],[15.5059,49.9696],[15.505,49.967],[15.5024,49.9677],[15.4725,49.9822],[15.4695,49.9822],[15.461,49.9874],[15.4741,49.9944],[15.4721,49.9973],[15.4751,50.0017],[15.4738,50.0035],[15.4693,50.0027],[15.471,50.0048],[15.4689,50.007],[15.4642,50.0008],[15.4656,49.9991],[15.4594,49.9975],[15.4544,50.0037],[15.4615,50.0066],[15.4576,50.0085],[15.4603,50.0102],[15.4538,50.0108],[15.4455,50.0053],[15.4344,50.0106],[15.4331,50.009],[15.432,50.0107],[15.4295,50.0083],[15.4214,50.011],[15.4209,50.0129],[15.4253,50.0116],[15.4314,50.0165],[15.4258,50.0178],[15.4197,50.0169],[15.4172,50.0189],[15.4126,50.0195],[15.4125,50.0208],[15.4151,50.0207],[15.4173,50.019],[15.4168,50.0213],[15.4074,50.0218],[15.4077,50.0203],[15.4023,50.0184],[15.4022,50.0199],[15.3933,50.0207],[15.3921,50.0224],[15.3851,50.0244],[15.3833,50.0267],[15.3822,50.0249],[15.3816,50.027],[15.3805,50.0254],[15.3793,50.026],[15.3744,50.0295],[15.3735,50.0348],[15.3697,50.0347],[15.3667,50.0395],[15.3629,50.0411],[15.3731,50.0433],[15.3781,50.0473],[15.3857,50.0473],[15.389,50.0444],[15.3922,50.0443],[15.3894,50.0468],[15.3908,50.048],[15.3942,50.046],[15.4027,50.0466],[15.4015,50.0484],[15.4036,50.0506],[15.3963,50.0487],[15.3946,50.0501],[15.397,50.0521],[15.3941,50.0505],[15.3897,50.0523],[15.3835,50.052],[15.3754,50.0558],[15.3769,50.0575],[15.3808,50.0577],[15.3806,50.0606],[15.3882,50.0615],[15.3926,50.0592],[15.3942,50.0617],[15.3962,50.0608],[15.4126,50.0631],[15.4135,50.0745],[15.4068,50.0805],[15.4043,50.0861],[15.4054,50.0871],[15.409,50.0855],[15.4161,50.0891],[15.4204,50.0872],[15.4281,50.0881],[15.4237,50.0884],[15.4156,50.094],[15.4099,50.0907],[15.4076,50.092],[15.4095,50.093],[15.4025,50.0952],[15.401,50.094],[15.4016,50.096],[15.3992,50.0956],[15.4079,50.1054],[15.414,50.1077],[15.4191,50.1063],[15.4197,50.103],[15.4256,50.0993],[15.4373,50.1018],[15.4342,50.1035],[15.4325,50.1109],[15.4374,50.1099],[15.4383,50.1121],[15.4407,50.112],[15.435,50.1153],[15.44,50.1188],[15.4423,50.1187],[15.4481,50.1246],[15.4395,50.1264],[15.4426,50.1273],[15.4403,50.1286],[15.4387,50.1268],[15.4243,50.1303],[15.4137,50.1361],[15.4164,50.1389],[15.4155,50.1405],[15.4102,50.139],[15.4036,50.1411],[15.4059,50.1386],[15.4033,50.135],[15.3909,50.1381],[15.3819,50.1456],[15.3667,50.1438],[15.3489,50.1447],[15.3486,50.1458],[15.36,50.1481],[15.3741,50.1558],[15.375,50.159],[15.3564,50.1633],[15.3561,50.1661],[15.3575,50.1675],[15.3619,50.1656],[15.3665,50.1665],[15.3655,50.1711],[15.3698,50.1698],[15.3708,50.1746],[15.3781,50.1727],[15.3768,50.1736],[15.3786,50.1767],[15.3888,50.183],[15.3897,50.1873],[15.3925,50.1869],[15.388,50.19],[15.3905,50.1927],[15.3929,50.192],[15.3975,50.1979]]],"crs":null}},{"type":"Feature","properties":{"id":44,"name":"Volební obvod č. 44, sídlo: Chrudim","active":false},"geometry":{"type":"Polygon","coordinates":[[[15.8496,49.9959],[15.8541,49.9954],[15.8524,49.9934],[15.8567,49.9925],[15.8572,49.9964],[15.8608,49.997],[15.86,49.9959],[15.8629,49.9953],[15.8637,49.9933],[15.8622,49.9923],[15.8672,49.9901],[15.8662,49.9879],[15.8688,49.9869],[15.869,49.985],[15.8751,49.9851],[15.8783,49.983],[15.889,49.9933],[15.8951,49.9913],[15.8949,49.9899],[15.9006,49.9899],[15.9026,49.9934],[15.9156,49.9859],[15.9178,49.9914],[15.9224,49.9935],[15.9304,49.9863],[15.9414,49.986],[15.9439,49.9807],[15.949,49.9804],[15.9485,49.9771],[15.952,49.9751],[15.9641,49.972],[15.9609,49.9695],[15.9638,49.968],[15.9608,49.9591],[15.9651,49.9581],[15.9666,49.9538],[15.9621,49.9471],[15.9549,49.9471],[15.9503,49.9428],[15.9532,49.9405],[15.9523,49.939],[15.9492,49.9389],[15.9502,49.9338],[15.948,49.9339],[15.9452,49.9287],[15.9385,49.9287],[15.9389,49.9267],[15.9335,49.9264],[15.9338,49.9203],[15.9287,49.9163],[15.9308,49.9168],[15.9323,49.9153],[15.9269,49.9143],[15.9259,49.9094],[15.9239,49.9111],[15.9164,49.909],[15.9136,49.9102],[15.911,49.9058],[15.9054,49.9084],[15.9069,49.8981],[15.9046,49.8859],[15.9082,49.8854],[15.9087,49.8887],[15.9114,49.8893],[15.9098,49.8919],[15.9128,49.892],[15.9139,49.8942],[15.9276,49.893],[15.9346,49.8848],[15.9406,49.8861],[15.94,49.8851],[15.9444,49.8845],[15.9429,49.8808],[15.9445,49.8732],[15.9411,49.866],[15.9429,49.865],[15.9396,49.8639],[15.9388,49.861],[15.944,49.8571],[15.9565,49.8522],[15.9575,49.8543],[15.9543,49.8578],[15.9571,49.8583],[15.9674,49.8477],[15.973,49.8454],[15.9684,49.8438],[15.9762,49.8394],[15.976,49.8374],[15.9732,49.8367],[15.9787,49.8319],[15.9745,49.8297],[15.9782,49.8248],[15.9697,49.8213],[15.9724,49.812],[15.9862,49.812],[15.9926,49.8076],[16.0113,49.8058],[16.0138,49.8043],[16.0153,49.8053],[16.0209,49.803],[16.0221,49.794],[16.0193,49.7955],[16.0047,49.7937],[16.0093,49.7897],[16.0093,49.7833],[15.9978,49.7835],[15.9935,49.7802],[15.9935,49.7783],[15.9956,49.7785],[15.9951,49.7738],[16.0019,49.7708],[16.0031,49.7669],[16.0014,49.7661],[16.0052,49.7654],[16.0054,49.7632],[16.0082,49.7631],[16.0048,49.7627],[16.0064,49.7528],[16.0027,49.7518],[15.9978,49.7434],[16.0023,49.7393],[15.9958,49.738],[15.9946,49.7355],[15.9967,49.7335],[15.9869,49.7278],[15.9827,49.728],[15.9723,49.7196],[15.9701,49.7102],[15.9729,49.7035],[15.967,49.7006],[15.9536,49.7024],[15.9599,49.6913],[15.9509,49.6894],[15.9495,49.6861],[15.9328,49.6888],[15.925,49.686],[15.9179,49.6855],[15.911,49.6922],[15.9032,49.6962],[15.9054,49.6984],[15.8956,49.6975],[15.8903,49.6938],[15.8794,49.6899],[15.8673,49.6805],[15.8627,49.6556],[15.8536,49.6484],[15.848,49.6481],[15.8431,49.6525],[15.8345,49.6549],[15.8349,49.6565],[15.8252,49.652],[15.8238,49.6474],[15.8409,49.6375],[15.8384,49.6282],[15.835,49.6261],[15.8125,49.6327],[15.8007,49.6211],[15.8011,49.6164],[15.7851,49.615],[15.7781,49.6049],[15.7817,49.6008],[15.7802,49.6002],[15.7815,49.5968],[15.7859,49.5957],[15.7929,49.587],[15.7914,49.5824],[15.7941,49.5778],[15.7915,49.5724],[15.7941,49.5695],[15.7862,49.5667],[15.7772,49.5677],[15.7795,49.5625],[15.7785,49.5598],[15.7829,49.565],[15.7851,49.5629],[15.784,49.5598],[15.7875,49.5583],[15.7827,49.5518],[15.7819,49.546],[15.7782,49.5457],[15.7818,49.5423],[15.7754,49.5365],[15.7708,49.5363],[15.77,49.5338],[15.7601,49.5303],[15.7527,49.5346],[15.7267,49.5384],[15.7214,49.5413],[15.7205,49.5437],[15.7147,49.5439],[15.7082,49.536],[15.7143,49.5335],[15.7145,49.5268],[15.7176,49.5194],[15.721,49.5178],[15.7204,49.516],[15.7108,49.5105],[15.7079,49.5121],[15.7054,49.5112],[15.7071,49.5019],[15.7037,49.5001],[15.7004,49.5013],[15.693,49.4982],[15.6909,49.5014],[15.6784,49.5077],[15.6725,49.5082],[15.6655,49.515],[15.6598,49.512],[15.6602,49.5181],[15.664,49.5199],[15.6573,49.5229],[15.647,49.5219],[15.637,49.5236],[15.6354,49.5223],[15.6387,49.5203],[15.6385,49.5171],[15.6226,49.5049],[15.618,49.4982],[15.6094,49.5006],[15.6064,49.4982],[15.6076,49.4929],[15.6179,49.4896],[15.6133,49.4848],[15.6229,49.4811],[15.6226,49.4785],[15.6283,49.4768],[15.6237,49.4748],[15.607,49.4757],[15.6057,49.4742],[15.6022,49.4743],[15.6022,49.4714],[15.5985,49.4684],[15.593,49.4747],[15.5889,49.476],[15.5736,49.4742],[15.5543,49.4865],[15.552,49.4848],[15.5495,49.4871],[15.5397,49.4864],[15.5303,49.4833],[15.5161,49.4817],[15.5035,49.483],[15.4965,49.4859],[15.4904,49.4929],[15.4876,49.492],[15.4849,49.4941],[15.4657,49.4958],[15.4609,49.501],[15.4594,49.5071],[15.4614,49.5074],[15.4645,49.5121],[15.4596,49.5159],[15.4684,49.5155],[15.4694,49.5206],[15.484,49.5256],[15.4899,49.531],[15.49,49.5345],[15.4934,49.5387],[15.5021,49.5355],[15.5,49.5345],[15.5018,49.5253],[15.507,49.5256],[15.5087,49.5243],[15.5077,49.5251],[15.511,49.5266],[15.5121,49.5241],[15.5189,49.5259],[15.5212,49.5317],[15.5264,49.5366],[15.5256,49.5399],[15.5283,49.5407],[15.5295,49.5453],[15.528,49.5464],[15.5299,49.5474],[15.5433,49.5484],[15.563,49.545],[15.5606,49.548],[15.5621,49.5515],[15.5603,49.5525],[15.5623,49.5589],[15.5594,49.5622],[15.5634,49.5641],[15.5648,49.5668],[15.5719,49.5655],[15.5724,49.5684],[15.5685,49.5764],[15.5715,49.5774],[15.568,49.5836],[15.5649,49.585],[15.5571,49.5836],[15.5579,49.5797],[15.5494,49.5741],[15.5301,49.5853],[15.5208,49.5884],[15.5169,49.5836],[15.5167,49.5862],[15.5101,49.5884],[15.5076,49.5832],[15.4993,49.5841],[15.4993,49.5909],[15.494,49.5921],[15.4918,49.591],[15.4926,49.5925],[15.489,49.592],[15.4873,49.5927],[15.4884,49.594],[15.4821,49.5948],[15.4871,49.5981],[15.4893,49.597],[15.4905,49.5981],[15.4859,49.5997],[15.4846,49.602],[15.4869,49.6029],[15.4853,49.6036],[15.4941,49.6064],[15.5129,49.6053],[15.51,49.6111],[15.5144,49.6172],[15.5209,49.6138],[15.525,49.6142],[15.5279,49.6193],[15.5328,49.6225],[15.5301,49.6281],[15.5398,49.6309],[15.5422,49.6284],[15.547,49.6335],[15.5554,49.6358],[15.5545,49.6384],[15.5579,49.6438],[15.5538,49.6449],[15.558,49.6467],[15.5571,49.6523],[15.5534,49.653],[15.5561,49.6587],[15.5546,49.6615],[15.5567,49.6646],[15.5549,49.6672],[15.5596,49.6696],[15.5559,49.6761],[15.5524,49.6763],[15.555,49.6801],[15.5568,49.6799],[15.5572,49.6848],[15.5675,49.6948],[15.5741,49.6964],[15.5731,49.701],[15.5772,49.7013],[15.5796,49.6997],[15.6032,49.7059],[15.6007,49.7079],[15.6038,49.7093],[15.6001,49.7115],[15.6048,49.7154],[15.6028,49.7204],[15.6037,49.7215],[15.6061,49.7203],[15.6057,49.7226],[15.6108,49.7273],[15.6148,49.7272],[15.6147,49.7291],[15.6211,49.7234],[15.625,49.726],[15.6302,49.7253],[15.6274,49.7261],[15.626,49.7293],[15.6093,49.7423],[15.6099,49.7443],[15.6132,49.745],[15.619,49.7407],[15.6205,49.7442],[15.6252,49.7412],[15.6293,49.7409],[15.6283,49.7367],[15.6307,49.735],[15.6303,49.7327],[15.6403,49.7293],[15.6401,49.7325],[15.6432,49.7309],[15.6462,49.7329],[15.6514,49.7309],[15.6516,49.7321],[15.6544,49.7315],[15.6545,49.7366],[15.6583,49.7415],[15.657,49.7426],[15.6635,49.7354],[15.6634,49.7378],[15.6684,49.7386],[15.667,49.7434],[15.669,49.7438],[15.671,49.7418],[15.6777,49.7441],[15.6783,49.7466],[15.6754,49.7472],[15.6749,49.7444],[15.6722,49.7499],[15.6785,49.7519],[15.6792,49.7549],[15.6747,49.7545],[15.672,49.7516],[15.6682,49.7534],[15.6717,49.7576],[15.6612,49.763],[15.6559,49.7647],[15.6546,49.7622],[15.6503,49.7662],[15.6466,49.7648],[15.643,49.766],[15.6415,49.7689],[15.6352,49.7679],[15.6365,49.7708],[15.6268,49.7717],[15.6272,49.7756],[15.6218,49.7777],[15.6228,49.7789],[15.6252,49.7781],[15.6267,49.7805],[15.6232,49.7882],[15.6164,49.7836],[15.618,49.7956],[15.6204,49.7963],[15.6216,49.7998],[15.6186,49.8011],[15.6184,49.8052],[15.612,49.8051],[15.6114,49.808],[15.6089,49.8089],[15.6114,49.8089],[15.6048,49.8114],[15.6015,49.81],[15.5988,49.8118],[15.5944,49.8114],[15.5925,49.8087],[15.5908,49.8092],[15.5898,49.811],[15.5934,49.8136],[15.591,49.8157],[15.5917,49.8182],[15.5872,49.8175],[15.5829,49.82],[15.5812,49.8182],[15.577,49.8203],[15.5737,49.8251],[15.5764,49.8276],[15.5749,49.829],[15.5729,49.8296],[15.5727,49.827],[15.5685,49.8272],[15.5608,49.8331],[15.5573,49.8321],[15.553,49.8337],[15.5472,49.8374],[15.5491,49.8385],[15.5458,49.8405],[15.5408,49.8418],[15.5371,49.8404],[15.5303,49.843],[15.5291,49.8464],[15.5267,49.8461],[15.5212,49.8525],[15.5114,49.8537],[15.5078,49.8568],[15.5019,49.8581],[15.4971,49.8611],[15.5011,49.8625],[15.5009,49.8654],[15.4956,49.8703],[15.4985,49.8716],[15.4994,49.8746],[15.5037,49.872],[15.5047,49.8771],[15.5014,49.8788],[15.5024,49.8821],[15.5054,49.8834],[15.5039,49.8895],[15.4991,49.8911],[15.5009,49.8938],[15.4978,49.8952],[15.4977,49.898],[15.5131,49.8986],[15.5206,49.902],[15.5159,49.9043],[15.5201,49.9108],[15.5183,49.9115],[15.525,49.9153],[15.523,49.9162],[15.5262,49.916],[15.5247,49.918],[15.5281,49.9214],[15.526,49.9234],[15.53,49.9227],[15.5355,49.9275],[15.5321,49.9282],[15.5338,49.9298],[15.5295,49.9304],[15.5233,49.9344],[15.5162,49.9412],[15.5212,49.9458],[15.5276,49.9481],[15.5341,49.9468],[15.5398,49.9486],[15.5466,49.9457],[15.5528,49.9474],[15.5515,49.944],[15.5533,49.9442],[15.5576,49.9405],[15.5662,49.9418],[15.5718,49.9457],[15.5749,49.9442],[15.5754,49.9421],[15.5792,49.9422],[15.5815,49.939],[15.5858,49.9376],[15.5858,49.9424],[15.593,49.9433],[15.597,49.9418],[15.6019,49.9478],[15.6035,49.9472],[15.6017,49.9446],[15.6099,49.9421],[15.6148,49.9461],[15.6191,49.9448],[15.6192,49.9463],[15.6294,49.9472],[15.6321,49.9508],[15.6364,49.9496],[15.6453,49.9517],[15.6449,49.9535],[15.6546,49.9612],[15.6518,49.9652],[15.6586,49.9684],[15.6623,49.9672],[15.6647,49.9735],[15.6669,49.973],[15.6659,49.975],[15.6694,49.9746],[15.6695,49.9769],[15.6712,49.9758],[15.6738,49.9791],[15.6763,49.9783],[15.6736,49.9768],[15.678,49.9755],[15.6799,49.9774],[15.6795,49.975],[15.686,49.9731],[15.689,49.9754],[15.694,49.9727],[15.6958,49.9743],[15.7,49.9732],[15.7009,49.9762],[15.7061,49.9799],[15.7147,49.9786],[15.7168,49.9766],[15.7284,49.9778],[15.7309,49.9786],[15.7317,49.9826],[15.7274,49.9835],[15.7382,49.9837],[15.7376,49.99],[15.7409,49.9917],[15.7432,49.9897],[15.7463,49.9907],[15.7504,49.9896],[15.7496,49.9911],[15.7529,49.9908],[15.7541,49.9887],[15.7594,49.9888],[15.7614,49.9838],[15.7597,49.9828],[15.7738,49.9853],[15.7746,49.9833],[15.7784,49.9827],[15.7795,49.98],[15.7886,49.9798],[15.7854,49.9791],[15.795,49.9784],[15.795,49.9766],[15.8041,49.9779],[15.8035,49.9752],[15.8052,49.9751],[15.8114,49.9852],[15.813,49.9852],[15.814,49.9788],[15.8206,49.9789],[15.8221,49.985],[15.818,49.987],[15.8141,49.9869],[15.8243,49.9887],[15.8247,49.9911],[15.8252,49.9885],[15.8338,49.9886],[15.8352,49.9931],[15.8329,49.9922],[15.8322,49.9953],[15.8338,49.9978],[15.8369,49.9972],[15.8371,49.9985],[15.8415,49.9993],[15.8449,49.9984],[15.8476,50.0009],[15.8496,49.9959]]],"crs":null}},{"type":"Feature","properties":{"id":46,"name":"Volební obvod č. 46, sídlo: Ústí nad Orlicí","active":false},"geometry":{"type":"Polygon","coordinates":[[[16.8629,50.1983],[16.8646,50.1974],[16.8635,50.1931],[16.8674,50.189],[16.8644,50.1821],[16.866,50.177],[16.8579,50.1703],[16.8522,50.1694],[16.8484,50.1651],[16.844,50.151],[16.8382,50.1438],[16.8376,50.1385],[16.8335,50.1346],[16.8359,50.1344],[16.8324,50.1271],[16.8293,50.1259],[16.828,50.1285],[16.8246,50.1276],[16.8258,50.1147],[16.8146,50.1111],[16.8084,50.1115],[16.8048,50.109],[16.8065,50.1036],[16.8161,50.0943],[16.8156,50.0895],[16.8176,50.0873],[16.8244,50.0855],[16.8104,50.0803],[16.7984,50.0693],[16.8003,50.0663],[16.8138,50.0588],[16.8133,50.0569],[16.8065,50.0528],[16.8188,50.0445],[16.8071,50.0381],[16.8071,50.0339],[16.8105,50.0326],[16.8098,50.0313],[16.8055,50.0291],[16.794,50.0296],[16.7916,50.0251],[16.7886,50.027],[16.786,50.0241],[16.7799,50.024],[16.7756,50.0169],[16.7708,50.018],[16.7669,50.0167],[16.7684,50.0072],[16.7603,50.0046],[16.7535,49.9985],[16.7546,49.9975],[16.7487,49.9947],[16.7475,49.9999],[16.7435,50.0013],[16.7208,50.0024],[16.7121,49.9995],[16.7183,49.9855],[16.7273,49.9818],[16.7309,49.9767],[16.7308,49.971],[16.7353,49.9681],[16.7338,49.9541],[16.7317,49.951],[16.7349,49.95],[16.7345,49.9466],[16.7383,49.9452],[16.7421,49.9353],[16.7507,49.9316],[16.746,49.9248],[16.7567,49.92],[16.7549,49.9171],[16.7566,49.9107],[16.7528,49.9081],[16.7573,49.9007],[16.7546,49.8969],[16.7499,49.8945],[16.7598,49.8818],[16.7598,49.878],[16.7692,49.8743],[16.7562,49.8664],[16.7529,49.8655],[16.7492,49.867],[16.7416,49.864],[16.7424,49.8619],[16.7396,49.8588],[16.7377,49.8516],[16.7393,49.8493],[16.7325,49.8458],[16.7179,49.8484],[16.7043,49.8483],[16.7002,49.85],[16.682,49.8492],[16.6631,49.8549],[16.6619,49.8523],[16.6654,49.8494],[16.6605,49.8498],[16.6578,49.8526],[16.6415,49.8602],[16.6341,49.8592],[16.6261,49.8603],[16.624,49.8569],[16.6176,49.8576],[16.6039,49.8458],[16.5879,49.844],[16.5829,49.8392],[16.5669,49.8348],[16.5682,49.8191],[16.5365,49.8197],[16.5417,49.8317],[16.5349,49.8394],[16.5356,49.846],[16.5307,49.8483],[16.5313,49.8504],[16.5284,49.8536],[16.5216,49.8545],[16.5162,49.8516],[16.5074,49.8509],[16.5079,49.853],[16.501,49.8529],[16.4999,49.8508],[16.4965,49.8502],[16.4827,49.8509],[16.4705,49.8479],[16.4734,49.8519],[16.4712,49.8541],[16.4744,49.855],[16.4764,49.8595],[16.4784,49.8592],[16.4776,49.8575],[16.4793,49.8581],[16.4788,49.8633],[16.4761,49.8626],[16.4759,49.8598],[16.4682,49.8512],[16.4652,49.8531],[16.4587,49.8513],[16.4482,49.8542],[16.4397,49.8502],[16.4288,49.8583],[16.4271,49.8615],[16.4237,49.8627],[16.4189,49.8678],[16.417,49.8731],[16.4092,49.8754],[16.407,49.8823],[16.4045,49.8787],[16.406,49.8824],[16.4028,49.8833],[16.4058,49.8853],[16.4044,49.886],[16.4019,49.8863],[16.3983,49.8827],[16.3942,49.8815],[16.3828,49.8843],[16.3599,49.8844],[16.3525,49.8836],[16.3525,49.8822],[16.3415,49.8853],[16.3386,49.8835],[16.3285,49.8894],[16.3255,49.889],[16.3276,49.8912],[16.3147,49.8973],[16.3231,49.9047],[16.3133,49.9056],[16.3061,49.9026],[16.2933,49.904],[16.2884,49.9063],[16.2786,49.9059],[16.2716,49.9094],[16.2724,49.9106],[16.2693,49.9106],[16.2684,49.9131],[16.2591,49.9137],[16.2592,49.9164],[16.2588,49.9142],[16.2571,49.9144],[16.256,49.9182],[16.2486,49.9195],[16.2515,49.9227],[16.2429,49.9236],[16.2335,49.9292],[16.2307,49.9223],[16.2126,49.9274],[16.2083,49.9303],[16.2036,49.9299],[16.2086,49.9219],[16.2021,49.9178],[16.2118,49.9062],[16.1999,49.9012],[16.2035,49.8971],[16.2092,49.8944],[16.2073,49.8901],[16.1928,49.8811],[16.1904,49.8828],[16.1926,49.8846],[16.1902,49.8858],[16.1837,49.8828],[16.1844,49.8849],[16.1798,49.8838],[16.1778,49.887],[16.1751,49.8874],[16.1634,49.8788],[16.1516,49.8754],[16.1488,49.8696],[16.1458,49.8713],[16.1466,49.8765],[16.1345,49.8742],[16.1343,49.8757],[16.1226,49.8763],[16.1208,49.8728],[16.1168,49.8805],[16.1141,49.8775],[16.1073,49.8794],[16.1078,49.8809],[16.1138,49.8797],[16.1091,49.8808],[16.1095,49.8823],[16.1008,49.8804],[16.0896,49.8811],[16.0934,49.8817],[16.0971,49.8859],[16.0913,49.888],[16.0983,49.8921],[16.0929,49.8945],[16.094,49.8965],[16.1021,49.9014],[16.1015,49.9041],[16.1047,49.9038],[16.105,49.9068],[16.0979,49.9148],[16.096,49.9134],[16.0925,49.9146],[16.0867,49.9128],[16.0863,49.9182],[16.0824,49.9202],[16.0845,49.9215],[16.0817,49.9245],[16.086,49.9378],[16.0698,49.9504],[16.0752,49.9509],[16.0786,49.9539],[16.0765,49.9558],[16.0792,49.9571],[16.0769,49.9605],[16.0817,49.9588],[16.0773,49.9635],[16.0785,49.9665],[16.0734,49.9659],[16.0704,49.9695],[16.0754,49.9703],[16.0794,49.9756],[16.0651,49.9831],[16.0662,49.9859],[16.0698,49.9839],[16.0682,49.987],[16.0727,49.9859],[16.0746,49.9839],[16.0731,49.9824],[16.0756,49.9816],[16.08,49.9819],[16.0806,49.9856],[16.0878,49.9866],[16.0885,49.9882],[16.0956,49.9868],[16.1008,49.9954],[16.0983,49.9966],[16.106,50.0025],[16.1138,50.0007],[16.1173,49.9933],[16.1204,49.9937],[16.1205,49.9959],[16.1298,49.9949],[16.1448,49.989],[16.1517,49.992],[16.149,49.9942],[16.1507,49.9974],[16.1547,49.996],[16.1556,49.9928],[16.1612,49.9902],[16.1682,49.9896],[16.1697,49.9852],[16.1681,49.9826],[16.1715,49.9814],[16.1762,49.9832],[16.1861,49.9743],[16.1865,49.969],[16.1928,49.9658],[16.1977,49.9637],[16.1987,49.9647],[16.1951,49.9664],[16.1939,49.972],[16.207,49.9678],[16.2162,49.9684],[16.2216,49.9802],[16.2261,49.9809],[16.2266,49.983],[16.2359,49.983],[16.2343,49.9961],[16.2416,50.0009],[16.247,50.0005],[16.246,50.0046],[16.2484,50.0033],[16.2488,50.0067],[16.2498,50.0029],[16.2522,50.0035],[16.2496,50.0086],[16.252,50.0092],[16.2523,50.0118],[16.2415,50.0138],[16.2444,50.0209],[16.2508,50.0205],[16.2527,50.025],[16.2564,50.026],[16.2564,50.0285],[16.2627,50.0284],[16.2656,50.0311],[16.2722,50.0309],[16.2816,50.0279],[16.2863,50.029],[16.2803,50.0334],[16.2663,50.0367],[16.2694,50.0381],[16.2698,50.0455],[16.2727,50.0457],[16.2732,50.0481],[16.2827,50.046],[16.2799,50.0481],[16.2848,50.0494],[16.2809,50.0512],[16.2823,50.0514],[16.3003,50.0475],[16.3038,50.0448],[16.3083,50.0452],[16.3053,50.0439],[16.3102,50.043],[16.3146,50.0445],[16.3327,50.0404],[16.3304,50.0486],[16.3246,50.0547],[16.3211,50.0571],[16.317,50.0573],[16.3122,50.0608],[16.3126,50.062],[16.3161,50.0607],[16.3188,50.0627],[16.3165,50.068],[16.3245,50.0681],[16.3243,50.0701],[16.3286,50.0702],[16.3333,50.0665],[16.3364,50.071],[16.3442,50.072],[16.347,50.0744],[16.3575,50.0776],[16.3488,50.0798],[16.3442,50.0849],[16.3421,50.0842],[16.34,50.0858],[16.3388,50.0896],[16.3407,50.0924],[16.3529,50.0972],[16.3522,50.1007],[16.375,50.101],[16.3869,50.1083],[16.3939,50.1182],[16.4077,50.1145],[16.4091,50.1153],[16.4074,50.1181],[16.4109,50.1179],[16.4135,50.1208],[16.4159,50.1201],[16.4189,50.1224],[16.4252,50.1192],[16.4303,50.1209],[16.4305,50.1238],[16.4278,50.1235],[16.4228,50.1262],[16.4313,50.1258],[16.4318,50.1275],[16.4344,50.1277],[16.435,50.1307],[16.4362,50.1284],[16.4519,50.1284],[16.4544,50.1318],[16.4723,50.1369],[16.4781,50.1461],[16.4786,50.1634],[16.4965,50.1676],[16.5032,50.1634],[16.5058,50.165],[16.5207,50.1596],[16.5234,50.1513],[16.5267,50.153],[16.5356,50.1478],[16.5402,50.1502],[16.5694,50.1387],[16.5719,50.1412],[16.5756,50.1398],[16.5802,50.1424],[16.5894,50.1401],[16.5954,50.1405],[16.6036,50.134],[16.6136,50.1315],[16.614,50.1251],[16.6252,50.121],[16.6337,50.1114],[16.6413,50.1122],[16.6536,50.1098],[16.6781,50.1038],[16.6888,50.0986],[16.7061,50.0966],[16.7239,50.1053],[16.7291,50.1169],[16.7338,50.1202],[16.7451,50.1347],[16.7509,50.1354],[16.7554,50.134],[16.7834,50.1456],[16.7817,50.1514],[16.7864,50.1533],[16.7945,50.1613],[16.7974,50.1657],[16.8008,50.1801],[16.8055,50.1828],[16.8123,50.191],[16.8169,50.1921],[16.8229,50.1887],[16.8259,50.1946],[16.836,50.1979],[16.8353,50.2024],[16.8487,50.2077],[16.8515,50.2048],[16.862,50.2011],[16.8629,50.1983]]],"crs":null}},{"type":"Feature","properties":{"id":47,"name":"Volební obvod č. 47, sídlo: Náchod","active":false},"geometry":{"type":"Polygon","coordinates":[[[16.334,50.6626],[16.3432,50.6615],[16.3441,50.6574],[16.3495,50.6525],[16.3513,50.6479],[16.3562,50.6467],[16.3614,50.6484],[16.3642,50.6475],[16.3738,50.6366],[16.3796,50.6367],[16.3782,50.6345],[16.3805,50.6304],[16.3946,50.6188],[16.4051,50.6173],[16.4129,50.6102],[16.4231,50.6064],[16.4434,50.5865],[16.445,50.5796],[16.4212,50.5692],[16.4047,50.5693],[16.4041,50.5647],[16.4085,50.5614],[16.4107,50.5564],[16.411,50.5479],[16.3875,50.542],[16.3983,50.5346],[16.3969,50.5333],[16.4019,50.5299],[16.3868,50.5204],[16.374,50.5164],[16.3605,50.5013],[16.3517,50.498],[16.3485,50.4994],[16.3479,50.4966],[16.3439,50.4959],[16.3382,50.4997],[16.3343,50.4998],[16.3326,50.5036],[16.3208,50.5076],[16.3116,50.5062],[16.3095,50.4994],[16.3125,50.4941],[16.3047,50.491],[16.3006,50.4915],[16.2998,50.4852],[16.2942,50.4792],[16.2886,50.4809],[16.2838,50.4799],[16.2736,50.4826],[16.2738,50.4841],[16.2712,50.4847],[16.2712,50.4833],[16.2686,50.4829],[16.2697,50.4796],[16.2748,50.4766],[16.2687,50.4759],[16.2649,50.4801],[16.2588,50.4802],[16.2492,50.4735],[16.2558,50.4677],[16.2435,50.4631],[16.2336,50.4669],[16.2318,50.4662],[16.2355,50.4635],[16.2353,50.4599],[16.2244,50.4608],[16.2205,50.4579],[16.2303,50.4538],[16.2306,50.4508],[16.2341,50.4487],[16.2313,50.443],[16.2241,50.4421],[16.2209,50.4463],[16.2215,50.4509],[16.2172,50.452],[16.2051,50.4487],[16.1989,50.4418],[16.1988,50.4348],[16.1958,50.4322],[16.1984,50.4289],[16.204,50.4296],[16.2099,50.4268],[16.2142,50.4147],[16.2106,50.4113],[16.2219,50.407],[16.2303,50.4122],[16.2382,50.4141],[16.2417,50.4097],[16.253,50.4057],[16.252,50.3997],[16.2474,50.3983],[16.2475,50.3962],[16.2507,50.3935],[16.2631,50.3936],[16.2675,50.3868],[16.2664,50.381],[16.2769,50.3762],[16.2787,50.3675],[16.2818,50.367],[16.28,50.3648],[16.2856,50.3607],[16.2838,50.3585],[16.2781,50.3567],[16.2754,50.3574],[16.2724,50.3532],[16.2709,50.3543],[16.2636,50.3475],[16.2568,50.3468],[16.2557,50.3485],[16.2499,50.3463],[16.2453,50.3485],[16.2407,50.3474],[16.2372,50.3503],[16.2394,50.3521],[16.238,50.3543],[16.2333,50.3549],[16.2307,50.3571],[16.2321,50.3588],[16.2267,50.3598],[16.2217,50.3513],[16.2165,50.3507],[16.2177,50.3479],[16.2143,50.3468],[16.2183,50.3406],[16.212,50.3394],[16.2113,50.3371],[16.2074,50.3387],[16.1983,50.3348],[16.1917,50.3391],[16.1868,50.3394],[16.1849,50.3381],[16.1832,50.3391],[16.1825,50.3353],[16.177,50.3295],[16.1702,50.3261],[16.1579,50.3239],[16.1481,50.3285],[16.1351,50.3215],[16.1226,50.3185],[16.1288,50.3131],[16.1283,50.3041],[16.1164,50.2983],[16.0879,50.3007],[16.0854,50.3023],[16.0846,50.3011],[16.0798,50.3018],[16.0762,50.2985],[16.0775,50.2966],[16.0674,50.2902],[16.0616,50.2918],[16.057,50.2951],[16.0562,50.2995],[16.0544,50.2993],[16.0537,50.3011],[16.0563,50.3013],[16.0527,50.3132],[16.0398,50.3133],[16.025,50.3181],[16.0196,50.3109],[16.0194,50.3067],[16.0162,50.3029],[16.0102,50.303],[16.0101,50.2995],[16.0042,50.3029],[15.9705,50.3023],[15.9766,50.2975],[15.9772,50.2883],[15.9898,50.2832],[15.9877,50.2784],[15.9887,50.2724],[16.0026,50.2648],[15.998,50.2606],[16.0014,50.2589],[15.9994,50.2545],[16.0037,50.2456],[16.0016,50.2393],[16.008,50.2356],[16.0121,50.2355],[16.0146,50.2305],[16.0237,50.2294],[16.0234,50.2278],[16.0321,50.2234],[16.0404,50.2245],[16.0352,50.2214],[16.0361,50.22],[16.0388,50.2203],[16.0332,50.2126],[16.0281,50.211],[16.0299,50.2098],[16.0238,50.2092],[16.0153,50.2048],[16.0146,50.2008],[16.0206,50.2012],[16.0216,50.1993],[16.0196,50.1966],[16.0152,50.1981],[16.0094,50.1891],[16.0062,50.1906],[16.0098,50.1868],[16.0068,50.1838],[16.0091,50.1826],[16.0106,50.1775],[16.0204,50.1725],[16.0143,50.1691],[16.016,50.1713],[16.0147,50.1736],[16.0073,50.1715],[16.0078,50.1731],[16.0058,50.1738],[16.0083,50.1749],[16.0024,50.1745],[16.0041,50.1769],[15.9979,50.1758],[15.9927,50.1777],[15.9923,50.1574],[15.9645,50.1576],[15.9552,50.1614],[15.9536,50.1597],[15.9503,50.1602],[15.9494,50.1639],[15.9413,50.1602],[15.9225,50.1701],[15.9171,50.1707],[15.9271,50.1821],[15.9275,50.1976],[15.925,50.2049],[15.9351,50.2045],[15.935,50.2075],[15.9321,50.2075],[15.9326,50.2088],[15.9301,50.2081],[15.9319,50.2102],[15.9295,50.2107],[15.9296,50.2084],[15.9277,50.2077],[15.9258,50.21],[15.9278,50.2122],[15.9246,50.2114],[15.9242,50.214],[15.9153,50.2163],[15.9148,50.2238],[15.9105,50.2244],[15.9117,50.2228],[15.9089,50.2207],[15.9068,50.2237],[15.9064,50.2263],[15.9104,50.2301],[15.9197,50.2327],[15.9146,50.2444],[15.909,50.2455],[15.9039,50.2421],[15.8981,50.2406],[15.889,50.2448],[15.8864,50.2453],[15.8836,50.2433],[15.8822,50.246],[15.8741,50.2454],[15.8762,50.2478],[15.8743,50.2482],[15.8675,50.2449],[15.8629,50.2477],[15.8685,50.2482],[15.8707,50.2502],[15.8696,50.252],[15.8721,50.2568],[15.8635,50.2624],[15.8595,50.2622],[15.8577,50.2656],[15.8483,50.2655],[15.8428,50.2638],[15.838,50.2674],[15.8346,50.266],[15.8345,50.2621],[15.8299,50.2664],[15.8219,50.267],[15.8209,50.2649],[15.8176,50.265],[15.8164,50.2681],[15.803,50.2692],[15.8024,50.2737],[15.799,50.2733],[15.7994,50.2781],[15.7949,50.2807],[15.7961,50.2818],[15.7891,50.2837],[15.7907,50.2873],[15.7836,50.2864],[15.7817,50.2901],[15.7839,50.292],[15.7812,50.2947],[15.762,50.2959],[15.7579,50.3035],[15.7551,50.3034],[15.7478,50.3082],[15.7435,50.3065],[15.7417,50.3073],[15.7353,50.2988],[15.7281,50.2988],[15.7258,50.2972],[15.7263,50.2983],[15.7219,50.2997],[15.7205,50.3055],[15.7149,50.3049],[15.7154,50.307],[15.7124,50.3071],[15.7146,50.3108],[15.7126,50.3111],[15.7134,50.3125],[15.7112,50.311],[15.7068,50.3125],[15.7046,50.3109],[15.7022,50.3134],[15.6974,50.3148],[15.701,50.3178],[15.6984,50.3198],[15.7025,50.3195],[15.701,50.3215],[15.7078,50.322],[15.71,50.3238],[15.7105,50.3224],[15.723,50.3224],[15.7264,50.3211],[15.7335,50.3224],[15.733,50.3259],[15.7355,50.3267],[15.7368,50.3307],[15.7351,50.3329],[15.7367,50.3369],[15.7416,50.3389],[15.7407,50.3397],[15.748,50.3412],[15.7547,50.3462],[15.7605,50.3458],[15.7608,50.3474],[15.7687,50.3466],[15.7765,50.3511],[15.7806,50.3501],[15.7825,50.3532],[15.7879,50.3447],[15.7885,50.3466],[15.7918,50.3469],[15.7909,50.3497],[15.7954,50.345],[15.7984,50.3457],[15.7979,50.3519],[15.7955,50.3513],[15.7924,50.3584],[15.7953,50.3588],[15.8023,50.3554],[15.8034,50.36],[15.8162,50.3609],[15.823,50.3592],[15.8245,50.3629],[15.8286,50.3586],[15.8322,50.3578],[15.8343,50.3581],[15.8372,50.3632],[15.8488,50.3639],[15.8519,50.3654],[15.8499,50.3678],[15.8546,50.3694],[15.8616,50.3667],[15.8631,50.3679],[15.8612,50.369],[15.8656,50.3708],[15.8624,50.3725],[15.8681,50.3743],[15.8639,50.3763],[15.8648,50.3775],[15.8616,50.3802],[15.8661,50.3801],[15.8715,50.3827],[15.8748,50.3818],[15.8741,50.3841],[15.8767,50.3842],[15.8774,50.3863],[15.8812,50.3839],[15.8851,50.3851],[15.8859,50.3863],[15.882,50.3887],[15.8868,50.3878],[15.8887,50.3891],[15.8888,50.3944],[15.8935,50.3993],[15.8954,50.3991],[15.8964,50.407],[15.9061,50.4065],[15.9159,50.3976],[15.9236,50.3987],[15.9295,50.3945],[15.9327,50.3948],[15.9328,50.3978],[15.936,50.3975],[15.9384,50.4017],[15.9452,50.4002],[15.9453,50.4059],[15.9493,50.4038],[15.9518,50.4071],[15.9449,50.4074],[15.9412,50.4155],[15.9377,50.4193],[15.933,50.4208],[15.9341,50.4256],[15.9299,50.4351],[15.9352,50.4437],[15.9316,50.4452],[15.9315,50.4472],[15.9362,50.4473],[15.9333,50.451],[15.9384,50.4548],[15.9333,50.458],[15.9498,50.4618],[15.9438,50.4653],[15.9458,50.4671],[15.9438,50.4703],[15.9467,50.4704],[15.9509,50.4669],[15.955,50.4668],[15.96,50.4765],[15.9632,50.4765],[15.9657,50.4792],[15.9788,50.4803],[15.983,50.4794],[15.9812,50.4768],[15.9841,50.4727],[16.0004,50.4683],[16.0184,50.472],[16.0128,50.4757],[16.019,50.4804],[16.0289,50.4809],[16.0316,50.4773],[16.0442,50.4742],[16.0475,50.4763],[16.0484,50.4807],[16.0603,50.4809],[16.0656,50.4837],[16.0657,50.4882],[16.0639,50.4879],[16.0629,50.4897],[16.0645,50.4915],[16.0864,50.4898],[16.0959,50.4959],[16.1079,50.4945],[16.1113,50.4987],[16.1016,50.5013],[16.0995,50.5025],[16.1009,50.5041],[16.104,50.5056],[16.1142,50.5023],[16.1179,50.5046],[16.113,50.507],[16.1116,50.5132],[16.1032,50.5168],[16.106,50.5213],[16.1061,50.5272],[16.1087,50.5284],[16.1131,50.5269],[16.1216,50.5324],[16.1288,50.5348],[16.1249,50.5371],[16.1188,50.5375],[16.1175,50.5395],[16.1209,50.5413],[16.13,50.5423],[16.1283,50.5428],[16.1307,50.5442],[16.1279,50.55],[16.1299,50.551],[16.1276,50.5534],[16.13,50.5532],[16.1329,50.5487],[16.1385,50.5506],[16.1396,50.5523],[16.1368,50.5558],[16.1417,50.5586],[16.1471,50.5674],[16.1754,50.5548],[16.182,50.5551],[16.1837,50.5568],[16.1815,50.56],[16.183,50.5607],[16.1848,50.5552],[16.194,50.5532],[16.1942,50.5571],[16.1907,50.5594],[16.193,50.5642],[16.208,50.5711],[16.204,50.575],[16.2045,50.5791],[16.2137,50.5863],[16.2209,50.5887],[16.2169,50.5909],[16.2184,50.5926],[16.2265,50.5894],[16.2278,50.5951],[16.2248,50.5974],[16.2176,50.599],[16.2174,50.6003],[16.2248,50.6007],[16.2351,50.598],[16.2435,50.5854],[16.2479,50.5874],[16.2503,50.5908],[16.2571,50.5927],[16.2668,50.5878],[16.2766,50.5904],[16.271,50.5919],[16.266,50.5956],[16.2648,50.5978],[16.2669,50.6019],[16.2809,50.6171],[16.284,50.6155],[16.295,50.6177],[16.3032,50.6252],[16.3031,50.6272],[16.2964,50.6299],[16.2954,50.632],[16.2957,50.6373],[16.3026,50.6458],[16.3025,50.6499],[16.305,50.6523],[16.2994,50.6608],[16.3051,50.6591],[16.3129,50.6623],[16.3139,50.6645],[16.3222,50.6666],[16.334,50.6626]]],"crs":null}},{"type":"Feature","properties":{"id":49,"name":"Volební obvod č. 49, sídlo: Blansko","active":false},"geometry":{"type":"Polygon","coordinates":[[[16.5615,49.6292],[16.5641,49.6265],[16.5699,49.6281],[16.5729,49.631],[16.5752,49.6272],[16.5862,49.6228],[16.5908,49.6262],[16.6036,49.6213],[16.6142,49.6236],[16.6183,49.6262],[16.6177,49.6273],[16.621,49.6282],[16.6218,49.6333],[16.6279,49.6299],[16.6366,49.629],[16.6507,49.6187],[16.6589,49.625],[16.6661,49.625],[16.6701,49.6232],[16.6653,49.6283],[16.6797,49.623],[16.6919,49.6244],[16.6966,49.6264],[16.6934,49.6246],[16.7155,49.6214],[16.7187,49.6159],[16.7275,49.6151],[16.7428,49.6082],[16.7669,49.602],[16.7739,49.5981],[16.7824,49.596],[16.8041,49.5988],[16.8039,49.5963],[16.797,49.5958],[16.7965,49.593],[16.7932,49.5915],[16.7884,49.5917],[16.7898,49.5871],[16.7948,49.586],[16.7966,49.5812],[16.8027,49.5781],[16.7931,49.5739],[16.7891,49.5744],[16.7841,49.5726],[16.7799,49.574],[16.7777,49.5783],[16.7693,49.5788],[16.765,49.5836],[16.7624,49.578],[16.762,49.5793],[16.752,49.5819],[16.7455,49.5874],[16.7484,49.5838],[16.7457,49.5807],[16.7479,49.579],[16.7443,49.5774],[16.7427,49.5732],[16.7459,49.5699],[16.7456,49.5648],[16.7523,49.5646],[16.751,49.563],[16.7529,49.5599],[16.7482,49.5572],[16.7466,49.5511],[16.74,49.5488],[16.7378,49.5431],[16.7565,49.5449],[16.7595,49.5425],[16.7707,49.5431],[16.7793,49.5408],[16.7821,49.5382],[16.7946,49.5339],[16.8071,49.5332],[16.8123,49.5368],[16.8125,49.534],[16.8206,49.534],[16.8217,49.5321],[16.8257,49.5346],[16.833,49.5323],[16.8309,49.5303],[16.8247,49.5291],[16.8165,49.5317],[16.8112,49.5311],[16.8015,49.524],[16.8044,49.5221],[16.8063,49.5167],[16.8054,49.5126],[16.7972,49.5107],[16.7928,49.5127],[16.7877,49.5096],[16.7908,49.5064],[16.7881,49.4995],[16.7845,49.4969],[16.7919,49.4931],[16.7888,49.4877],[16.7892,49.4856],[16.7925,49.4842],[16.7928,49.4795],[16.7977,49.4752],[16.798,49.4736],[16.7956,49.4727],[16.7975,49.4714],[16.798,49.4564],[16.8026,49.4562],[16.8065,49.4523],[16.8181,49.4519],[16.8184,49.4488],[16.8159,49.4481],[16.8154,49.4452],[16.8185,49.4448],[16.8219,49.4413],[16.8186,49.4396],[16.8275,49.4392],[16.8291,49.4364],[16.8273,49.4318],[16.8233,49.4326],[16.8205,49.4305],[16.8154,49.4319],[16.8108,49.4292],[16.8004,49.4288],[16.7979,49.4248],[16.8002,49.4206],[16.798,49.42],[16.7983,49.4177],[16.7956,49.4169],[16.7946,49.4148],[16.7962,49.4115],[16.7996,49.4104],[16.8027,49.4126],[16.8072,49.4124],[16.8071,49.4091],[16.8044,49.4078],[16.8054,49.4057],[16.8267,49.3997],[16.8356,49.3917],[16.853,49.3868],[16.8596,49.3812],[16.8581,49.3801],[16.8596,49.377],[16.8571,49.3732],[16.8587,49.3709],[16.8545,49.3668],[16.8379,49.3729],[16.8369,49.3765],[16.8265,49.3795],[16.8171,49.3748],[16.8142,49.3677],[16.8294,49.3543],[16.8327,49.3421],[16.8304,49.3401],[16.8313,49.3385],[16.8385,49.3388],[16.8418,49.3371],[16.8387,49.3351],[16.8283,49.3345],[16.8227,49.3297],[16.8183,49.329],[16.8151,49.3199],[16.8078,49.3174],[16.8064,49.3117],[16.8157,49.3105],[16.8176,49.3066],[16.8219,49.3059],[16.8247,49.3028],[16.8296,49.303],[16.8447,49.2977],[16.8361,49.2914],[16.8236,49.292],[16.8128,49.2885],[16.8068,49.2835],[16.8039,49.283],[16.7998,49.284],[16.7969,49.2882],[16.7836,49.2887],[16.779,49.2919],[16.7737,49.2913],[16.7724,49.2884],[16.7645,49.2893],[16.7637,49.2873],[16.7593,49.2877],[16.7582,49.2899],[16.7557,49.2902],[16.7562,49.2879],[16.7525,49.2867],[16.7477,49.2893],[16.7388,49.2902],[16.7332,49.2938],[16.7313,49.292],[16.7248,49.2915],[16.7195,49.2948],[16.7133,49.2933],[16.7015,49.2996],[16.7005,49.3049],[16.6983,49.304],[16.6938,49.3054],[16.6912,49.3082],[16.6861,49.3086],[16.6801,49.306],[16.6737,49.3061],[16.6726,49.3098],[16.6701,49.3111],[16.6678,49.3068],[16.6688,49.3044],[16.6654,49.302],[16.669,49.2986],[16.6645,49.2982],[16.6709,49.2945],[16.6643,49.2966],[16.673,49.2907],[16.6662,49.2846],[16.6558,49.2844],[16.6414,49.2879],[16.6301,49.2944],[16.6302,49.2909],[16.6264,49.2862],[16.63,49.2855],[16.628,49.2852],[16.6222,49.2859],[16.6196,49.2912],[16.6134,49.2916],[16.6051,49.2893],[16.6021,49.29],[16.5992,49.2936],[16.5949,49.2858],[16.5903,49.2856],[16.5885,49.2834],[16.5788,49.283],[16.5804,49.2772],[16.5754,49.2769],[16.5746,49.2756],[16.5777,49.2741],[16.575,49.2709],[16.5695,49.27],[16.5646,49.2717],[16.5612,49.2684],[16.5628,49.2654],[16.5533,49.2658],[16.5561,49.2638],[16.5609,49.2635],[16.562,49.2612],[16.5584,49.2606],[16.56,49.259],[16.5582,49.2588],[16.5581,49.2564],[16.5621,49.2535],[16.5529,49.2528],[16.5525,49.2584],[16.5495,49.2593],[16.5417,49.2555],[16.5427,49.2525],[16.54,49.2506],[16.5385,49.2554],[16.532,49.2549],[16.532,49.2523],[16.5281,49.2509],[16.5344,49.2419],[16.5259,49.2412],[16.517,49.2434],[16.5188,49.2467],[16.5101,49.2496],[16.5019,49.2569],[16.5083,49.2635],[16.4953,49.2718],[16.4938,49.2706],[16.4883,49.2725],[16.4858,49.2774],[16.4788,49.2787],[16.4735,49.2764],[16.4637,49.2828],[16.4629,49.2877],[16.4651,49.2902],[16.4723,49.292],[16.4737,49.2942],[16.4593,49.2997],[16.4615,49.308],[16.4678,49.3175],[16.4615,49.3235],[16.4671,49.3203],[16.4686,49.3252],[16.4655,49.332],[16.4517,49.3357],[16.4495,49.3381],[16.4507,49.3405],[16.4539,49.3412],[16.4574,49.3493],[16.4556,49.3513],[16.4506,49.3519],[16.4483,49.3551],[16.4498,49.3567],[16.4373,49.3621],[16.4357,49.3608],[16.4236,49.3651],[16.4076,49.36],[16.4125,49.3639],[16.4098,49.3664],[16.4004,49.3672],[16.4023,49.3631],[16.3997,49.3626],[16.3987,49.3647],[16.3942,49.3661],[16.387,49.3642],[16.3827,49.3648],[16.3732,49.3706],[16.3733,49.3733],[16.3819,49.3774],[16.3763,49.3773],[16.3716,49.3868],[16.3772,49.3876],[16.3753,49.392],[16.3808,49.3997],[16.3783,49.4009],[16.3785,49.4067],[16.3825,49.4081],[16.3845,49.413],[16.384,49.4146],[16.3815,49.4148],[16.3751,49.4134],[16.3729,49.4115],[16.3695,49.4144],[16.3708,49.4149],[16.3678,49.4181],[16.3728,49.4203],[16.3694,49.4227],[16.375,49.4294],[16.367,49.4345],[16.3649,49.4432],[16.3676,49.4449],[16.3677,49.4489],[16.3786,49.452],[16.3823,49.4569],[16.3724,49.465],[16.3902,49.47],[16.3903,49.4743],[16.3896,49.476],[16.3801,49.4759],[16.3765,49.4804],[16.3817,49.4848],[16.3767,49.4845],[16.3752,49.4817],[16.3628,49.4872],[16.363,49.489],[16.3592,49.4913],[16.3624,49.4934],[16.3628,49.496],[16.3533,49.4989],[16.3551,49.5023],[16.3649,49.5014],[16.3697,49.498],[16.3728,49.4915],[16.3848,49.4929],[16.3878,49.4951],[16.389,49.499],[16.3962,49.5016],[16.4017,49.5094],[16.4046,49.511],[16.4102,49.5108],[16.4183,49.5252],[16.4154,49.5333],[16.4084,49.5395],[16.4003,49.5382],[16.394,49.5401],[16.3872,49.5377],[16.3857,49.5425],[16.3853,49.5414],[16.3793,49.5437],[16.3749,49.5509],[16.3727,49.5509],[16.373,49.5539],[16.3829,49.5552],[16.3849,49.5587],[16.3887,49.5594],[16.3912,49.5623],[16.3898,49.5665],[16.3925,49.5667],[16.3938,49.5765],[16.3921,49.5802],[16.3946,49.58],[16.3988,49.5751],[16.4064,49.5722],[16.4052,49.5774],[16.4204,49.5853],[16.416,49.5901],[16.4171,49.5949],[16.4239,49.5949],[16.4272,49.593],[16.4329,49.5944],[16.4357,49.5986],[16.4366,49.5966],[16.4417,49.599],[16.451,49.5966],[16.4458,49.5916],[16.446,49.5874],[16.4555,49.5905],[16.4589,49.5899],[16.4636,49.593],[16.4727,49.5916],[16.4874,49.6],[16.4924,49.5995],[16.5,49.5925],[16.5063,49.5907],[16.5088,49.592],[16.5174,49.59],[16.5168,49.5922],[16.5332,49.5908],[16.5368,49.5933],[16.54,49.5897],[16.5434,49.5926],[16.5391,49.5984],[16.5444,49.5999],[16.5435,49.6084],[16.5466,49.6083],[16.5467,49.6124],[16.5487,49.6137],[16.5464,49.6167],[16.5481,49.6182],[16.5467,49.6217],[16.5494,49.6245],[16.5484,49.6286],[16.5555,49.6309],[16.5615,49.6292]],[[16.4586,49.3928],[16.4508,49.3794],[16.46,49.3739],[16.4644,49.3767],[16.4668,49.3746],[16.4558,49.3673],[16.4574,49.3645],[16.454,49.3591],[16.4571,49.3577],[16.4612,49.3606],[16.4693,49.3597],[16.476,49.3643],[16.4797,49.3637],[16.4789,49.3655],[16.4852,49.3717],[16.4896,49.3703],[16.4886,49.374],[16.4858,49.3729],[16.4786,49.3789],[16.4757,49.379],[16.4699,49.3752],[16.4668,49.3771],[16.466,49.3826],[16.4749,49.3881],[16.4754,49.3911],[16.4596,49.3948],[16.4586,49.3928]]],"crs":null}},{"type":"Feature","properties":{"id":50,"name":"Volební obvod č. 50, sídlo: Svitavy","active":false},"geometry":{"type":"Polygon","coordinates":[[[16.0124,49.9897],[16.0153,49.9903],[16.0203,49.987],[16.0265,49.9878],[16.0309,49.9907],[16.033,49.9892],[16.0295,49.985],[16.0301,49.9822],[16.0339,49.9779],[16.038,49.9792],[16.0596,49.9774],[16.0615,49.9838],[16.0603,49.9869],[16.0639,49.9889],[16.0682,49.987],[16.0698,49.9839],[16.0662,49.9859],[16.0651,49.9831],[16.0794,49.9756],[16.0754,49.9703],[16.0704,49.9695],[16.0734,49.9659],[16.0785,49.9665],[16.0773,49.9635],[16.0817,49.9588],[16.0769,49.9605],[16.0792,49.9571],[16.0765,49.9558],[16.0786,49.9539],[16.0752,49.9509],[16.0698,49.9504],[16.086,49.9378],[16.0817,49.9245],[16.0845,49.9215],[16.0824,49.9202],[16.0863,49.9182],[16.0867,49.9128],[16.0925,49.9146],[16.096,49.9134],[16.0979,49.9148],[16.105,49.9068],[16.1047,49.9038],[16.1015,49.9041],[16.1021,49.9014],[16.094,49.8965],[16.0929,49.8945],[16.0983,49.8921],[16.0913,49.888],[16.0971,49.8859],[16.0934,49.8817],[16.0896,49.8811],[16.1008,49.8804],[16.1095,49.8823],[16.1091,49.8808],[16.1138,49.8797],[16.1078,49.8809],[16.1073,49.8794],[16.1141,49.8775],[16.1168,49.8805],[16.1208,49.8728],[16.1226,49.8763],[16.1343,49.8757],[16.1345,49.8742],[16.1466,49.8765],[16.1458,49.8713],[16.1488,49.8696],[16.1516,49.8754],[16.1634,49.8788],[16.1751,49.8874],[16.1778,49.887],[16.1798,49.8838],[16.1844,49.8849],[16.1837,49.8828],[16.1902,49.8858],[16.1926,49.8846],[16.1904,49.8828],[16.1928,49.8811],[16.2033,49.887],[16.2073,49.8901],[16.2092,49.8944],[16.2035,49.8971],[16.1999,49.9012],[16.2118,49.9062],[16.2021,49.9178],[16.2086,49.9219],[16.2036,49.9299],[16.2083,49.9303],[16.2126,49.9274],[16.2307,49.9223],[16.2335,49.9292],[16.2364,49.9283],[16.2429,49.9236],[16.2515,49.9227],[16.2486,49.9195],[16.256,49.9182],[16.2571,49.9144],[16.2588,49.9142],[16.2592,49.9164],[16.2591,49.9137],[16.2684,49.9131],[16.2693,49.9106],[16.2724,49.9106],[16.2716,49.9094],[16.2786,49.9059],[16.2884,49.9063],[16.2933,49.904],[16.3061,49.9026],[16.3133,49.9056],[16.3231,49.9047],[16.3147,49.8973],[16.3276,49.8912],[16.3255,49.889],[16.3285,49.8894],[16.3386,49.8835],[16.3415,49.8853],[16.3525,49.8822],[16.3525,49.8836],[16.3599,49.8844],[16.3828,49.8843],[16.3942,49.8815],[16.3983,49.8827],[16.4019,49.8863],[16.4044,49.886],[16.4058,49.8853],[16.4028,49.8833],[16.406,49.8824],[16.4045,49.8787],[16.407,49.8823],[16.4092,49.8754],[16.417,49.8731],[16.4189,49.8678],[16.4237,49.8627],[16.4271,49.8615],[16.4288,49.8583],[16.4397,49.8502],[16.4482,49.8542],[16.4587,49.8513],[16.4652,49.8531],[16.4682,49.8512],[16.4759,49.8598],[16.4761,49.8626],[16.4788,49.8633],[16.4793,49.8581],[16.4776,49.8575],[16.4784,49.8592],[16.4764,49.8595],[16.4744,49.855],[16.4712,49.8541],[16.4734,49.8519],[16.4705,49.8479],[16.4827,49.8509],[16.4965,49.8502],[16.4999,49.8508],[16.501,49.8529],[16.5079,49.853],[16.5074,49.8509],[16.5162,49.8516],[16.5216,49.8545],[16.5284,49.8536],[16.5313,49.8504],[16.5307,49.8483],[16.5356,49.846],[16.5349,49.8394],[16.5417,49.8317],[16.5365,49.8197],[16.5682,49.8191],[16.5669,49.8348],[16.5829,49.8392],[16.5879,49.844],[16.6039,49.8458],[16.6176,49.8576],[16.624,49.8569],[16.6261,49.8603],[16.6341,49.8592],[16.6415,49.8602],[16.6578,49.8526],[16.6605,49.8498],[16.6654,49.8494],[16.6619,49.8523],[16.6631,49.8549],[16.682,49.8492],[16.7002,49.85],[16.7043,49.8483],[16.7179,49.8484],[16.7325,49.8458],[16.7393,49.8493],[16.7377,49.8516],[16.7396,49.8588],[16.7397,49.8528],[16.7377,49.8516],[16.7396,49.8486],[16.7354,49.8453],[16.7394,49.843],[16.74,49.8404],[16.7383,49.8399],[16.7377,49.8413],[16.7367,49.8297],[16.7405,49.8266],[16.745,49.8277],[16.7452,49.8256],[16.7519,49.824],[16.7543,49.8202],[16.7606,49.8183],[16.757,49.8156],[16.7595,49.8103],[16.7559,49.8052],[16.7621,49.8003],[16.7612,49.7975],[16.7662,49.7915],[16.7857,49.776],[16.791,49.7743],[16.7989,49.7748],[16.8013,49.7727],[16.7988,49.7711],[16.8031,49.7673],[16.7968,49.765],[16.7979,49.7613],[16.792,49.759],[16.798,49.7542],[16.8131,49.7486],[16.8068,49.7409],[16.8001,49.7396],[16.7983,49.7349],[16.7899,49.7311],[16.7888,49.7291],[16.7918,49.7266],[16.7983,49.7275],[16.8003,49.7263],[16.8036,49.7271],[16.8058,49.7314],[16.8155,49.7319],[16.8149,49.7271],[16.8179,49.7268],[16.82,49.7292],[16.8284,49.7282],[16.831,49.7295],[16.8377,49.7235],[16.846,49.7213],[16.8428,49.7189],[16.8475,49.7159],[16.8399,49.7058],[16.8469,49.7046],[16.8484,49.7027],[16.843,49.6849],[16.846,49.6811],[16.8421,49.6791],[16.8393,49.6745],[16.8321,49.6738],[16.8266,49.6709],[16.8289,49.6676],[16.8246,49.6655],[16.821,49.6668],[16.8152,49.6645],[16.8097,49.6604],[16.8097,49.6571],[16.8039,49.6566],[16.8051,49.6454],[16.8004,49.6392],[16.8057,49.638],[16.822,49.6234],[16.8212,49.6221],[16.8142,49.6271],[16.8108,49.6272],[16.8123,49.624],[16.8092,49.6229],[16.804,49.6133],[16.804,49.6094],[16.8073,49.6077],[16.8051,49.6053],[16.8019,49.6058],[16.8015,49.6042],[16.8054,49.5993],[16.8041,49.5988],[16.7824,49.596],[16.7739,49.5981],[16.7669,49.602],[16.7428,49.6082],[16.7275,49.6151],[16.7187,49.6159],[16.7155,49.6214],[16.6934,49.6246],[16.6966,49.6264],[16.6919,49.6244],[16.6797,49.623],[16.6653,49.6283],[16.6701,49.6232],[16.6661,49.625],[16.6589,49.625],[16.6507,49.6187],[16.6366,49.629],[16.6279,49.6299],[16.6218,49.6333],[16.621,49.6282],[16.6177,49.6273],[16.6183,49.6262],[16.6142,49.6236],[16.6036,49.6213],[16.5908,49.6262],[16.5862,49.6228],[16.5752,49.6272],[16.5729,49.631],[16.5699,49.6281],[16.5641,49.6265],[16.5615,49.6292],[16.5555,49.6309],[16.5484,49.6286],[16.5494,49.6245],[16.5467,49.6217],[16.5481,49.6182],[16.5464,49.6167],[16.5487,49.6137],[16.5467,49.6124],[16.5466,49.6083],[16.5435,49.6084],[16.5444,49.5999],[16.5391,49.5984],[16.5434,49.5926],[16.54,49.5897],[16.5368,49.5933],[16.5332,49.5908],[16.5168,49.5922],[16.5174,49.59],[16.5088,49.592],[16.5063,49.5907],[16.5,49.5925],[16.4924,49.5995],[16.4874,49.6],[16.4727,49.5916],[16.4636,49.593],[16.4589,49.5899],[16.4555,49.5905],[16.446,49.5874],[16.4458,49.5916],[16.451,49.5966],[16.4417,49.599],[16.4366,49.5966],[16.4357,49.5986],[16.4329,49.5944],[16.4272,49.593],[16.4239,49.5949],[16.4171,49.5949],[16.416,49.5901],[16.4204,49.5853],[16.4052,49.5774],[16.4064,49.5722],[16.3988,49.5751],[16.3946,49.58],[16.3921,49.5802],[16.3868,49.5856],[16.3776,49.5907],[16.3763,49.5964],[16.3705,49.6021],[16.3631,49.601],[16.3566,49.6023],[16.3498,49.6082],[16.3482,49.6132],[16.3246,49.6154],[16.316,49.6199],[16.3103,49.6192],[16.3024,49.6239],[16.2965,49.6181],[16.2911,49.6204],[16.29,49.6191],[16.2872,49.6199],[16.2881,49.6212],[16.2835,49.6265],[16.2699,49.6297],[16.2749,49.6402],[16.2663,49.6406],[16.2579,49.645],[16.2422,49.6601],[16.226,49.6635],[16.2206,49.6668],[16.2058,49.6662],[16.2044,49.6701],[16.1982,49.6724],[16.1937,49.6784],[16.1889,49.6776],[16.1865,49.6736],[16.1791,49.6755],[16.1686,49.6819],[16.1598,49.6815],[16.1509,49.6782],[16.1487,49.6859],[16.1449,49.6865],[16.1395,49.6914],[16.1295,49.6887],[16.1271,49.6866],[16.1159,49.6883],[16.1134,49.6879],[16.1133,49.6862],[16.1098,49.6873],[16.1089,49.6851],[16.103,49.6834],[16.0963,49.6875],[16.0958,49.6922],[16.0886,49.6961],[16.0905,49.6985],[16.0895,49.7014],[16.0827,49.705],[16.0788,49.7102],[16.0704,49.7136],[16.0692,49.7125],[16.0529,49.7164],[16.048,49.7114],[16.0443,49.7136],[16.0364,49.715],[16.0342,49.7173],[16.0203,49.7169],[16.009,49.7239],[16.01,49.7318],[16.0076,49.7321],[16.0059,49.7349],[16.0101,49.7353],[16.0099,49.7378],[16.0052,49.7366],[15.9978,49.7434],[16.0027,49.7518],[16.0064,49.7528],[16.0048,49.7627],[16.0082,49.7631],[16.0054,49.7632],[16.0052,49.7654],[16.0014,49.7661],[16.0031,49.7669],[16.0019,49.7708],[15.9951,49.7738],[15.9956,49.7785],[15.9935,49.7783],[15.9935,49.7802],[15.9978,49.7835],[16.0093,49.7833],[16.0093,49.7897],[16.0047,49.7937],[16.0193,49.7955],[16.0221,49.794],[16.0209,49.803],[16.0153,49.8053],[16.0138,49.8043],[16.0113,49.8058],[15.9926,49.8076],[15.9862,49.812],[15.9724,49.812],[15.9697,49.8213],[15.9782,49.8248],[15.9745,49.8297],[15.9787,49.8319],[15.9732,49.8367],[15.976,49.8374],[15.9762,49.8394],[15.9684,49.8438],[15.973,49.8454],[15.9674,49.8477],[15.9571,49.8583],[15.9543,49.8578],[15.9575,49.8543],[15.9565,49.8522],[15.944,49.8571],[15.9388,49.861],[15.9396,49.8639],[15.9429,49.865],[15.9411,49.866],[15.9445,49.8732],[15.9429,49.8808],[15.9444,49.8845],[15.94,49.8851],[15.9406,49.8861],[15.9346,49.8848],[15.9276,49.893],[15.9139,49.8942],[15.9128,49.892],[15.9098,49.8919],[15.9114,49.8893],[15.9087,49.8887],[15.9082,49.8854],[15.9046,49.8859],[15.9069,49.8981],[15.9054,49.9084],[15.911,49.9058],[15.9136,49.9102],[15.9164,49.909],[15.9239,49.9111],[15.9259,49.9094],[15.9269,49.9143],[15.9323,49.9153],[15.9308,49.9168],[15.9287,49.9163],[15.9338,49.9203],[15.9335,49.9264],[15.9389,49.9267],[15.9385,49.9287],[15.9452,49.9287],[15.948,49.9339],[15.9502,49.9338],[15.9492,49.9389],[15.9523,49.939],[15.9532,49.9405],[15.9503,49.9428],[15.9549,49.9471],[15.9621,49.9471],[15.9666,49.9538],[15.9651,49.9581],[15.9608,49.9591],[15.9638,49.968],[15.9609,49.9695],[15.9669,49.9734],[15.9732,49.9703],[15.9854,49.972],[15.9844,49.9805],[15.9993,49.9795],[16.004,49.9807],[16.0068,49.9829],[16.0101,49.9913],[16.0124,49.9897]]],"crs":null}},{"type":"Feature","properties":{"id":52,"name":"Volební obvod č. 52, sídlo: Jihlava","active":false},"geometry":{"type":"Polygon","coordinates":[[[15.7205,49.5437],[15.7214,49.5413],[15.7267,49.5384],[15.7527,49.5346],[15.7626,49.5295],[15.764,49.5243],[15.7778,49.5178],[15.7767,49.5095],[15.7803,49.5046],[15.7857,49.5015],[15.7899,49.5025],[15.7907,49.4987],[15.7965,49.4972],[15.8008,49.4868],[15.8072,49.4871],[15.8145,49.4826],[15.8163,49.4839],[15.8241,49.4836],[15.8189,49.4788],[15.8241,49.4662],[15.8299,49.4601],[15.8391,49.4563],[15.8386,49.4547],[15.8425,49.4522],[15.8492,49.4492],[15.8547,49.4487],[15.8544,49.4461],[15.858,49.4436],[15.8526,49.4418],[15.8525,49.439],[15.8468,49.4421],[15.8443,49.4394],[15.8499,49.4358],[15.8463,49.4316],[15.8436,49.4183],[15.8372,49.4141],[15.8398,49.4108],[15.8327,49.4137],[15.8272,49.4129],[15.8278,49.411],[15.8222,49.41],[15.8198,49.412],[15.8052,49.415],[15.7963,49.4191],[15.7932,49.4185],[15.7914,49.4151],[15.7851,49.4138],[15.7918,49.4119],[15.7933,49.4136],[15.7937,49.4121],[15.7977,49.4118],[15.795,49.4064],[15.8051,49.4061],[15.8028,49.4044],[15.8068,49.4014],[15.802,49.3999],[15.8009,49.3974],[15.8108,49.3947],[15.8105,49.3937],[15.8079,49.3926],[15.8074,49.3939],[15.8003,49.395],[15.7995,49.3928],[15.8024,49.3898],[15.7993,49.3882],[15.8113,49.3933],[15.8181,49.3933],[15.8162,49.3888],[15.8199,49.3842],[15.8271,49.3822],[15.8244,49.3777],[15.8285,49.3753],[15.8353,49.3624],[15.8552,49.355],[15.8512,49.3531],[15.8497,49.3568],[15.838,49.3572],[15.8338,49.3546],[15.8297,49.3545],[15.827,49.3502],[15.8232,49.3489],[15.8272,49.3454],[15.8226,49.3437],[15.8194,49.3466],[15.8141,49.3462],[15.8074,49.3422],[15.8074,49.3407],[15.805,49.3408],[15.8017,49.3443],[15.7988,49.3439],[15.7969,49.3473],[15.791,49.3509],[15.7856,49.3524],[15.7813,49.3525],[15.7795,49.3485],[15.7732,49.3492],[15.7735,49.345],[15.771,49.3415],[15.7657,49.3408],[15.7675,49.3384],[15.7634,49.3384],[15.766,49.3456],[15.7645,49.346],[15.7611,49.341],[15.7595,49.3422],[15.7614,49.337],[15.7537,49.3366],[15.7529,49.3382],[15.7502,49.3382],[15.752,49.3457],[15.7427,49.3441],[15.7425,49.3361],[15.7487,49.3254],[15.7462,49.3153],[15.7421,49.3129],[15.7402,49.3151],[15.7356,49.3158],[15.7385,49.3124],[15.7358,49.3149],[15.7378,49.3117],[15.7362,49.3115],[15.7348,49.3156],[15.7211,49.3143],[15.7236,49.3097],[15.7343,49.3056],[15.7234,49.3036],[15.7258,49.2971],[15.7283,49.2957],[15.7337,49.2967],[15.7396,49.2951],[15.7371,49.2922],[15.7382,49.2899],[15.733,49.289],[15.7299,49.2843],[15.7295,49.2878],[15.7227,49.2883],[15.7142,49.2857],[15.7132,49.2841],[15.7089,49.2841],[15.7058,49.2806],[15.7004,49.2807],[15.7037,49.2784],[15.6985,49.2782],[15.702,49.2738],[15.7041,49.274],[15.7036,49.2668],[15.7111,49.2621],[15.7214,49.2444],[15.7189,49.2439],[15.7165,49.2392],[15.7137,49.2391],[15.7147,49.2372],[15.7046,49.231],[15.6975,49.2327],[15.689,49.2323],[15.6878,49.2361],[15.6721,49.2408],[15.6695,49.2393],[15.6674,49.2437],[15.6614,49.2454],[15.6637,49.2475],[15.662,49.2497],[15.655,49.252],[15.6572,49.2603],[15.6385,49.2525],[15.6328,49.2463],[15.6368,49.2413],[15.6393,49.2403],[15.6394,49.2425],[15.6418,49.2424],[15.6437,49.2383],[15.6277,49.2374],[15.6336,49.236],[15.6313,49.2334],[15.6291,49.2349],[15.6275,49.2339],[15.6275,49.2367],[15.6229,49.2345],[15.6292,49.2236],[15.6346,49.2233],[15.6353,49.2213],[15.6427,49.2181],[15.6425,49.2117],[15.6308,49.2033],[15.6293,49.1969],[15.6338,49.1944],[15.6426,49.196],[15.6504,49.1945],[15.6478,49.1896],[15.649,49.1846],[15.6446,49.183],[15.6483,49.1831],[15.6474,49.1806],[15.6516,49.1805],[15.6458,49.1751],[15.6551,49.175],[15.6591,49.1712],[15.6578,49.16],[15.6606,49.156],[15.6556,49.1495],[15.6477,49.1466],[15.6451,49.1361],[15.6459,49.1313],[15.6463,49.1326],[15.649,49.1322],[15.6478,49.1311],[15.6495,49.1317],[15.6515,49.1293],[15.6524,49.1268],[15.6494,49.1259],[15.6499,49.1246],[15.6527,49.126],[15.6517,49.124],[15.6467,49.123],[15.6445,49.12],[15.646,49.1175],[15.6434,49.1168],[15.6475,49.1112],[15.6473,49.1073],[15.6432,49.1064],[15.6464,49.1027],[15.6305,49.1022],[15.6321,49.0974],[15.628,49.0953],[15.6217,49.0949],[15.6184,49.0908],[15.6183,49.0852],[15.6145,49.0828],[15.6114,49.0836],[15.6107,49.086],[15.6018,49.0869],[15.5983,49.085],[15.59,49.0845],[15.596,49.0813],[15.5978,49.0765],[15.5899,49.0723],[15.5811,49.0722],[15.5757,49.0743],[15.5715,49.0709],[15.5533,49.0772],[15.5517,49.0718],[15.5568,49.0669],[15.5552,49.0612],[15.5503,49.0619],[15.5406,49.0599],[15.5444,49.057],[15.5431,49.0515],[15.5494,49.05],[15.5458,49.0425],[15.5388,49.0396],[15.5273,49.0393],[15.5249,49.037],[15.53,49.0342],[15.5284,49.0324],[15.5324,49.0302],[15.531,49.0275],[15.5277,49.0276],[15.5337,49.0255],[15.5284,49.0243],[15.5255,49.0214],[15.5168,49.0214],[15.5182,49.0158],[15.5093,49.0175],[15.5073,49.0117],[15.5042,49.0109],[15.5042,49.0077],[15.4918,49.005],[15.4936,49.0001],[15.4873,48.9969],[15.4896,48.9924],[15.4951,48.9892],[15.4976,48.993],[15.5032,48.9925],[15.5083,48.9986],[15.5281,48.9951],[15.5292,48.9912],[15.5246,48.9888],[15.5232,48.981],[15.5209,48.9785],[15.5235,48.9762],[15.5298,48.9741],[15.5491,48.9739],[15.559,48.9719],[15.5725,48.9666],[15.5803,48.9658],[15.5805,48.9629],[15.5781,48.9614],[15.5801,48.9591],[15.5742,48.9583],[15.5735,48.9562],[15.5868,48.947],[15.583,48.9435],[15.5794,48.943],[15.5797,48.9386],[15.5738,48.9398],[15.5713,48.9423],[15.5674,48.942],[15.567,48.94],[15.5718,48.9375],[15.5692,48.9319],[15.5635,48.9321],[15.5608,48.9292],[15.5581,48.9295],[15.5697,48.9278],[15.5631,48.9276],[15.563,48.9257],[15.5607,48.9257],[15.558,48.9224],[15.5539,48.9247],[15.5496,48.9239],[15.5507,48.9177],[15.5466,48.9161],[15.5424,48.9078],[15.5121,48.9148],[15.5061,48.9196],[15.502,48.936],[15.4843,48.9434],[15.477,48.9446],[15.4685,48.9519],[15.4559,48.9453],[15.4505,48.9499],[15.4248,48.9517],[15.4128,48.9564],[15.4034,48.9635],[15.3928,48.9657],[15.389,48.9726],[15.3755,48.9771],[15.367,48.9819],[15.3575,48.9822],[15.3484,48.9848],[15.3361,48.9833],[15.3322,48.9849],[15.3217,48.9762],[15.3121,48.9808],[15.3057,48.978],[15.291,48.9844],[15.2937,48.9891],[15.29,48.9925],[15.2789,48.9947],[15.2758,48.9859],[15.2818,48.9808],[15.2814,48.9794],[15.2719,48.9664],[15.2667,48.9667],[15.2654,48.9641],[15.2673,48.9639],[15.2691,48.9583],[15.2684,48.9571],[15.2619,48.9577],[15.2616,48.9537],[15.2464,48.9596],[15.2408,48.9595],[15.2385,48.9576],[15.2245,48.9602],[15.2128,48.9569],[15.2096,48.9576],[15.2053,48.9536],[15.2,48.9523],[15.1903,48.9433],[15.177,48.9478],[15.1702,48.9431],[15.1657,48.944],[15.1602,48.9418],[15.1591,48.9451],[15.1554,48.9462],[15.1617,48.9531],[15.1624,48.9574],[15.1669,48.9586],[15.1698,48.9623],[15.1656,48.97],[15.1595,48.9722],[15.1632,48.9756],[15.162,48.9778],[15.1532,48.979],[15.1511,48.981],[15.153,48.9846],[15.1575,48.9849],[15.1572,48.9919],[15.1634,48.9942],[15.1715,48.9902],[15.178,48.9907],[15.1809,48.989],[15.1817,48.9907],[15.2019,48.9912],[15.2023,48.9989],[15.216,49.0019],[15.2166,49.0061],[15.2218,49.0079],[15.2209,49.0106],[15.223,49.0109],[15.2153,49.0183],[15.2091,49.0175],[15.2079,49.0196],[15.1938,49.0252],[15.1952,49.0295],[15.201,49.031],[15.2016,49.0331],[15.1992,49.0354],[15.2021,49.0383],[15.2,49.0421],[15.1933,49.0463],[15.1882,49.0427],[15.1783,49.0401],[15.1732,49.0394],[15.1678,49.0411],[15.1734,49.0454],[15.1729,49.0428],[15.1764,49.0422],[15.1939,49.0472],[15.1926,49.0527],[15.1958,49.0557],[15.2051,49.0587],[15.2184,49.0552],[15.229,49.0547],[15.2296,49.051],[15.249,49.0477],[15.2555,49.0421],[15.257,49.0483],[15.2607,49.051],[15.2647,49.0471],[15.2723,49.046],[15.274,49.0384],[15.2761,49.0378],[15.2801,49.0396],[15.292,49.0389],[15.2953,49.0431],[15.3049,49.0418],[15.3065,49.0438],[15.3194,49.04],[15.3341,49.0387],[15.3423,49.035],[15.3453,49.0308],[15.3546,49.0304],[15.3511,49.0248],[15.3529,49.0242],[15.356,49.0274],[15.3565,49.0331],[15.354,49.0339],[15.3497,49.032],[15.355,49.0342],[15.3537,49.0353],[15.3572,49.0344],[15.3627,49.0363],[15.3586,49.0414],[15.3589,49.0443],[15.3619,49.0425],[15.3629,49.046],[15.3494,49.0486],[15.3439,49.0517],[15.3378,49.0563],[15.3331,49.0653],[15.3299,49.0657],[15.3314,49.0692],[15.325,49.0801],[15.3317,49.0797],[15.3274,49.0838],[15.3267,49.0873],[15.3289,49.0887],[15.326,49.0896],[15.3247,49.0935],[15.3152,49.1004],[15.3132,49.1039],[15.3145,49.106],[15.3337,49.1071],[15.3372,49.1041],[15.3361,49.1028],[15.3381,49.1004],[15.3404,49.1017],[15.3511,49.0997],[15.3533,49.1016],[15.3747,49.0956],[15.3812,49.0917],[15.3827,49.0952],[15.3759,49.1034],[15.3806,49.1071],[15.381,49.1121],[15.379,49.1153],[15.382,49.1122],[15.3841,49.1122],[15.3861,49.1152],[15.3843,49.1168],[15.3799,49.1159],[15.3803,49.122],[15.3834,49.1229],[15.3817,49.1249],[15.3842,49.1254],[15.3881,49.1227],[15.3915,49.123],[15.3946,49.1257],[15.3904,49.1285],[15.392,49.13],[15.391,49.1349],[15.386,49.1348],[15.3794,49.138],[15.3801,49.1419],[15.3726,49.1505],[15.3715,49.149],[15.3668,49.1481],[15.3584,49.1505],[15.3606,49.1553],[15.3552,49.1567],[15.3541,49.1555],[15.3574,49.1531],[15.3535,49.153],[15.3433,49.1669],[15.3372,49.1669],[15.3443,49.1728],[15.3418,49.1746],[15.3429,49.1798],[15.3483,49.1844],[15.3477,49.1876],[15.3509,49.1924],[15.3479,49.1936],[15.3491,49.1974],[15.345,49.1995],[15.3424,49.2048],[15.3455,49.2164],[15.3415,49.2184],[15.3312,49.2195],[15.3287,49.2174],[15.3218,49.2174],[15.3203,49.2195],[15.3151,49.2177],[15.3131,49.2187],[15.3132,49.2148],[15.3076,49.2132],[15.2962,49.217],[15.2849,49.2168],[15.2796,49.2103],[15.271,49.2107],[15.2655,49.2148],[15.259,49.2107],[15.2582,49.2076],[15.2524,49.2072],[15.2565,49.2112],[15.254,49.2136],[15.2556,49.2135],[15.2575,49.2177],[15.2554,49.2212],[15.2641,49.2253],[15.2714,49.2359],[15.2774,49.2398],[15.2761,49.2421],[15.2791,49.2463],[15.2681,49.2486],[15.2708,49.2552],[15.2748,49.2584],[15.2739,49.2608],[15.2762,49.2608],[15.2827,49.2715],[15.2823,49.273],[15.2776,49.2725],[15.2751,49.274],[15.2768,49.2763],[15.2851,49.2798],[15.2946,49.2812],[15.2985,49.2836],[15.3002,49.2815],[15.2984,49.2775],[15.2996,49.2737],[15.3098,49.2784],[15.3224,49.276],[15.3351,49.2709],[15.3372,49.274],[15.3307,49.2802],[15.3303,49.2838],[15.3369,49.3008],[15.3446,49.3042],[15.3463,49.3069],[15.3434,49.3134],[15.3492,49.317],[15.3561,49.3142],[15.3614,49.3161],[15.361,49.328],[15.35,49.3317],[15.3528,49.3332],[15.3518,49.3372],[15.3642,49.3369],[15.3694,49.3347],[15.3852,49.3348],[15.3804,49.3366],[15.3789,49.3395],[15.3835,49.3426],[15.3797,49.35],[15.3706,49.3512],[15.3679,49.358],[15.3691,49.362],[15.3802,49.3635],[15.376,49.366],[15.3787,49.3677],[15.3857,49.3678],[15.3934,49.3718],[15.4,49.3712],[15.4132,49.3666],[15.4162,49.3673],[15.4167,49.37],[15.4114,49.3751],[15.3982,49.3771],[15.4003,49.3806],[15.3948,49.3825],[15.3967,49.3836],[15.3958,49.3881],[15.3896,49.3884],[15.3819,49.3864],[15.3743,49.3902],[15.3736,49.3955],[15.3764,49.4009],[15.3809,49.4033],[15.3812,49.41],[15.3929,49.4119],[15.3995,49.4098],[15.401,49.4124],[15.3984,49.4172],[15.3952,49.4187],[15.3868,49.4223],[15.3804,49.4225],[15.3818,49.429],[15.377,49.4325],[15.376,49.4357],[15.3715,49.4376],[15.3701,49.4426],[15.3721,49.4525],[15.3694,49.4604],[15.3652,49.4624],[15.3795,49.4684],[15.3916,49.4776],[15.3943,49.4767],[15.3956,49.4815],[15.3906,49.488],[15.3962,49.486],[15.4007,49.4873],[15.4036,49.4906],[15.4183,49.4945],[15.4204,49.4978],[15.4239,49.4992],[15.4325,49.4918],[15.4418,49.4961],[15.4456,49.5004],[15.4606,49.5047],[15.4609,49.501],[15.4657,49.4958],[15.4849,49.4941],[15.4876,49.492],[15.4904,49.4929],[15.4965,49.4859],[15.5035,49.483],[15.5161,49.4817],[15.5303,49.4833],[15.5397,49.4864],[15.5495,49.4871],[15.552,49.4848],[15.5543,49.4865],[15.5736,49.4742],[15.5889,49.476],[15.593,49.4747],[15.5985,49.4684],[15.6022,49.4714],[15.6022,49.4743],[15.6057,49.4742],[15.607,49.4757],[15.6237,49.4748],[15.6283,49.4768],[15.6226,49.4785],[15.6229,49.4811],[15.6133,49.4848],[15.6179,49.4896],[15.6076,49.4929],[15.6064,49.4982],[15.6094,49.5006],[15.618,49.4982],[15.6226,49.5049],[15.6385,49.5171],[15.6387,49.5203],[15.6354,49.5223],[15.637,49.5236],[15.647,49.5219],[15.6573,49.5229],[15.6624,49.5211],[15.664,49.5199],[15.6602,49.5181],[15.6598,49.512],[15.6655,49.515],[15.6725,49.5082],[15.6784,49.5077],[15.6909,49.5014],[15.693,49.4982],[15.7004,49.5013],[15.7037,49.5001],[15.7071,49.5019],[15.7054,49.5112],[15.7079,49.5121],[15.7108,49.5105],[15.7204,49.516],[15.721,49.5178],[15.7176,49.5194],[15.7145,49.5268],[15.7143,49.5335],[15.7082,49.536],[15.7147,49.5439],[15.7205,49.5437]]],"crs":null}},{"type":"Feature","properties":{"id":53,"name":"Volební obvod č. 53, sídlo: Třebíč","active":false},"geometry":{"type":"Polygon","coordinates":[[[15.8497,49.3568],[15.8512,49.3531],[15.8404,49.3478],[15.8505,49.3438],[15.8544,49.3392],[15.8733,49.337],[15.8764,49.3343],[15.8734,49.3342],[15.8724,49.3296],[15.8779,49.3308],[15.8809,49.3267],[15.8913,49.328],[15.8932,49.33],[15.9012,49.332],[15.9065,49.3316],[15.9078,49.3349],[15.9104,49.3353],[15.9091,49.3375],[15.9117,49.3388],[15.9117,49.3413],[15.9163,49.3445],[15.9203,49.3443],[15.9227,49.3421],[15.9272,49.3436],[15.9334,49.3428],[15.93,49.3399],[15.9316,49.3384],[15.9373,49.3406],[15.9437,49.3367],[15.9387,49.3311],[15.9411,49.3289],[15.9456,49.3289],[15.9459,49.3264],[15.9499,49.327],[15.9463,49.3242],[15.9535,49.3216],[15.951,49.3183],[15.954,49.3116],[15.9576,49.313],[15.9692,49.3102],[15.9721,49.3118],[15.9878,49.3111],[15.9886,49.312],[15.9793,49.3142],[15.9794,49.3157],[15.9827,49.3157],[15.9811,49.3208],[15.9866,49.3208],[15.9834,49.3226],[15.988,49.3253],[16.0003,49.322],[16.0071,49.3229],[16.0068,49.3198],[16.0128,49.3181],[16.0199,49.3202],[16.0264,49.3165],[16.0289,49.3093],[16.0336,49.3069],[16.0341,49.3043],[16.029,49.3016],[16.0327,49.3019],[16.0349,49.298],[16.0425,49.2958],[16.0405,49.2844],[16.0524,49.2856],[16.0563,49.2824],[16.063,49.2812],[16.0616,49.2835],[16.0648,49.2829],[16.0709,49.2861],[16.0789,49.2867],[16.0805,49.2825],[16.077,49.2811],[16.0824,49.2792],[16.0845,49.2756],[16.0826,49.2724],[16.0835,49.2693],[16.0879,49.2688],[16.0887,49.2734],[16.093,49.2752],[16.0988,49.2723],[16.0995,49.2661],[16.1054,49.2627],[16.1205,49.2643],[16.1115,49.27],[16.1182,49.2759],[16.1219,49.2752],[16.1235,49.2802],[16.1294,49.2787],[16.1319,49.2824],[16.1373,49.2808],[16.1381,49.2823],[16.1515,49.2763],[16.1504,49.2791],[16.1428,49.2838],[16.1487,49.2844],[16.155,49.279],[16.1563,49.2746],[16.1627,49.2758],[16.1679,49.2738],[16.1683,49.2759],[16.1781,49.2746],[16.1824,49.2755],[16.1797,49.2723],[16.1807,49.2703],[16.1755,49.2699],[16.1792,49.2683],[16.1774,49.2667],[16.1796,49.2647],[16.1904,49.2645],[16.1864,49.2659],[16.1935,49.2658],[16.1992,49.2633],[16.1952,49.2616],[16.1962,49.263],[16.191,49.2635],[16.1912,49.2616],[16.1885,49.2618],[16.1856,49.2598],[16.1911,49.2554],[16.1927,49.2572],[16.1944,49.2563],[16.1887,49.2515],[16.1964,49.2486],[16.1982,49.2499],[16.1994,49.2464],[16.2051,49.2478],[16.1998,49.2455],[16.2047,49.2416],[16.2162,49.2535],[16.2244,49.2506],[16.2247,49.253],[16.2345,49.2534],[16.2494,49.2513],[16.2512,49.2532],[16.2515,49.2476],[16.2442,49.2384],[16.2443,49.2353],[16.2412,49.2339],[16.2423,49.2323],[16.2401,49.2305],[16.2373,49.2305],[16.2378,49.2284],[16.235,49.2255],[16.2378,49.2212],[16.2359,49.2204],[16.2364,49.2148],[16.2342,49.2123],[16.2351,49.2105],[16.2457,49.2118],[16.2507,49.2091],[16.2606,49.2089],[16.2708,49.2035],[16.2744,49.201],[16.2723,49.1957],[16.2681,49.1969],[16.2674,49.1956],[16.2679,49.1855],[16.2758,49.1841],[16.2699,49.1774],[16.2602,49.1801],[16.2608,49.1775],[16.2587,49.1777],[16.2581,49.1746],[16.2402,49.1762],[16.2332,49.1748],[16.2329,49.1712],[16.2252,49.1642],[16.2311,49.1622],[16.2287,49.1577],[16.2328,49.1602],[16.2351,49.1597],[16.2383,49.1561],[16.238,49.1516],[16.2415,49.1478],[16.246,49.1462],[16.2457,49.1445],[16.2415,49.1429],[16.2391,49.1437],[16.2372,49.1413],[16.2387,49.1402],[16.2337,49.1361],[16.2295,49.1377],[16.2241,49.1348],[16.2201,49.1348],[16.2161,49.1388],[16.2106,49.1402],[16.2039,49.1388],[16.207,49.136],[16.204,49.136],[16.2031,49.1343],[16.2213,49.1234],[16.2499,49.1108],[16.256,49.1095],[16.254,49.1045],[16.2485,49.104],[16.2464,49.0997],[16.2405,49.1],[16.2387,49.0982],[16.2333,49.098],[16.2266,49.0989],[16.2204,49.0972],[16.2164,49.0925],[16.2231,49.0874],[16.2274,49.0866],[16.2268,49.0837],[16.2123,49.0766],[16.216,49.0758],[16.211,49.0716],[16.198,49.0741],[16.1891,49.0709],[16.1836,49.0737],[16.1805,49.0719],[16.1831,49.0714],[16.1823,49.0704],[16.1795,49.0692],[16.1761,49.07],[16.177,49.0714],[16.1745,49.0723],[16.1609,49.0734],[16.1562,49.0695],[16.15,49.0713],[16.1458,49.0683],[16.137,49.0679],[16.1358,49.0643],[16.1331,49.0658],[16.1325,49.0641],[16.1345,49.0634],[16.129,49.0578],[16.1329,49.0551],[16.1389,49.0546],[16.1391,49.051],[16.1441,49.0503],[16.1465,49.0479],[16.1341,49.0434],[16.1308,49.0436],[16.1292,49.046],[16.124,49.0456],[16.1252,49.0444],[16.1206,49.041],[16.1248,49.0398],[16.1184,49.0381],[16.1176,49.0363],[16.1153,49.0385],[16.1038,49.0408],[16.1,49.04],[16.0994,49.0364],[16.0966,49.0387],[16.086,49.0393],[16.0841,49.0357],[16.0882,49.0321],[16.0858,49.0309],[16.0774,49.036],[16.0757,49.0391],[16.0692,49.0381],[16.067,49.0354],[16.0633,49.0358],[16.0563,49.0395],[16.0544,49.0422],[16.0462,49.0401],[16.0444,49.0422],[16.0386,49.0418],[16.0369,49.0461],[16.0333,49.0472],[16.0301,49.0446],[16.0343,49.0407],[16.0333,49.0356],[16.0248,49.0363],[16.0215,49.0294],[16.0127,49.0291],[16.0095,49.027],[15.9974,49.0279],[15.9824,49.0333],[15.9833,49.0351],[15.9807,49.0363],[15.9847,49.0363],[15.9807,49.0397],[15.9782,49.0397],[15.979,49.0374],[15.9765,49.0363],[15.9729,49.0391],[15.9687,49.0392],[15.9723,49.0401],[15.9694,49.0437],[15.9729,49.046],[15.9677,49.0478],[15.9642,49.0519],[15.9666,49.055],[15.9613,49.0574],[15.9508,49.0519],[15.9458,49.0474],[15.9315,49.0511],[15.9337,49.0468],[15.932,49.0427],[15.9346,49.0388],[15.9243,49.0347],[15.9173,49.029],[15.9137,49.0306],[15.909,49.0291],[15.9026,49.0304],[15.9036,49.0323],[15.9105,49.0326],[15.9054,49.0355],[15.8985,49.0365],[15.8947,49.0394],[15.8841,49.0392],[15.8869,49.0329],[15.8834,49.027],[15.8765,49.0212],[15.8812,49.0201],[15.8767,49.0179],[15.8811,49.0144],[15.8739,49.0142],[15.8719,49.0123],[15.8753,49.0085],[15.8668,49.007],[15.8694,49.0104],[15.8673,49.0118],[15.8603,49.0107],[15.8504,49.015],[15.8481,49.0116],[15.8348,49.0133],[15.8274,49.0072],[15.8186,49.011],[15.8138,49.0046],[15.8036,49.0023],[15.7981,48.9992],[15.7968,48.9972],[15.8061,48.9949],[15.8055,48.9937],[15.8026,48.9944],[15.8018,48.9919],[15.7954,48.9918],[15.7949,48.9858],[15.792,48.9842],[15.7806,48.9801],[15.762,48.9796],[15.7581,48.9809],[15.7551,48.9664],[15.7456,48.9696],[15.7416,48.9632],[15.7375,48.9641],[15.7409,48.9623],[15.7392,48.9602],[15.7424,48.9587],[15.7375,48.9547],[15.739,48.9518],[15.7351,48.9512],[15.7305,48.947],[15.7196,48.9564],[15.7173,48.9618],[15.7127,48.9627],[15.7066,48.9657],[15.7063,48.9678],[15.704,48.9679],[15.6907,48.9666],[15.6828,48.9609],[15.6799,48.9613],[15.6787,48.9637],[15.6741,48.9629],[15.669,48.9657],[15.6604,48.9646],[15.6594,48.9633],[15.6639,48.9593],[15.6626,48.9572],[15.665,48.9562],[15.6622,48.9528],[15.6571,48.9522],[15.6581,48.9479],[15.6504,48.9463],[15.6513,48.9431],[15.6482,48.9382],[15.6457,48.9376],[15.6428,48.9385],[15.6397,48.9444],[15.638,48.9445],[15.6374,48.9424],[15.631,48.941],[15.6238,48.9419],[15.621,48.9458],[15.6236,48.9502],[15.6172,48.9518],[15.6155,48.9563],[15.6114,48.9592],[15.6027,48.9574],[15.6042,48.9538],[15.5981,48.9532],[15.5966,48.9558],[15.588,48.9552],[15.5874,48.9494],[15.5893,48.9489],[15.5868,48.947],[15.5735,48.9562],[15.5742,48.9583],[15.5801,48.9591],[15.5781,48.9614],[15.5805,48.9629],[15.5803,48.9658],[15.5725,48.9666],[15.559,48.9719],[15.5491,48.9739],[15.5298,48.9741],[15.5235,48.9762],[15.5209,48.9785],[15.5232,48.981],[15.5246,48.9888],[15.5292,48.9912],[15.5281,48.9951],[15.5083,48.9986],[15.5032,48.9925],[15.4976,48.993],[15.4951,48.9892],[15.4896,48.9924],[15.4873,48.9969],[15.4936,49.0001],[15.4918,49.005],[15.5042,49.0077],[15.5042,49.0109],[15.5073,49.0117],[15.5093,49.0175],[15.5182,49.0158],[15.5168,49.0214],[15.5255,49.0214],[15.5284,49.0243],[15.5337,49.0255],[15.5277,49.0276],[15.531,49.0275],[15.5324,49.0302],[15.5284,49.0324],[15.53,49.0342],[15.5249,49.037],[15.5273,49.0393],[15.5388,49.0396],[15.5458,49.0425],[15.5494,49.05],[15.5431,49.0515],[15.5444,49.057],[15.5406,49.0599],[15.5503,49.0619],[15.5552,49.0612],[15.5568,49.0669],[15.5517,49.0718],[15.5533,49.0772],[15.5715,49.0709],[15.5757,49.0743],[15.5811,49.0722],[15.5899,49.0723],[15.5978,49.0765],[15.596,49.0813],[15.59,49.0845],[15.5983,49.085],[15.6018,49.0869],[15.6107,49.086],[15.6114,49.0836],[15.6145,49.0828],[15.6183,49.0852],[15.6184,49.0908],[15.6217,49.0949],[15.628,49.0953],[15.6321,49.0974],[15.6305,49.1022],[15.6464,49.1027],[15.6432,49.1064],[15.6473,49.1073],[15.6475,49.1112],[15.6434,49.1168],[15.646,49.1175],[15.6445,49.12],[15.6467,49.123],[15.6517,49.124],[15.6527,49.126],[15.6499,49.1246],[15.6494,49.1259],[15.6524,49.1268],[15.6515,49.1293],[15.6495,49.1317],[15.6478,49.1311],[15.649,49.1322],[15.6463,49.1326],[15.6459,49.1313],[15.6451,49.1361],[15.6477,49.1466],[15.6556,49.1495],[15.6606,49.156],[15.6578,49.16],[15.6591,49.1712],[15.6551,49.175],[15.6458,49.1751],[15.6516,49.1805],[15.6474,49.1806],[15.6483,49.1831],[15.6446,49.183],[15.649,49.1846],[15.6478,49.1896],[15.6504,49.1945],[15.6426,49.196],[15.6338,49.1944],[15.6293,49.1969],[15.6308,49.2033],[15.6425,49.2117],[15.6427,49.2181],[15.6353,49.2213],[15.6346,49.2233],[15.6292,49.2236],[15.6229,49.2345],[15.6275,49.2367],[15.6275,49.2339],[15.6291,49.2349],[15.6313,49.2334],[15.6336,49.236],[15.6277,49.2374],[15.6437,49.2383],[15.6418,49.2424],[15.6394,49.2425],[15.6393,49.2403],[15.6368,49.2413],[15.6328,49.2463],[15.6385,49.2525],[15.6572,49.2603],[15.655,49.252],[15.662,49.2497],[15.6637,49.2475],[15.6614,49.2454],[15.6674,49.2437],[15.6695,49.2393],[15.6721,49.2408],[15.6878,49.2361],[15.689,49.2323],[15.6975,49.2327],[15.7046,49.231],[15.7147,49.2372],[15.7137,49.2391],[15.7165,49.2392],[15.7189,49.2439],[15.7214,49.2444],[15.7111,49.2621],[15.7036,49.2668],[15.7041,49.274],[15.702,49.2738],[15.6985,49.2782],[15.7037,49.2784],[15.7004,49.2807],[15.7058,49.2806],[15.7089,49.2841],[15.7132,49.2841],[15.7142,49.2857],[15.7227,49.2883],[15.7295,49.2878],[15.7299,49.2843],[15.733,49.289],[15.7382,49.2899],[15.7371,49.2922],[15.7396,49.2951],[15.7337,49.2967],[15.7283,49.2957],[15.7258,49.2971],[15.7234,49.3036],[15.7343,49.3056],[15.7236,49.3097],[15.7211,49.3143],[15.7348,49.3156],[15.7362,49.3115],[15.7378,49.3117],[15.7358,49.3149],[15.7385,49.3124],[15.7356,49.3158],[15.7402,49.3151],[15.7421,49.3129],[15.7462,49.3153],[15.7487,49.3254],[15.7425,49.3361],[15.7427,49.3441],[15.752,49.3457],[15.7502,49.3382],[15.7529,49.3382],[15.7537,49.3366],[15.7614,49.337],[15.7595,49.3422],[15.7611,49.341],[15.7645,49.346],[15.766,49.3456],[15.7634,49.3384],[15.7675,49.3384],[15.7657,49.3408],[15.771,49.3415],[15.7735,49.345],[15.7732,49.3492],[15.7795,49.3485],[15.7813,49.3525],[15.7856,49.3524],[15.791,49.3509],[15.7969,49.3473],[15.7988,49.3439],[15.8017,49.3443],[15.805,49.3408],[15.8074,49.3407],[15.8074,49.3422],[15.8141,49.3462],[15.8194,49.3466],[15.8226,49.3437],[15.8272,49.3454],[15.8232,49.3489],[15.827,49.3502],[15.8297,49.3545],[15.8338,49.3546],[15.838,49.3572],[15.8497,49.3568]]],"crs":null}},{"type":"Feature","properties":{"id":55,"name":"Volební obvod č. 55, sídlo: Brno-město","active":false},"geometry":{"type":"MultiPolygon","coordinates":[[[[16.3311,49.4713],[16.336,49.471],[16.3373,49.468],[16.3397,49.4691],[16.3456,49.4679],[16.3505,49.4702],[16.3522,49.4688],[16.3504,49.4688],[16.3496,49.4648],[16.3519,49.4634],[16.3459,49.4602],[16.3506,49.4548],[16.352,49.4485],[16.3551,49.4485],[16.358,49.4523],[16.3652,49.4528],[16.3677,49.4489],[16.3676,49.4449],[16.3649,49.4432],[16.367,49.4345],[16.375,49.4294],[16.3694,49.4227],[16.3728,49.4203],[16.3678,49.4181],[16.3708,49.4149],[16.3695,49.4144],[16.3729,49.4115],[16.3751,49.4134],[16.384,49.4146],[16.3825,49.4081],[16.3785,49.4067],[16.3783,49.4009],[16.3808,49.3997],[16.3753,49.392],[16.3772,49.3876],[16.3716,49.3868],[16.3763,49.3773],[16.3819,49.3774],[16.3733,49.3733],[16.3732,49.3706],[16.3827,49.3648],[16.387,49.3642],[16.3942,49.3661],[16.3987,49.3647],[16.3997,49.3626],[16.4023,49.3631],[16.4004,49.3672],[16.4098,49.3664],[16.4125,49.3639],[16.4076,49.36],[16.4236,49.3651],[16.4357,49.3608],[16.4373,49.3621],[16.4498,49.3567],[16.4483,49.3551],[16.4506,49.3519],[16.4556,49.3513],[16.4574,49.3493],[16.4539,49.3412],[16.4507,49.3405],[16.4495,49.3381],[16.4517,49.3357],[16.4655,49.332],[16.4686,49.3252],[16.4671,49.3203],[16.4615,49.3235],[16.4678,49.3175],[16.4615,49.308],[16.4593,49.2997],[16.4737,49.2942],[16.4723,49.292],[16.4651,49.2902],[16.4629,49.2877],[16.4637,49.2828],[16.4735,49.2764],[16.4788,49.2787],[16.4858,49.2774],[16.4883,49.2725],[16.4938,49.2706],[16.4953,49.2718],[16.5083,49.2635],[16.5019,49.2569],[16.5101,49.2496],[16.5188,49.2467],[16.517,49.2434],[16.5259,49.2412],[16.5344,49.2419],[16.5402,49.239],[16.5362,49.233],[16.5384,49.2298],[16.5346,49.2258],[16.537,49.2202],[16.5279,49.2185],[16.5264,49.2119],[16.5233,49.2109],[16.5247,49.209],[16.5344,49.2103],[16.5373,49.2078],[16.5352,49.2032],[16.5245,49.1913],[16.5168,49.1904],[16.5108,49.196],[16.5092,49.1942],[16.5043,49.1945],[16.5049,49.1935],[16.4948,49.1941],[16.4948,49.1864],[16.4989,49.1836],[16.5149,49.1785],[16.5183,49.1758],[16.518,49.1715],[16.5294,49.1643],[16.5317,49.167],[16.5407,49.1699],[16.5489,49.1687],[16.5478,49.1677],[16.5533,49.1644],[16.5548,49.1568],[16.5578,49.1556],[16.5565,49.1542],[16.5584,49.1529],[16.5612,49.1523],[16.564,49.1544],[16.5766,49.1569],[16.5741,49.1593],[16.5751,49.1616],[16.5776,49.1618],[16.5792,49.1596],[16.5939,49.1588],[16.595,49.1575],[16.5904,49.1548],[16.5963,49.1513],[16.5897,49.1359],[16.5992,49.135],[16.5994,49.1374],[16.6065,49.1386],[16.6159,49.136],[16.6317,49.1373],[16.6339,49.1461],[16.6403,49.1451],[16.6396,49.1341],[16.642,49.1318],[16.6323,49.1319],[16.6319,49.1255],[16.6269,49.1257],[16.6241,49.1136],[16.6263,49.1099],[16.6064,49.1081],[16.6058,49.1052],[16.6024,49.1046],[16.6022,49.103],[16.599,49.1033],[16.5991,49.1049],[16.595,49.1049],[16.5895,49.1013],[16.5847,49.1043],[16.5821,49.1038],[16.5651,49.0939],[16.5707,49.0913],[16.5701,49.0882],[16.5788,49.0817],[16.5732,49.0765],[16.5788,49.0742],[16.5729,49.068],[16.5801,49.0643],[16.5742,49.0583],[16.5789,49.0564],[16.5765,49.0552],[16.577,49.0534],[16.5878,49.0485],[16.5832,49.0471],[16.5876,49.0461],[16.5898,49.0432],[16.5915,49.043],[16.5945,49.0496],[16.6036,49.0452],[16.6038,49.0421],[16.6008,49.0403],[16.609,49.0372],[16.6053,49.0345],[16.6148,49.028],[16.6194,49.0276],[16.6224,49.023],[16.6256,49.025],[16.6361,49.0196],[16.6383,49.0205],[16.6339,49.0218],[16.6426,49.029],[16.6426,49.0319],[16.6515,49.0329],[16.6513,49.0344],[16.6571,49.0361],[16.6842,49.0328],[16.6908,49.0307],[16.6946,49.033],[16.6996,49.0286],[16.6858,49.0212],[16.6865,49.0161],[16.6844,49.0163],[16.6793,49.0113],[16.6734,49.0096],[16.6712,49.005],[16.6677,49.0043],[16.6656,49.0066],[16.6572,49.0047],[16.6585,49.0022],[16.6563,49.0016],[16.6542,48.9923],[16.658,48.9847],[16.6505,48.9809],[16.6432,48.983],[16.6431,48.9797],[16.6393,48.9766],[16.6354,48.9788],[16.6346,48.9777],[16.6225,48.9818],[16.6088,48.9839],[16.6094,48.9888],[16.6064,48.9903],[16.6049,48.9886],[16.6025,48.9891],[16.5955,48.9914],[16.5964,48.9925],[16.5765,48.9923],[16.5648,48.9905],[16.5615,48.9949],[16.5681,48.9963],[16.5611,49.0068],[16.5668,49.0148],[16.5631,49.0158],[16.5641,49.0204],[16.5568,49.0227],[16.5554,49.0187],[16.5515,49.0201],[16.5389,49.0137],[16.5235,49.0102],[16.5249,49.0067],[16.5171,49.0034],[16.4696,48.9983],[16.4713,49.0026],[16.4798,49.007],[16.4734,49.0099],[16.4767,49.0133],[16.4636,49.025],[16.4625,49.0237],[16.4534,49.029],[16.4593,49.0328],[16.4544,49.0352],[16.4567,49.0378],[16.4427,49.0455],[16.4381,49.0466],[16.4385,49.0483],[16.4241,49.0506],[16.4242,49.0563],[16.4167,49.0572],[16.4195,49.0604],[16.403,49.0622],[16.4027,49.0648],[16.395,49.0648],[16.3781,49.059],[16.366,49.0457],[16.3637,49.0531],[16.3584,49.0566],[16.3593,49.0598],[16.3497,49.0681],[16.3462,49.0679],[16.3432,49.0637],[16.3369,49.0646],[16.3347,49.067],[16.3285,49.0685],[16.327,49.0748],[16.3235,49.0735],[16.316,49.0807],[16.3126,49.0788],[16.2952,49.0776],[16.293,49.0758],[16.2862,49.0774],[16.2813,49.0728],[16.2764,49.0733],[16.281,49.0782],[16.2725,49.0802],[16.2699,49.0847],[16.2749,49.0958],[16.2603,49.0978],[16.2453,49.0912],[16.2438,49.0933],[16.2485,49.104],[16.254,49.1045],[16.256,49.1095],[16.2499,49.1108],[16.2213,49.1234],[16.2031,49.1343],[16.204,49.136],[16.207,49.136],[16.2039,49.1388],[16.2106,49.1402],[16.2161,49.1388],[16.2201,49.1348],[16.2241,49.1348],[16.2295,49.1377],[16.2337,49.1361],[16.2387,49.1402],[16.2372,49.1413],[16.2391,49.1437],[16.2415,49.1429],[16.2457,49.1445],[16.246,49.1462],[16.2415,49.1478],[16.238,49.1516],[16.2383,49.1561],[16.2351,49.1597],[16.2328,49.1602],[16.2287,49.1577],[16.2311,49.1622],[16.2252,49.1642],[16.2329,49.1712],[16.2332,49.1748],[16.2402,49.1762],[16.2581,49.1746],[16.2587,49.1777],[16.2608,49.1775],[16.2602,49.1801],[16.2699,49.1774],[16.2758,49.1841],[16.2679,49.1855],[16.2674,49.1956],[16.2681,49.1969],[16.2723,49.1957],[16.2744,49.201],[16.2606,49.2089],[16.2507,49.2091],[16.2457,49.2118],[16.2351,49.2105],[16.2342,49.2123],[16.2364,49.2148],[16.2359,49.2204],[16.2378,49.2212],[16.235,49.2255],[16.2378,49.2284],[16.2373,49.2305],[16.2423,49.2323],[16.2412,49.2339],[16.2443,49.2353],[16.2442,49.2384],[16.2515,49.2476],[16.2511,49.2511],[16.2551,49.2541],[16.265,49.2545],[16.2714,49.2518],[16.2815,49.2549],[16.2846,49.2575],[16.2884,49.2571],[16.2881,49.2638],[16.2778,49.2683],[16.2781,49.2703],[16.2651,49.2719],[16.2583,49.2745],[16.2553,49.2832],[16.2595,49.2922],[16.2728,49.2938],[16.2753,49.2953],[16.2756,49.298],[16.2806,49.2974],[16.2811,49.2984],[16.2773,49.2992],[16.2795,49.302],[16.285,49.3026],[16.2898,49.3077],[16.2904,49.3111],[16.2941,49.3123],[16.2892,49.3172],[16.2926,49.3191],[16.2877,49.3221],[16.286,49.3208],[16.2778,49.3206],[16.2731,49.316],[16.2697,49.3185],[16.2444,49.3235],[16.2399,49.3261],[16.2441,49.3312],[16.2617,49.3327],[16.2688,49.3308],[16.2731,49.3325],[16.2676,49.3363],[16.2534,49.3368],[16.2535,49.3403],[16.2417,49.3427],[16.2352,49.3503],[16.2288,49.3501],[16.227,49.3485],[16.2199,49.351],[16.2172,49.3553],[16.2248,49.3616],[16.2255,49.3603],[16.227,49.3609],[16.2263,49.3625],[16.2282,49.3625],[16.2318,49.3666],[16.2263,49.3696],[16.2295,49.3694],[16.237,49.3769],[16.2334,49.3774],[16.2355,49.3789],[16.2337,49.3803],[16.2356,49.3796],[16.2362,49.3811],[16.2329,49.3865],[16.2285,49.3895],[16.2278,49.3941],[16.2348,49.3926],[16.2396,49.4029],[16.2597,49.4057],[16.256,49.4094],[16.2577,49.4117],[16.2539,49.4144],[16.2609,49.4182],[16.2619,49.4256],[16.267,49.4283],[16.2849,49.4333],[16.2899,49.432],[16.2929,49.4273],[16.3154,49.4315],[16.3218,49.4292],[16.3237,49.4332],[16.3292,49.4314],[16.3264,49.4356],[16.3229,49.4366],[16.3285,49.4367],[16.3276,49.4389],[16.333,49.438],[16.3362,49.4402],[16.3334,49.4463],[16.3257,49.4498],[16.3156,49.448],[16.3116,49.4504],[16.3091,49.4491],[16.2972,49.4492],[16.2946,49.4471],[16.2917,49.4471],[16.2924,49.4499],[16.3016,49.4523],[16.3046,49.4563],[16.3072,49.4549],[16.314,49.4587],[16.3147,49.4656],[16.3284,49.4675],[16.3288,49.4709],[16.3311,49.4713]]],[[[16.4754,49.3911],[16.4749,49.3881],[16.466,49.3826],[16.4668,49.3771],[16.4699,49.3752],[16.4757,49.379],[16.4786,49.3789],[16.4858,49.3729],[16.4886,49.374],[16.4896,49.3703],[16.4852,49.3717],[16.4789,49.3655],[16.4797,49.3637],[16.476,49.3643],[16.4693,49.3597],[16.4612,49.3606],[16.4571,49.3577],[16.454,49.3591],[16.4574,49.3645],[16.4558,49.3673],[16.4668,49.3746],[16.4644,49.3767],[16.46,49.3739],[16.4508,49.3794],[16.4596,49.3948],[16.4754,49.3911]]]],"crs":null}},{"type":"Feature","properties":{"id":56,"name":"Volební obvod č. 56, sídlo: Břeclav","active":false},"geometry":{"type":"Polygon","coordinates":[[[16.8996,49.0619],[16.8979,49.0561],[16.9048,49.0464],[16.903,49.0458],[16.9045,49.0432],[16.8957,49.0448],[16.8932,49.038],[16.8991,49.0336],[16.9013,49.027],[16.9007,49.0208],[16.9078,49.0185],[16.9066,49.0176],[16.9104,49.0145],[16.9117,49.0106],[16.9098,49.0076],[16.9061,49.0079],[16.9016,49.0052],[16.9036,48.9988],[16.9043,48.9978],[16.9126,49.002],[16.9203,49.0027],[16.9292,48.9993],[16.9343,48.9907],[16.9442,48.986],[16.9403,48.9838],[16.945,48.9803],[16.9351,48.9747],[16.9382,48.9715],[16.9382,48.9696],[16.9357,48.9685],[16.9388,48.9649],[16.9362,48.9563],[16.9377,48.9561],[16.9318,48.9532],[16.9333,48.9514],[16.9273,48.9497],[16.9282,48.9443],[16.9249,48.9457],[16.9206,48.9422],[16.9232,48.9401],[16.9338,48.9402],[16.9345,48.9357],[16.9312,48.9329],[16.9467,48.9331],[16.9485,48.9311],[16.9521,48.9323],[16.9553,48.931],[16.9506,48.9275],[16.9431,48.9262],[16.9433,48.9246],[16.9465,48.9271],[16.9489,48.9271],[16.9522,48.9249],[16.9459,48.9208],[16.9324,48.9285],[16.9293,48.926],[16.9164,48.9278],[16.9021,48.9198],[16.9166,48.908],[16.9131,48.9042],[16.9082,48.9026],[16.9107,48.9009],[16.909,48.8984],[16.9159,48.8883],[16.9162,48.8788],[16.9123,48.8791],[16.9065,48.8728],[16.9115,48.8731],[16.9228,48.8646],[16.9402,48.859],[16.9445,48.855],[16.9541,48.8411],[16.9563,48.8168],[16.9692,48.8185],[16.9837,48.8123],[17.0082,48.8271],[17.0098,48.8264],[17.0168,48.8289],[17.0405,48.8137],[17.0369,48.8099],[17.0545,48.8037],[17.0679,48.7953],[17.0698,48.797],[17.0708,48.795],[17.0807,48.7925],[17.0932,48.7987],[17.0905,48.7957],[17.0903,48.7884],[17.0874,48.7845],[17.0694,48.7795],[17.0599,48.7713],[17.0475,48.7671],[17.0431,48.7641],[17.0396,48.7528],[17.0293,48.7467],[17.0261,48.739],[17.0145,48.7289],[17.0124,48.7182],[16.9978,48.7089],[16.999,48.6958],[16.9973,48.6918],[16.9812,48.6834],[16.9766,48.6751],[16.9679,48.6686],[16.967,48.655],[16.9696,48.646],[16.9632,48.6396],[16.9627,48.6331],[16.9576,48.6283],[16.9567,48.6239],[16.9472,48.6218],[16.9402,48.6166],[16.9381,48.6185],[16.9276,48.6191],[16.9187,48.6225],[16.919,48.6267],[16.924,48.6292],[16.923,48.6313],[16.9258,48.6322],[16.9253,48.6355],[16.9284,48.6387],[16.9204,48.6456],[16.9195,48.65],[16.9232,48.6583],[16.9233,48.6696],[16.9191,48.6729],[16.9135,48.6736],[16.9105,48.6757],[16.9109,48.6801],[16.9186,48.6935],[16.9161,48.6963],[16.9167,48.7003],[16.9123,48.706],[16.9046,48.7095],[16.9026,48.7119],[16.9062,48.7147],[16.902,48.718],[16.8976,48.716],[16.8863,48.7163],[16.8792,48.723],[16.8694,48.7125],[16.8415,48.7115],[16.8343,48.7166],[16.8272,48.7111],[16.8223,48.7104],[16.8054,48.7122],[16.8061,48.7091],[16.8003,48.7059],[16.7983,48.7108],[16.7952,48.7105],[16.7899,48.7139],[16.7792,48.7123],[16.7782,48.7142],[16.7758,48.712],[16.7694,48.7143],[16.7637,48.7188],[16.7597,48.7165],[16.7573,48.717],[16.7587,48.7188],[16.7534,48.7207],[16.7473,48.7321],[16.7374,48.7306],[16.7367,48.7293],[16.7348,48.7305],[16.7361,48.7319],[16.7328,48.7338],[16.729,48.7332],[16.7275,48.7342],[16.7295,48.7355],[16.7247,48.7381],[16.7066,48.7377],[16.7043,48.7351],[16.7011,48.7366],[16.6886,48.7293],[16.6826,48.7278],[16.6801,48.7338],[16.6735,48.7406],[16.6808,48.7501],[16.6776,48.7665],[16.6746,48.7716],[16.664,48.7756],[16.6658,48.7781],[16.6636,48.7787],[16.6632,48.7813],[16.6552,48.7826],[16.6514,48.7852],[16.6417,48.7859],[16.6337,48.7855],[16.6306,48.7805],[16.6286,48.7802],[16.5936,48.7827],[16.5936,48.7869],[16.5824,48.7921],[16.5652,48.7936],[16.5555,48.8037],[16.5407,48.8143],[16.5341,48.811],[16.5328,48.8077],[16.5281,48.8055],[16.529,48.8041],[16.525,48.8008],[16.5186,48.7983],[16.5161,48.8027],[16.5001,48.8013],[16.4783,48.8021],[16.4481,48.8175],[16.4276,48.8212],[16.4323,48.8278],[16.4322,48.8364],[16.4258,48.8457],[16.4213,48.8489],[16.4332,48.863],[16.4289,48.8655],[16.4335,48.864],[16.4398,48.8753],[16.4324,48.8791],[16.4509,48.8982],[16.4752,48.9053],[16.4741,48.9231],[16.4694,48.9247],[16.4648,48.9295],[16.4372,48.9344],[16.4424,48.9448],[16.4522,48.9537],[16.4587,48.9508],[16.4684,48.96],[16.4591,48.9613],[16.4546,48.968],[16.4738,48.9714],[16.4832,48.9803],[16.4722,48.9837],[16.4759,48.9888],[16.4615,48.9933],[16.466,48.9975],[16.5171,49.0034],[16.5249,49.0067],[16.5235,49.0102],[16.5389,49.0137],[16.5515,49.0201],[16.5554,49.0187],[16.5568,49.0227],[16.5641,49.0204],[16.5631,49.0158],[16.5668,49.0148],[16.5611,49.0068],[16.5681,48.9963],[16.5615,48.9949],[16.5648,48.9905],[16.5765,48.9923],[16.5964,48.9925],[16.5955,48.9914],[16.6025,48.9891],[16.6049,48.9886],[16.6064,48.9903],[16.6094,48.9888],[16.6088,48.9839],[16.6225,48.9818],[16.6346,48.9777],[16.6354,48.9788],[16.6393,48.9766],[16.6431,48.9797],[16.6432,48.983],[16.6505,48.9809],[16.658,48.9847],[16.6542,48.9923],[16.6563,49.0016],[16.6585,49.0022],[16.6572,49.0047],[16.6656,49.0066],[16.6677,49.0043],[16.6712,49.005],[16.6734,49.0096],[16.6793,49.0113],[16.6844,49.0163],[16.6865,49.0161],[16.6858,49.0212],[16.6996,49.0286],[16.6946,49.033],[16.6989,49.0362],[16.7044,49.0326],[16.7134,49.0402],[16.7198,49.0429],[16.7252,49.0379],[16.726,49.0391],[16.743,49.0308],[16.758,49.026],[16.7825,49.0309],[16.7827,49.027],[16.7903,49.0345],[16.792,49.0339],[16.7953,49.0407],[16.8,49.0422],[16.803,49.0521],[16.8092,49.0522],[16.8101,49.0487],[16.8167,49.0441],[16.826,49.0412],[16.8418,49.0418],[16.8417,49.0432],[16.8555,49.0514],[16.8619,49.0491],[16.8602,49.0509],[16.8742,49.0507],[16.8829,49.0598],[16.8877,49.0615],[16.8996,49.0619]]],"crs":null}},{"type":"Feature","properties":{"id":58,"name":"Volební obvod č. 58, sídlo: Brno-město","active":false},"geometry":{"type":"Polygon","coordinates":[[[16.6315,49.2494],[16.6651,49.2392],[16.6681,49.2344],[16.6733,49.2336],[16.668,49.23],[16.6647,49.225],[16.6682,49.2218],[16.6798,49.2172],[16.6874,49.2245],[16.7063,49.2331],[16.7087,49.2407],[16.7116,49.2401],[16.7135,49.2439],[16.7242,49.2449],[16.7278,49.2371],[16.7228,49.2332],[16.7198,49.2329],[16.7206,49.2304],[16.7155,49.2266],[16.7188,49.2199],[16.7149,49.221],[16.7132,49.2197],[16.7199,49.2171],[16.7181,49.2131],[16.7143,49.2134],[16.7121,49.2118],[16.7131,49.2097],[16.7185,49.2075],[16.7167,49.2037],[16.7185,49.1989],[16.7174,49.1963],[16.7208,49.1934],[16.7073,49.1899],[16.7084,49.1881],[16.7052,49.1869],[16.6944,49.1851],[16.6942,49.1764],[16.7048,49.172],[16.6955,49.1633],[16.7002,49.1485],[16.7039,49.1443],[16.7124,49.1456],[16.712,49.1435],[16.7091,49.1435],[16.7063,49.1282],[16.7,49.1268],[16.6969,49.1283],[16.6897,49.1247],[16.6862,49.126],[16.6839,49.1191],[16.6808,49.1192],[16.6798,49.1155],[16.6618,49.1146],[16.6379,49.1185],[16.6322,49.1165],[16.6353,49.11],[16.6263,49.1099],[16.6241,49.1136],[16.6269,49.1257],[16.6319,49.1255],[16.6323,49.1319],[16.642,49.1318],[16.6396,49.1341],[16.6403,49.1451],[16.6339,49.1461],[16.6317,49.1373],[16.6159,49.136],[16.6065,49.1386],[16.5994,49.1374],[16.5992,49.135],[16.5897,49.1359],[16.5963,49.1513],[16.5904,49.1548],[16.595,49.1575],[16.5939,49.1588],[16.5792,49.1596],[16.5664,49.1683],[16.5705,49.1741],[16.5725,49.174],[16.5729,49.1769],[16.565,49.1767],[16.5652,49.1809],[16.571,49.1816],[16.5722,49.1793],[16.578,49.1779],[16.585,49.1802],[16.5867,49.1774],[16.5848,49.1769],[16.5853,49.1743],[16.589,49.173],[16.5882,49.1706],[16.5914,49.17],[16.5907,49.1659],[16.5949,49.1651],[16.6024,49.1666],[16.6071,49.1704],[16.6077,49.1778],[16.6112,49.1759],[16.6194,49.183],[16.6184,49.1854],[16.6289,49.1883],[16.6283,49.2032],[16.6329,49.2082],[16.6365,49.2086],[16.6424,49.2162],[16.639,49.2182],[16.6363,49.223],[16.6373,49.2252],[16.6339,49.2264],[16.6351,49.2298],[16.6315,49.2315],[16.6295,49.2354],[16.6325,49.2368],[16.6299,49.2395],[16.6311,49.2413],[16.6281,49.242],[16.6255,49.2456],[16.6271,49.2487],[16.6315,49.2494]]],"crs":null}},{"type":"Feature","properties":{"id":59,"name":"Volební obvod č. 59, sídlo: Brno-město","active":false},"geometry":{"type":"Polygon","coordinates":[[[16.5951,49.2085],[16.6029,49.2104],[16.6047,49.2077],[16.6096,49.2096],[16.6155,49.2015],[16.622,49.2021],[16.6222,49.1987],[16.6294,49.1992],[16.6289,49.1883],[16.6184,49.1854],[16.6194,49.183],[16.6112,49.1759],[16.6077,49.1778],[16.6071,49.1704],[16.6024,49.1666],[16.5949,49.1651],[16.5907,49.1659],[16.5914,49.17],[16.5882,49.1706],[16.589,49.173],[16.5853,49.1743],[16.5848,49.1769],[16.5867,49.1774],[16.585,49.1802],[16.578,49.1779],[16.5722,49.1793],[16.571,49.1816],[16.5652,49.1809],[16.565,49.1767],[16.5729,49.1769],[16.5725,49.174],[16.5705,49.1741],[16.5664,49.1683],[16.5751,49.1616],[16.5741,49.1593],[16.5766,49.1569],[16.564,49.1544],[16.5612,49.1523],[16.5565,49.1542],[16.5578,49.1556],[16.5548,49.1568],[16.5533,49.1644],[16.5478,49.1677],[16.5489,49.1687],[16.5407,49.1699],[16.5317,49.167],[16.5294,49.1643],[16.518,49.1715],[16.5183,49.1758],[16.5149,49.1785],[16.4989,49.1836],[16.4948,49.1864],[16.4948,49.1941],[16.5049,49.1935],[16.5043,49.1945],[16.5092,49.1942],[16.5108,49.196],[16.5168,49.1904],[16.5245,49.1913],[16.5352,49.2032],[16.5433,49.2002],[16.549,49.2002],[16.5494,49.2021],[16.5518,49.2014],[16.553,49.1998],[16.5596,49.198],[16.5614,49.1947],[16.5659,49.1933],[16.5675,49.2009],[16.5692,49.2002],[16.5722,49.2035],[16.5751,49.2018],[16.5795,49.2043],[16.5826,49.2033],[16.5834,49.2055],[16.5937,49.2111],[16.5951,49.2085]]],"crs":null}},{"type":"Feature","properties":{"id":61,"name":"Volební obvod č. 61, sídlo: Olomouc","active":false},"geometry":{"type":"Polygon","coordinates":[[[17.5317,49.7706],[17.541,49.7741],[17.5432,49.7735],[17.5435,49.7709],[17.5537,49.7693],[17.5528,49.7649],[17.5567,49.7627],[17.5541,49.7611],[17.5565,49.7617],[17.5605,49.7578],[17.567,49.757],[17.5723,49.7589],[17.5796,49.7531],[17.5822,49.7535],[17.5728,49.7427],[17.5736,49.7358],[17.5714,49.7361],[17.5717,49.7386],[17.5663,49.7423],[17.5624,49.7424],[17.5542,49.7395],[17.5388,49.7297],[17.5407,49.7193],[17.5426,49.7184],[17.5414,49.7157],[17.5344,49.7167],[17.5352,49.715],[17.5281,49.7121],[17.5256,49.7146],[17.5264,49.7125],[17.5207,49.7117],[17.5208,49.7153],[17.5179,49.7124],[17.5083,49.7093],[17.5002,49.7131],[17.5005,49.7226],[17.4925,49.724],[17.4729,49.7201],[17.4694,49.7168],[17.4688,49.7201],[17.4642,49.7216],[17.4552,49.7184],[17.4567,49.7241],[17.4515,49.7201],[17.4454,49.7192],[17.4484,49.7105],[17.441,49.7086],[17.4398,49.7061],[17.4338,49.7038],[17.4356,49.7038],[17.4358,49.7011],[17.4396,49.6988],[17.4461,49.6963],[17.4473,49.6912],[17.4519,49.6904],[17.4485,49.6893],[17.4508,49.687],[17.4444,49.692],[17.4379,49.6867],[17.4401,49.6826],[17.438,49.68],[17.4434,49.6783],[17.442,49.6752],[17.4445,49.6714],[17.4491,49.6688],[17.4386,49.6674],[17.4372,49.6663],[17.4387,49.6618],[17.4356,49.6611],[17.431,49.6674],[17.4296,49.6655],[17.4267,49.6669],[17.4203,49.6669],[17.418,49.6621],[17.4144,49.6607],[17.4163,49.6543],[17.4147,49.6524],[17.4176,49.6503],[17.4151,49.6509],[17.4159,49.6472],[17.4126,49.6448],[17.4148,49.6437],[17.4123,49.6428],[17.4193,49.6411],[17.4202,49.6389],[17.4247,49.6395],[17.4169,49.6361],[17.4194,49.6309],[17.4239,49.6287],[17.4168,49.6286],[17.4189,49.6245],[17.4168,49.6231],[17.4227,49.6219],[17.4304,49.6132],[17.428,49.6103],[17.4227,49.6102],[17.4156,49.6053],[17.4086,49.6032],[17.4069,49.6008],[17.4115,49.5973],[17.4166,49.6006],[17.4195,49.5987],[17.4177,49.597],[17.4219,49.5944],[17.4188,49.5929],[17.4176,49.5938],[17.4189,49.5892],[17.4267,49.5888],[17.4316,49.5931],[17.4374,49.5894],[17.4404,49.5886],[17.4431,49.5901],[17.4444,49.5876],[17.4498,49.59],[17.4508,49.5866],[17.4489,49.5853],[17.4504,49.5838],[17.4555,49.5866],[17.4602,49.5865],[17.4579,49.5878],[17.4583,49.5902],[17.4644,49.5891],[17.4724,49.5939],[17.4773,49.5938],[17.4812,49.5914],[17.4888,49.5921],[17.4883,49.5901],[17.486,49.591],[17.4876,49.5875],[17.4925,49.5871],[17.4931,49.5895],[17.4952,49.5901],[17.4981,49.5881],[17.4989,49.5892],[17.5006,49.5867],[17.5065,49.59],[17.51,49.5888],[17.5151,49.5909],[17.5188,49.5973],[17.5243,49.601],[17.5294,49.5995],[17.5377,49.6072],[17.5354,49.6081],[17.538,49.6078],[17.5394,49.6125],[17.5452,49.6123],[17.5446,49.6091],[17.549,49.6097],[17.5771,49.6169],[17.5906,49.6175],[17.5998,49.6234],[17.6029,49.6183],[17.6085,49.6189],[17.6104,49.6206],[17.6185,49.6159],[17.6187,49.6133],[17.613,49.6082],[17.618,49.6052],[17.6198,49.5993],[17.6231,49.5975],[17.621,49.5964],[17.6213,49.5937],[17.6242,49.5932],[17.624,49.5918],[17.629,49.5921],[17.6267,49.5896],[17.6322,49.5877],[17.6307,49.587],[17.632,49.585],[17.6268,49.584],[17.6277,49.5803],[17.6232,49.5794],[17.6279,49.5749],[17.6278,49.5707],[17.6234,49.5708],[17.6209,49.5755],[17.6169,49.5785],[17.6198,49.5846],[17.6174,49.5841],[17.6162,49.5853],[17.6156,49.5792],[17.622,49.5726],[17.6213,49.5702],[17.6181,49.5694],[17.6194,49.5687],[17.6143,49.5692],[17.6143,49.5715],[17.6058,49.5704],[17.5951,49.5728],[17.5911,49.5711],[17.5935,49.5646],[17.5892,49.5641],[17.5877,49.5673],[17.583,49.5702],[17.5812,49.5675],[17.5778,49.5681],[17.5744,49.5664],[17.5739,49.5676],[17.5584,49.5608],[17.5482,49.5518],[17.5403,49.554],[17.5362,49.5507],[17.5318,49.5523],[17.5334,49.5557],[17.5229,49.5587],[17.5203,49.5559],[17.5063,49.5625],[17.5034,49.5623],[17.5037,49.561],[17.5003,49.5627],[17.4979,49.5673],[17.5128,49.5746],[17.5091,49.5745],[17.5026,49.5712],[17.5031,49.5703],[17.4992,49.5694],[17.4911,49.5597],[17.4856,49.5644],[17.4861,49.5663],[17.4661,49.569],[17.4541,49.5597],[17.4585,49.5571],[17.4582,49.5541],[17.4536,49.5552],[17.4538,49.5524],[17.449,49.5516],[17.4516,49.551],[17.4505,49.5482],[17.4576,49.5455],[17.4547,49.54],[17.457,49.5421],[17.4566,49.5354],[17.4603,49.5321],[17.4598,49.5293],[17.4563,49.5292],[17.4489,49.5238],[17.4498,49.5199],[17.4482,49.5193],[17.4463,49.5213],[17.4405,49.5201],[17.4329,49.521],[17.4334,49.5279],[17.4133,49.5283],[17.4126,49.5265],[17.4078,49.527],[17.3952,49.5237],[17.3966,49.5215],[17.3872,49.5166],[17.3842,49.5179],[17.382,49.5156],[17.3769,49.5148],[17.3729,49.5206],[17.3631,49.5211],[17.361,49.5236],[17.3566,49.5192],[17.359,49.5143],[17.3637,49.5112],[17.3577,49.5077],[17.3661,49.504],[17.3512,49.4963],[17.3363,49.4919],[17.3319,49.4926],[17.3225,49.4874],[17.3063,49.4852],[17.3081,49.4785],[17.3066,49.4786],[17.3125,49.4664],[17.3219,49.4673],[17.328,49.4619],[17.327,49.4565],[17.3336,49.4528],[17.3325,49.4518],[17.336,49.4472],[17.334,49.4414],[17.331,49.4439],[17.325,49.4416],[17.3274,49.4391],[17.3214,49.433],[17.3193,49.4356],[17.3235,49.439],[17.3211,49.4421],[17.3096,49.4438],[17.3043,49.4426],[17.295,49.4535],[17.2868,49.4527],[17.2836,49.4486],[17.2705,49.4463],[17.2685,49.4503],[17.2572,49.4525],[17.2524,49.4585],[17.247,49.4587],[17.2451,49.4635],[17.2486,49.4675],[17.2483,49.4716],[17.2422,49.4745],[17.2267,49.4966],[17.2189,49.5015],[17.2199,49.5067],[17.2155,49.5123],[17.2065,49.515],[17.2028,49.5187],[17.2038,49.5266],[17.2104,49.5293],[17.2187,49.5474],[17.2102,49.5527],[17.2054,49.5491],[17.2028,49.55],[17.1897,49.5475],[17.1836,49.555],[17.1862,49.5567],[17.1834,49.559],[17.2018,49.5653],[17.2004,49.5738],[17.2142,49.5809],[17.2095,49.5814],[17.2078,49.5847],[17.2026,49.5837],[17.2007,49.5866],[17.1664,49.5764],[17.1626,49.5817],[17.172,49.5824],[17.1683,49.5866],[17.1676,49.5985],[17.173,49.6],[17.1741,49.6038],[17.184,49.6053],[17.1711,49.6073],[17.1668,49.61],[17.1579,49.6106],[17.1584,49.6155],[17.161,49.6153],[17.1724,49.6236],[17.1692,49.6252],[17.1718,49.6262],[17.1725,49.6292],[17.1883,49.621],[17.1941,49.6215],[17.1975,49.6254],[17.2067,49.622],[17.2084,49.6235],[17.2112,49.6224],[17.2165,49.6252],[17.2345,49.6213],[17.2348,49.6238],[17.232,49.6243],[17.2341,49.6247],[17.232,49.6268],[17.2347,49.6282],[17.2334,49.631],[17.2316,49.6328],[17.2286,49.633],[17.2314,49.6357],[17.2307,49.6383],[17.2257,49.6393],[17.2224,49.6428],[17.225,49.644],[17.2222,49.6489],[17.2406,49.662],[17.2442,49.66],[17.2437,49.6408],[17.2457,49.6399],[17.2436,49.639],[17.2489,49.6296],[17.2515,49.6355],[17.2605,49.6362],[17.2618,49.6388],[17.2602,49.6401],[17.2645,49.6405],[17.2723,49.6475],[17.2775,49.6454],[17.2934,49.6466],[17.3002,49.6513],[17.3164,49.6544],[17.3437,49.6652],[17.3395,49.6663],[17.3466,49.6675],[17.3497,49.6696],[17.3473,49.6707],[17.3497,49.6745],[17.3475,49.6813],[17.3597,49.6842],[17.3589,49.688],[17.3607,49.6911],[17.3562,49.6934],[17.3594,49.6971],[17.3566,49.7038],[17.361,49.7054],[17.3599,49.7104],[17.3625,49.7118],[17.3603,49.7136],[17.3571,49.7136],[17.3572,49.7174],[17.3611,49.7184],[17.3673,49.7233],[17.3849,49.7292],[17.408,49.7264],[17.4141,49.7201],[17.4142,49.7215],[17.4231,49.7262],[17.4189,49.7309],[17.4242,49.7326],[17.4274,49.7358],[17.4241,49.7391],[17.4253,49.7421],[17.4214,49.7456],[17.4227,49.7504],[17.4251,49.7508],[17.4223,49.7537],[17.4232,49.7569],[17.4314,49.7557],[17.4474,49.7622],[17.4736,49.7566],[17.4769,49.7563],[17.479,49.7585],[17.4837,49.7578],[17.4948,49.744],[17.513,49.7422],[17.5197,49.7402],[17.5257,49.7463],[17.5239,49.7487],[17.5288,49.7521],[17.5223,49.7539],[17.5166,49.7576],[17.5178,49.7616],[17.5311,49.7738],[17.5333,49.7722],[17.5317,49.7706]]],"crs":null}},{"type":"Feature","properties":{"id":62,"name":"Volební obvod č. 62, sídlo: Prostějov","active":false},"geometry":{"type":"Polygon","coordinates":[[[16.8669,49.6669],[16.8695,49.6678],[16.8734,49.6638],[16.8786,49.6658],[16.8791,49.6631],[16.8852,49.6634],[16.888,49.6607],[16.8909,49.6629],[16.8946,49.6627],[16.8966,49.6536],[16.9018,49.6515],[16.9049,49.6529],[16.9059,49.6563],[16.9037,49.6605],[16.9052,49.6635],[16.9077,49.662],[16.9066,49.6603],[16.9085,49.6584],[16.912,49.6654],[16.9147,49.6642],[16.9124,49.6638],[16.9125,49.662],[16.9159,49.6627],[16.9243,49.6599],[16.9179,49.6578],[16.9212,49.651],[16.9193,49.6466],[16.9252,49.6397],[16.9477,49.6394],[16.951,49.6413],[16.9552,49.6412],[16.9557,49.6445],[16.9595,49.6451],[16.9609,49.6417],[16.9665,49.638],[16.9796,49.6355],[16.9732,49.6235],[16.9771,49.6209],[16.9757,49.6166],[16.9815,49.6135],[16.9844,49.6091],[16.9884,49.6086],[16.9861,49.6074],[16.9893,49.6059],[16.9958,49.6077],[16.9974,49.6058],[17.0066,49.6066],[17.0102,49.6003],[17.0069,49.5971],[17.0076,49.5943],[17.0159,49.5871],[17.0189,49.5863],[17.0166,49.5831],[17.0196,49.5784],[17.0301,49.5732],[17.0316,49.564],[17.0404,49.5624],[17.0361,49.5597],[17.0389,49.5578],[17.0466,49.5597],[17.0496,49.5565],[17.0617,49.5551],[17.06,49.5526],[17.0637,49.5563],[17.0699,49.5552],[17.0719,49.5596],[17.0925,49.5531],[17.1018,49.555],[17.1029,49.5442],[17.1084,49.5447],[17.1216,49.53],[17.1294,49.5308],[17.1333,49.5455],[17.1533,49.5468],[17.1525,49.5476],[17.1636,49.5543],[17.1647,49.549],[17.179,49.5433],[17.174,49.5375],[17.1801,49.5363],[17.1848,49.5258],[17.1886,49.5222],[17.2038,49.5266],[17.2028,49.5187],[17.2065,49.515],[17.2155,49.5123],[17.2199,49.5067],[17.2189,49.5015],[17.2267,49.4966],[17.2422,49.4745],[17.2483,49.4716],[17.2486,49.4675],[17.2451,49.4635],[17.247,49.4587],[17.2524,49.4585],[17.2572,49.4525],[17.2685,49.4503],[17.2705,49.4463],[17.2836,49.4486],[17.2868,49.4527],[17.295,49.4535],[17.3043,49.4426],[17.3096,49.4438],[17.3211,49.4421],[17.3235,49.439],[17.3193,49.4356],[17.3214,49.433],[17.3274,49.4391],[17.325,49.4416],[17.331,49.4439],[17.334,49.4414],[17.336,49.4472],[17.3325,49.4518],[17.3336,49.4528],[17.327,49.4565],[17.328,49.4619],[17.3219,49.4673],[17.3125,49.4664],[17.3066,49.4786],[17.3081,49.4785],[17.3063,49.4852],[17.3225,49.4874],[17.3319,49.4926],[17.3363,49.4919],[17.3512,49.4963],[17.3545,49.4938],[17.3527,49.4937],[17.3524,49.4903],[17.355,49.4876],[17.3528,49.4871],[17.3662,49.4852],[17.3827,49.4794],[17.3844,49.48],[17.383,49.4829],[17.3849,49.4842],[17.396,49.4826],[17.3986,49.4812],[17.3983,49.4761],[17.4029,49.4764],[17.4022,49.4718],[17.4101,49.472],[17.4109,49.4647],[17.4018,49.4629],[17.3925,49.458],[17.391,49.4549],[17.3945,49.4537],[17.3896,49.4527],[17.3844,49.4544],[17.3773,49.4493],[17.374,49.4502],[17.3706,49.4481],[17.375,49.4472],[17.3715,49.4312],[17.3786,49.4327],[17.3812,49.4274],[17.3866,49.4286],[17.3855,49.431],[17.3942,49.4328],[17.3932,49.4348],[17.3974,49.4361],[17.3967,49.4387],[17.4003,49.4404],[17.398,49.4427],[17.4063,49.4462],[17.4138,49.4463],[17.4153,49.4419],[17.4005,49.4382],[17.4017,49.4327],[17.3981,49.4335],[17.3953,49.4306],[17.399,49.4288],[17.3739,49.4154],[17.3704,49.4154],[17.368,49.4125],[17.3701,49.4108],[17.3636,49.4104],[17.3654,49.4084],[17.3624,49.4079],[17.3615,49.4092],[17.3604,49.4073],[17.3595,49.4088],[17.3552,49.4087],[17.3558,49.4063],[17.352,49.4064],[17.3549,49.4044],[17.3487,49.3989],[17.3513,49.3986],[17.3501,49.3965],[17.3481,49.3976],[17.348,49.3956],[17.3425,49.3944],[17.344,49.3918],[17.3347,49.39],[17.3343,49.3851],[17.3368,49.383],[17.3343,49.3838],[17.3327,49.3821],[17.3333,49.378],[17.3354,49.3768],[17.3339,49.3756],[17.3384,49.371],[17.3367,49.3691],[17.3413,49.366],[17.3411,49.3643],[17.3434,49.364],[17.3442,49.3614],[17.3414,49.3602],[17.3522,49.357],[17.3506,49.3564],[17.3541,49.3522],[17.3516,49.3486],[17.3566,49.3446],[17.3567,49.3426],[17.3506,49.3429],[17.346,49.3423],[17.3443,49.3405],[17.342,49.3415],[17.338,49.3403],[17.3392,49.339],[17.3341,49.3358],[17.3342,49.3325],[17.3282,49.3352],[17.3269,49.3315],[17.3153,49.3315],[17.3121,49.3179],[17.3045,49.315],[17.3059,49.3125],[17.2995,49.3121],[17.2986,49.3081],[17.2922,49.3061],[17.2913,49.3035],[17.2942,49.3017],[17.2775,49.2955],[17.2728,49.2966],[17.2712,49.2943],[17.2594,49.3005],[17.2576,49.3],[17.2551,49.3027],[17.2549,49.3001],[17.2414,49.2943],[17.231,49.2985],[17.221,49.2939],[17.2144,49.2946],[17.2158,49.294],[17.2124,49.2886],[17.201,49.2928],[17.1997,49.2965],[17.1953,49.2955],[17.1939,49.2973],[17.1903,49.2957],[17.1947,49.2909],[17.1814,49.2882],[17.1786,49.2861],[17.1781,49.2798],[17.1809,49.2799],[17.1808,49.2786],[17.1771,49.2688],[17.1731,49.2689],[17.1728,49.2708],[17.1649,49.2703],[17.1627,49.2744],[17.1596,49.2744],[17.1613,49.2794],[17.1559,49.2762],[17.1594,49.2806],[17.1554,49.2809],[17.1507,49.2947],[17.1464,49.2941],[17.1439,49.2964],[17.1411,49.3088],[17.1361,49.3154],[17.1411,49.3168],[17.1383,49.3203],[17.1407,49.3219],[17.1391,49.3245],[17.141,49.3255],[17.138,49.3271],[17.1279,49.3249],[17.1217,49.3306],[17.1228,49.3315],[17.1176,49.3343],[17.1176,49.3374],[17.1099,49.3379],[17.0997,49.3422],[17.0954,49.3425],[17.0926,49.3396],[17.0798,49.3443],[17.0748,49.3435],[17.072,49.3446],[17.0732,49.3458],[17.0615,49.3488],[17.061,49.3526],[17.0462,49.354],[17.0398,49.3584],[17.0353,49.3594],[17.038,49.359],[17.0403,49.361],[17.0412,49.3587],[17.0485,49.3606],[17.0512,49.3654],[17.048,49.366],[17.0475,49.3677],[17.0247,49.3702],[17.0223,49.3755],[17.0264,49.3797],[17.0246,49.3901],[17.0296,49.3932],[17.0271,49.3965],[17.0239,49.397],[17.0242,49.3996],[17.0204,49.4005],[17.0243,49.4021],[17.0243,49.4036],[17.0129,49.4037],[17.014,49.4049],[17.0114,49.4058],[17.0155,49.4056],[17.0148,49.4112],[17.0133,49.4113],[17.015,49.4177],[16.9967,49.4199],[16.9878,49.4261],[16.9914,49.4272],[16.9936,49.4322],[16.9924,49.4366],[16.9834,49.4357],[16.9818,49.4419],[16.985,49.4434],[16.9834,49.4442],[16.9845,49.4482],[16.9876,49.4503],[16.986,49.4503],[16.9881,49.4521],[16.9874,49.455],[16.9858,49.4543],[16.9812,49.4577],[16.9754,49.4567],[16.9721,49.4577],[16.9719,49.4603],[16.9695,49.4597],[16.9701,49.4616],[16.9777,49.4633],[16.9751,49.4669],[16.9693,49.4687],[16.9577,49.4689],[16.9585,49.4742],[16.954,49.4735],[16.9526,49.4751],[16.9586,49.476],[16.959,49.4814],[16.947,49.4886],[16.9482,49.4927],[16.9448,49.4922],[16.9381,49.4949],[16.9339,49.4911],[16.9362,49.488],[16.9155,49.5],[16.9109,49.4979],[16.9057,49.499],[16.9024,49.4963],[16.8962,49.4953],[16.886,49.49],[16.8827,49.4909],[16.8756,49.4885],[16.8745,49.486],[16.8785,49.487],[16.8817,49.4864],[16.8815,49.485],[16.8766,49.485],[16.8757,49.4824],[16.8696,49.4791],[16.8621,49.4823],[16.8585,49.4796],[16.8647,49.4796],[16.8716,49.4763],[16.8681,49.4695],[16.8724,49.4685],[16.8775,49.47],[16.8841,49.463],[16.8875,49.4627],[16.8869,49.4604],[16.8976,49.4604],[16.8976,49.4562],[16.9017,49.4564],[16.8984,49.4523],[16.9009,49.4519],[16.8916,49.4476],[16.8945,49.4448],[16.8977,49.4454],[16.9018,49.443],[16.9076,49.4436],[16.9093,49.441],[16.9067,49.4361],[16.9091,49.4355],[16.9088,49.4325],[16.9133,49.4317],[16.9158,49.429],[16.9107,49.4264],[16.9098,49.4241],[16.9035,49.4224],[16.9081,49.4177],[16.9069,49.4159],[16.9031,49.4191],[16.8971,49.4165],[16.8936,49.4173],[16.8915,49.4128],[16.894,49.41],[16.8919,49.4076],[16.893,49.403],[16.8863,49.3989],[16.8815,49.3998],[16.8756,49.3975],[16.8699,49.3914],[16.8628,49.3872],[16.8596,49.3812],[16.853,49.3868],[16.8356,49.3917],[16.8267,49.3997],[16.8054,49.4057],[16.8044,49.4078],[16.8071,49.4091],[16.8072,49.4124],[16.8027,49.4126],[16.7996,49.4104],[16.7962,49.4115],[16.7946,49.4148],[16.7956,49.4169],[16.7983,49.4177],[16.798,49.42],[16.8002,49.4206],[16.7979,49.4248],[16.8004,49.4288],[16.8108,49.4292],[16.8154,49.4319],[16.8205,49.4305],[16.8233,49.4326],[16.8273,49.4318],[16.8291,49.4364],[16.8275,49.4392],[16.8186,49.4396],[16.8219,49.4413],[16.8185,49.4448],[16.8154,49.4452],[16.8159,49.4481],[16.8184,49.4488],[16.8181,49.4519],[16.8065,49.4523],[16.8026,49.4562],[16.798,49.4564],[16.7975,49.4714],[16.7956,49.4727],[16.798,49.4736],[16.7977,49.4752],[16.7928,49.4795],[16.7925,49.4842],[16.7892,49.4856],[16.7888,49.4877],[16.7919,49.4931],[16.7845,49.4969],[16.7881,49.4995],[16.7908,49.5064],[16.7877,49.5096],[16.7928,49.5127],[16.7972,49.5107],[16.8054,49.5126],[16.8063,49.5167],[16.8044,49.5221],[16.8015,49.524],[16.8112,49.5311],[16.8165,49.5317],[16.8247,49.5291],[16.8309,49.5303],[16.833,49.5323],[16.8257,49.5346],[16.8217,49.5321],[16.8206,49.534],[16.8125,49.534],[16.8123,49.5368],[16.8071,49.5332],[16.7946,49.5339],[16.7821,49.5382],[16.7793,49.5408],[16.7707,49.5431],[16.7595,49.5425],[16.7565,49.5449],[16.7378,49.5431],[16.74,49.5488],[16.7466,49.5511],[16.7482,49.5572],[16.7529,49.5599],[16.751,49.563],[16.7523,49.5646],[16.7456,49.5648],[16.7459,49.5699],[16.7427,49.5732],[16.7443,49.5774],[16.7479,49.579],[16.7457,49.5807],[16.7484,49.5838],[16.7455,49.5874],[16.752,49.5819],[16.762,49.5793],[16.7624,49.578],[16.765,49.5836],[16.7693,49.5788],[16.7777,49.5783],[16.7799,49.574],[16.7841,49.5726],[16.7891,49.5744],[16.7931,49.5739],[16.8027,49.5781],[16.7966,49.5812],[16.7948,49.586],[16.7898,49.5871],[16.7884,49.5917],[16.7932,49.5915],[16.7965,49.593],[16.797,49.5958],[16.8039,49.5963],[16.8054,49.5993],[16.8015,49.6042],[16.8019,49.6058],[16.8051,49.6053],[16.8073,49.6077],[16.804,49.6094],[16.804,49.6133],[16.8092,49.6229],[16.8123,49.624],[16.8108,49.6272],[16.8142,49.6271],[16.8212,49.6221],[16.822,49.6234],[16.8057,49.638],[16.8004,49.6392],[16.8051,49.6454],[16.8039,49.6566],[16.8097,49.6571],[16.8097,49.6604],[16.821,49.6668],[16.8246,49.6655],[16.8289,49.6676],[16.8463,49.6681],[16.8504,49.6716],[16.8541,49.67],[16.855,49.6725],[16.8584,49.6726],[16.8605,49.6749],[16.8639,49.6737],[16.8669,49.6669]]],"crs":null}},{"type":"Feature","properties":{"id":64,"name":"Volební obvod č. 64, sídlo: Bruntál","active":false},"geometry":{"type":"Polygon","coordinates":[[[17.7289,50.3033],[17.7509,50.3006],[17.7522,50.298],[17.7486,50.2967],[17.7479,50.2931],[17.743,50.291],[17.7353,50.2782],[17.7259,50.2728],[17.725,50.2567],[17.765,50.2364],[17.7566,50.2214],[17.7601,50.2166],[17.7576,50.2106],[17.7585,50.2066],[17.7481,50.2053],[17.7412,50.2021],[17.7347,50.2025],[17.7243,50.2066],[17.7174,50.2057],[17.7174,50.2024],[17.7101,50.1992],[17.7108,50.192],[17.7043,50.1897],[17.706,50.1864],[17.7047,50.1849],[17.6837,50.1816],[17.6795,50.1829],[17.6658,50.1778],[17.6434,50.1762],[17.6307,50.1735],[17.6258,50.1692],[17.6198,50.1712],[17.6045,50.1709],[17.6012,50.1696],[17.5928,50.16],[17.6059,50.149],[17.6109,50.14],[17.6403,50.1307],[17.6449,50.1247],[17.6438,50.1227],[17.6504,50.1108],[17.662,50.1087],[17.6767,50.103],[17.6833,50.1173],[17.6969,50.117],[17.7052,50.1144],[17.7309,50.0972],[17.7295,50.088],[17.7383,50.0824],[17.7401,50.0827],[17.7404,50.0809],[17.7431,50.0813],[17.749,50.0788],[17.7492,50.076],[17.7525,50.0742],[17.751,50.0733],[17.7525,50.0697],[17.7568,50.0685],[17.7563,50.0671],[17.759,50.0676],[17.7564,50.0655],[17.7595,50.0642],[17.7549,50.0624],[17.7584,50.0598],[17.7568,50.0585],[17.7611,50.0588],[17.7614,50.0569],[17.7643,50.0559],[17.7622,50.0558],[17.7615,50.0536],[17.7669,50.051],[17.7692,50.0515],[17.769,50.0491],[17.7715,50.0486],[17.7707,50.0439],[17.7733,50.0424],[17.7693,50.0377],[17.7699,50.0353],[17.7752,50.0351],[17.7773,50.0306],[17.7766,50.0284],[17.7716,50.0255],[17.7776,50.0202],[17.7852,50.0202],[17.7887,50.0173],[17.7924,50.0191],[17.7951,50.0177],[17.7951,50.0145],[17.7982,50.0135],[17.8277,50.0113],[17.8369,50.0036],[17.8264,49.994],[17.8243,49.99],[17.8329,49.9844],[17.8288,49.9862],[17.8162,49.9778],[17.8107,49.9711],[17.8074,49.972],[17.8053,49.9656],[17.7961,49.9689],[17.7916,49.9663],[17.7991,49.9572],[17.7911,49.9525],[17.7923,49.949],[17.8001,49.9476],[17.8017,49.9489],[17.8108,49.9493],[17.8212,49.9457],[17.8245,49.9415],[17.8196,49.935],[17.819,49.9238],[17.81,49.9168],[17.8043,49.9156],[17.8058,49.9043],[17.8106,49.8931],[17.8056,49.8885],[17.791,49.8906],[17.7701,49.8825],[17.7519,49.8716],[17.75,49.8681],[17.748,49.8687],[17.7416,49.8506],[17.7263,49.8354],[17.7184,49.8321],[17.7161,49.8357],[17.7139,49.8353],[17.7119,49.8289],[17.7092,49.8265],[17.708,49.8275],[17.7065,49.824],[17.7121,49.8197],[17.703,49.8208],[17.7108,49.8158],[17.7056,49.8107],[17.7075,49.807],[17.704,49.8019],[17.7067,49.8001],[17.7042,49.7958],[17.7166,49.7913],[17.7202,49.7914],[17.7202,49.7934],[17.722,49.7936],[17.7255,49.7921],[17.7234,49.7903],[17.7302,49.7897],[17.7285,49.7874],[17.7263,49.7874],[17.7249,49.7825],[17.7186,49.7797],[17.7175,49.7769],[17.7247,49.7681],[17.7217,49.7615],[17.717,49.7608],[17.7044,49.7509],[17.6992,49.7498],[17.6965,49.7474],[17.6925,49.7478],[17.6934,49.7422],[17.6906,49.7365],[17.6927,49.7356],[17.6874,49.7314],[17.6865,49.7333],[17.6885,49.7348],[17.6838,49.7416],[17.6812,49.7536],[17.6644,49.757],[17.6601,49.7601],[17.6524,49.7597],[17.6422,49.7548],[17.6375,49.7571],[17.6314,49.7562],[17.6266,49.7531],[17.6268,49.751],[17.6245,49.7526],[17.6212,49.7521],[17.6197,49.7551],[17.6178,49.7552],[17.6162,49.7516],[17.611,49.7487],[17.6142,49.7449],[17.6051,49.7484],[17.6034,49.7509],[17.5929,49.7516],[17.5876,49.7496],[17.5826,49.7515],[17.5822,49.7535],[17.5796,49.7531],[17.5723,49.7589],[17.567,49.757],[17.5605,49.7578],[17.5565,49.7617],[17.5541,49.7611],[17.5567,49.7627],[17.5528,49.7649],[17.5537,49.7693],[17.5435,49.7709],[17.5432,49.7735],[17.541,49.7741],[17.5317,49.7706],[17.5333,49.7722],[17.5311,49.7738],[17.5277,49.7706],[17.5261,49.7748],[17.5201,49.7805],[17.5211,49.7874],[17.525,49.7904],[17.5179,49.7934],[17.5113,49.7927],[17.5122,49.7949],[17.494,49.7988],[17.5002,49.7986],[17.501,49.7998],[17.4978,49.806],[17.5067,49.8111],[17.5049,49.8129],[17.5058,49.8167],[17.5002,49.8184],[17.4917,49.8146],[17.4899,49.8159],[17.4947,49.8184],[17.4924,49.82],[17.4929,49.8218],[17.4833,49.8255],[17.4857,49.8254],[17.4871,49.8279],[17.4808,49.8319],[17.4831,49.8338],[17.4792,49.8357],[17.4804,49.8386],[17.4889,49.8378],[17.4904,49.8399],[17.4881,49.8495],[17.4859,49.8497],[17.4874,49.8525],[17.48,49.8556],[17.4728,49.8563],[17.4721,49.861],[17.4759,49.8737],[17.4669,49.8707],[17.4639,49.8722],[17.4576,49.8715],[17.4508,49.8745],[17.4412,49.867],[17.448,49.8651],[17.4506,49.8586],[17.4567,49.8552],[17.4539,49.8506],[17.4557,49.8463],[17.4637,49.8417],[17.4649,49.8384],[17.4627,49.8324],[17.4595,49.8357],[17.454,49.8362],[17.4523,49.8317],[17.4506,49.8322],[17.4502,49.8274],[17.4465,49.8284],[17.4458,49.8262],[17.4419,49.8264],[17.4379,49.8237],[17.4344,49.8255],[17.4347,49.8286],[17.4367,49.8284],[17.4405,49.8322],[17.4302,49.8353],[17.4247,49.8288],[17.4305,49.8279],[17.4293,49.8245],[17.427,49.8264],[17.4202,49.8254],[17.422,49.8265],[17.4209,49.8275],[17.4156,49.825],[17.4119,49.8274],[17.4104,49.8268],[17.407,49.8237],[17.4093,49.8225],[17.4084,49.8203],[17.4169,49.8146],[17.4086,49.813],[17.4041,49.8147],[17.4008,49.8105],[17.3956,49.811],[17.3926,49.8132],[17.3916,49.8022],[17.3873,49.7909],[17.3846,49.7945],[17.3763,49.7987],[17.3744,49.7982],[17.3749,49.8017],[17.3723,49.8054],[17.3698,49.8062],[17.3691,49.8047],[17.3564,49.8128],[17.363,49.8259],[17.3718,49.8348],[17.3735,49.8414],[17.3815,49.8486],[17.3761,49.8501],[17.3727,49.8545],[17.3643,49.8561],[17.3588,49.8624],[17.3559,49.8633],[17.3467,49.8597],[17.3445,49.8603],[17.3389,49.8576],[17.3368,49.8537],[17.3324,49.855],[17.3374,49.8595],[17.3356,49.8607],[17.3297,49.8586],[17.3273,49.8532],[17.3158,49.8564],[17.3113,49.8522],[17.3066,49.8517],[17.3059,49.846],[17.2981,49.848],[17.2929,49.8421],[17.2847,49.838],[17.2651,49.8351],[17.2613,49.8315],[17.2607,49.8264],[17.2661,49.8185],[17.2597,49.8207],[17.2546,49.8199],[17.2507,49.8253],[17.2465,49.8246],[17.2406,49.8263],[17.2381,49.8247],[17.2328,49.8259],[17.2319,49.824],[17.2267,49.8235],[17.2265,49.8215],[17.2222,49.8225],[17.2158,49.8183],[17.2163,49.8217],[17.2126,49.8252],[17.2089,49.8256],[17.2091,49.8275],[17.2117,49.8331],[17.2175,49.8368],[17.2175,49.8395],[17.2214,49.8431],[17.2251,49.8595],[17.2219,49.8606],[17.2164,49.8529],[17.2101,49.8544],[17.2074,49.8531],[17.2085,49.8482],[17.1952,49.8511],[17.1927,49.8501],[17.1921,49.8458],[17.1908,49.8476],[17.1852,49.8444],[17.1835,49.8473],[17.1772,49.85],[17.1723,49.8574],[17.1705,49.8645],[17.1637,49.867],[17.1607,49.8635],[17.1596,49.8646],[17.1617,49.8666],[17.156,49.8767],[17.1505,49.8764],[17.1472,49.878],[17.1466,49.8808],[17.149,49.8807],[17.1483,49.8827],[17.1508,49.8828],[17.1488,49.8874],[17.1576,49.8902],[17.1576,49.8928],[17.1655,49.8964],[17.1635,49.8987],[17.1666,49.8988],[17.1662,49.9013],[17.1699,49.9013],[17.1702,49.9046],[17.1752,49.911],[17.1614,49.9126],[17.1638,49.9158],[17.1622,49.9214],[17.1699,49.9241],[17.1722,49.9236],[17.1713,49.9252],[17.1796,49.9326],[17.1899,49.9328],[17.1913,49.9399],[17.1968,49.9399],[17.2003,49.9443],[17.1977,49.9459],[17.1983,49.9476],[17.2035,49.9494],[17.198,49.9549],[17.2007,49.9575],[17.1931,49.9645],[17.1843,49.967],[17.1739,49.9736],[17.1617,49.9778],[17.1553,49.983],[17.1708,49.9881],[17.1737,49.9933],[17.1683,50.003],[17.1676,50.0112],[17.1804,50.0188],[17.189,50.0321],[17.1985,50.0346],[17.2006,50.038],[17.2093,50.0436],[17.2211,50.0478],[17.2269,50.0528],[17.2345,50.0639],[17.2282,50.0804],[17.2318,50.0848],[17.2204,50.1022],[17.244,50.1148],[17.2494,50.121],[17.243,50.1278],[17.2437,50.1349],[17.2395,50.142],[17.2549,50.1482],[17.2589,50.1475],[17.2727,50.1606],[17.2815,50.1654],[17.285,50.1731],[17.294,50.1699],[17.3026,50.1736],[17.3049,50.1779],[17.3033,50.1789],[17.3089,50.1867],[17.3174,50.1898],[17.3231,50.1898],[17.3384,50.1846],[17.3485,50.1899],[17.3581,50.2035],[17.3727,50.2132],[17.377,50.223],[17.3805,50.222],[17.3893,50.2129],[17.3981,50.2091],[17.4091,50.2091],[17.4117,50.2119],[17.4119,50.2101],[17.4179,50.2092],[17.4164,50.2112],[17.4215,50.2101],[17.4269,50.2296],[17.4241,50.2403],[17.4291,50.2437],[17.4298,50.2542],[17.4396,50.2516],[17.4546,50.2565],[17.4572,50.2598],[17.4563,50.2697],[17.4635,50.2671],[17.4688,50.2696],[17.4719,50.2692],[17.4957,50.2751],[17.5245,50.275],[17.5259,50.2736],[17.5419,50.2704],[17.5599,50.2714],[17.5633,50.2703],[17.5719,50.2747],[17.5786,50.2758],[17.5808,50.2779],[17.592,50.279],[17.5977,50.2748],[17.5981,50.2707],[17.6027,50.2699],[17.6055,50.2671],[17.6114,50.266],[17.6174,50.2669],[17.6385,50.2737],[17.6418,50.2761],[17.6508,50.2778],[17.6579,50.2849],[17.6642,50.287],[17.6687,50.2912],[17.6757,50.2922],[17.6809,50.297],[17.6861,50.2991],[17.6892,50.3019],[17.6872,50.3057],[17.6891,50.3156],[17.687,50.328],[17.7098,50.3235],[17.7211,50.3192],[17.7289,50.3033]]],"crs":null}},{"type":"Feature","properties":{"id":65,"name":"Volební obvod č. 65, sídlo: Šumperk","active":false},"geometry":{"type":"Polygon","coordinates":[[[16.9177,50.4446],[16.922,50.4405],[16.9462,50.434],[16.9635,50.426],[16.9713,50.4214],[16.9741,50.4178],[16.9835,50.4201],[16.9984,50.4278],[17.0062,50.4245],[17.0136,50.4186],[17.0184,50.4214],[17.0244,50.4215],[17.0298,50.4154],[17.038,50.4149],[17.0526,50.407],[17.0685,50.4057],[17.0824,50.402],[17.0852,50.4058],[17.1108,50.405],[17.1112,50.3937],[17.1236,50.3941],[17.1434,50.3804],[17.1522,50.3816],[17.1573,50.3801],[17.1626,50.3837],[17.1796,50.3862],[17.1841,50.39],[17.2034,50.3864],[17.1992,50.3751],[17.2012,50.364],[17.2131,50.3576],[17.2247,50.3452],[17.2422,50.3373],[17.248,50.3318],[17.2644,50.328],[17.2758,50.3211],[17.29,50.3175],[17.3128,50.3205],[17.3279,50.3271],[17.3487,50.3284],[17.3501,50.3253],[17.3483,50.3228],[17.3406,50.3227],[17.3376,50.3131],[17.3487,50.3118],[17.3538,50.308],[17.3461,50.2978],[17.3448,50.2913],[17.3483,50.2874],[17.3378,50.2835],[17.3439,50.2794],[17.3433,50.2748],[17.3495,50.2641],[17.3581,50.2653],[17.3626,50.2643],[17.3626,50.2764],[17.3662,50.2821],[17.3891,50.2828],[17.4009,50.2796],[17.4069,50.2739],[17.4207,50.2774],[17.4313,50.2631],[17.4278,50.2586],[17.4298,50.2542],[17.4291,50.2437],[17.4241,50.2403],[17.4269,50.2296],[17.4215,50.2101],[17.4164,50.2112],[17.4179,50.2092],[17.4119,50.2101],[17.4117,50.2119],[17.4091,50.2091],[17.3981,50.2091],[17.3893,50.2129],[17.3805,50.222],[17.377,50.223],[17.3727,50.2132],[17.3581,50.2035],[17.3485,50.1899],[17.3384,50.1846],[17.3231,50.1898],[17.3174,50.1898],[17.3089,50.1867],[17.3033,50.1789],[17.3049,50.1779],[17.3026,50.1736],[17.294,50.1699],[17.285,50.1731],[17.2815,50.1654],[17.2727,50.1606],[17.2589,50.1475],[17.2549,50.1482],[17.2395,50.142],[17.2437,50.1349],[17.243,50.1278],[17.2494,50.121],[17.244,50.1148],[17.2204,50.1022],[17.2318,50.0848],[17.2282,50.0804],[17.2345,50.0639],[17.2269,50.0528],[17.2211,50.0478],[17.2093,50.0436],[17.2006,50.038],[17.1985,50.0346],[17.189,50.0321],[17.1804,50.0188],[17.1676,50.0112],[17.1683,50.003],[17.1737,49.9933],[17.1708,49.9881],[17.1553,49.983],[17.1617,49.9778],[17.1739,49.9736],[17.1843,49.967],[17.1931,49.9645],[17.2007,49.9575],[17.198,49.9549],[17.2035,49.9494],[17.1983,49.9476],[17.1977,49.9459],[17.2003,49.9443],[17.1968,49.9399],[17.1913,49.9399],[17.1899,49.9328],[17.1796,49.9326],[17.1713,49.9252],[17.1722,49.9236],[17.1699,49.9241],[17.1622,49.9214],[17.1638,49.9158],[17.1614,49.9126],[17.1752,49.911],[17.1702,49.9046],[17.1699,49.9013],[17.1662,49.9013],[17.1666,49.8988],[17.1635,49.8987],[17.1655,49.8964],[17.1576,49.8928],[17.1576,49.8902],[17.1488,49.8874],[17.1508,49.8828],[17.1483,49.8827],[17.149,49.8807],[17.1466,49.8808],[17.1472,49.878],[17.1443,49.8779],[17.14,49.8735],[17.1371,49.8751],[17.1307,49.8724],[17.1259,49.8673],[17.1288,49.8644],[17.1256,49.8614],[17.1281,49.8586],[17.1255,49.8573],[17.1254,49.8534],[17.1068,49.8465],[17.1079,49.8481],[17.1046,49.8494],[17.1065,49.853],[17.1014,49.8504],[17.1028,49.8569],[17.0954,49.8628],[17.092,49.8613],[17.0862,49.8621],[17.0799,49.8606],[17.0568,49.8683],[17.0535,49.8654],[17.0541,49.8554],[17.0497,49.8515],[17.0417,49.85],[17.0397,49.8463],[17.028,49.8544],[17.0264,49.8522],[17.0223,49.8517],[17.0211,49.854],[17.0198,49.8488],[17.0156,49.8511],[17.0074,49.8506],[17.0058,49.847],[17.0006,49.8458],[16.9973,49.8389],[16.9934,49.8391],[16.9849,49.8414],[16.9829,49.8426],[16.9844,49.8438],[16.9779,49.8463],[16.98,49.8513],[16.9599,49.8642],[16.9532,49.8603],[16.9535,49.8631],[16.9524,49.861],[16.9511,49.862],[16.9448,49.8602],[16.9465,49.8615],[16.9419,49.865],[16.9424,49.8693],[16.9465,49.8711],[16.9461,49.8725],[16.9438,49.871],[16.9427,49.8746],[16.9388,49.8757],[16.9371,49.8743],[16.9351,49.8764],[16.9371,49.8781],[16.9229,49.8776],[16.9151,49.8925],[16.9074,49.8933],[16.902,49.8975],[16.8971,49.8971],[16.8889,49.9],[16.8833,49.8949],[16.8524,49.903],[16.8384,49.9045],[16.8381,49.9074],[16.8351,49.9084],[16.8342,49.9114],[16.8334,49.9098],[16.8247,49.9117],[16.8234,49.9166],[16.8266,49.919],[16.8195,49.9227],[16.8213,49.9257],[16.8129,49.9267],[16.8123,49.924],[16.8094,49.9231],[16.8103,49.9215],[16.8078,49.9211],[16.8042,49.9171],[16.7966,49.9185],[16.7952,49.9163],[16.7846,49.9195],[16.7883,49.9213],[16.7851,49.924],[16.7866,49.9264],[16.7824,49.9277],[16.7803,49.9264],[16.78,49.929],[16.7723,49.93],[16.7648,49.9281],[16.7638,49.9265],[16.7669,49.9246],[16.7588,49.9233],[16.7573,49.9192],[16.746,49.9248],[16.7507,49.9316],[16.7421,49.9353],[16.7383,49.9452],[16.7345,49.9466],[16.7349,49.95],[16.7317,49.951],[16.7338,49.9541],[16.7353,49.9681],[16.7308,49.971],[16.7309,49.9767],[16.7273,49.9818],[16.7183,49.9855],[16.7121,49.9995],[16.7208,50.0024],[16.7435,50.0013],[16.7475,49.9999],[16.7487,49.9947],[16.7546,49.9975],[16.7535,49.9985],[16.7603,50.0046],[16.7684,50.0072],[16.7669,50.0167],[16.7708,50.018],[16.7756,50.0169],[16.7799,50.024],[16.786,50.0241],[16.7886,50.027],[16.7916,50.0251],[16.794,50.0296],[16.8055,50.0291],[16.8098,50.0313],[16.8105,50.0326],[16.8071,50.0339],[16.8071,50.0381],[16.8188,50.0445],[16.8065,50.0528],[16.8133,50.0569],[16.8138,50.0588],[16.8003,50.0663],[16.7984,50.0693],[16.8104,50.0803],[16.8244,50.0855],[16.8176,50.0873],[16.8156,50.0895],[16.8161,50.0943],[16.8065,50.1036],[16.8048,50.109],[16.8084,50.1115],[16.8146,50.1111],[16.8258,50.1147],[16.8246,50.1276],[16.828,50.1285],[16.8293,50.1259],[16.8324,50.1271],[16.8359,50.1344],[16.8335,50.1346],[16.8376,50.1385],[16.8382,50.1438],[16.844,50.151],[16.8484,50.1651],[16.8522,50.1694],[16.8579,50.1703],[16.866,50.177],[16.8644,50.1821],[16.8674,50.189],[16.8635,50.1931],[16.8646,50.1974],[16.8629,50.1983],[16.8717,50.197],[16.8828,50.1999],[16.8851,50.2131],[16.8888,50.2163],[16.8982,50.2186],[16.8991,50.2229],[16.9175,50.2262],[16.9236,50.2255],[16.9289,50.2228],[16.9448,50.223],[16.9499,50.2213],[16.9565,50.2227],[16.9585,50.2261],[16.9659,50.2298],[16.9612,50.2353],[16.9628,50.2387],[16.976,50.2448],[16.9804,50.2417],[16.9822,50.2338],[16.9923,50.2268],[16.9986,50.2159],[17.0146,50.2193],[17.0213,50.2265],[17.0284,50.23],[17.0154,50.2405],[17.0116,50.2414],[17.0109,50.2492],[17.0034,50.253],[17.0016,50.2564],[17.0099,50.2603],[17.0166,50.2674],[17.0201,50.2783],[17.0091,50.2953],[17.0038,50.2963],[17.0027,50.3021],[16.9935,50.3024],[16.9736,50.3082],[16.9683,50.3159],[16.9621,50.3143],[16.9611,50.3126],[16.9559,50.3122],[16.9462,50.3154],[16.9463,50.3179],[16.9408,50.3198],[16.9345,50.3299],[16.9386,50.3331],[16.9366,50.3378],[16.9376,50.3422],[16.9299,50.3458],[16.9194,50.3602],[16.9155,50.363],[16.9197,50.369],[16.9144,50.38],[16.9151,50.3825],[16.9103,50.3852],[16.9111,50.3891],[16.9072,50.3913],[16.8991,50.3896],[16.8903,50.3968],[16.8723,50.4029],[16.8639,50.4089],[16.8604,50.4078],[16.8609,50.4115],[16.8697,50.4171],[16.8693,50.4225],[16.8759,50.4282],[16.8757,50.4327],[16.8808,50.4362],[16.8813,50.4425],[16.8868,50.4442],[16.8933,50.4434],[16.8986,50.4477],[16.908,50.4495],[16.9177,50.4446]]],"crs":null}},{"type":"Feature","properties":{"id":67,"name":"Volební obvod č. 67, sídlo: Nový Jičín","active":false},"geometry":{"type":"Polygon","coordinates":[[[18.1353,49.8341],[18.1375,49.8309],[18.1357,49.8263],[18.142,49.825],[18.135,49.8079],[18.1453,49.8057],[18.1522,49.8063],[18.1446,49.7887],[18.1455,49.7797],[18.139,49.7708],[18.1445,49.765],[18.1541,49.7655],[18.1548,49.762],[18.1599,49.7589],[18.1661,49.758],[18.1704,49.7602],[18.1752,49.7587],[18.1734,49.7545],[18.1759,49.7539],[18.1774,49.7502],[18.1606,49.7417],[18.1579,49.7365],[18.1509,49.7335],[18.145,49.7332],[18.1442,49.731],[18.1407,49.731],[18.1416,49.7288],[18.1512,49.7235],[18.1576,49.7257],[18.1612,49.7239],[18.1688,49.7253],[18.1677,49.7217],[18.1718,49.7182],[18.1691,49.7155],[18.1705,49.7095],[18.1825,49.7057],[18.1903,49.6971],[18.1945,49.6954],[18.1979,49.6977],[18.2004,49.6961],[18.2009,49.6924],[18.1974,49.6842],[18.1976,49.6716],[18.1878,49.6513],[18.1834,49.651],[18.185,49.644],[18.1947,49.6443],[18.1914,49.6399],[18.1988,49.6395],[18.1987,49.6335],[18.1938,49.6257],[18.2018,49.6171],[18.2065,49.6161],[18.2054,49.6137],[18.2074,49.6151],[18.2113,49.6143],[18.2058,49.6059],[18.2073,49.6031],[18.2225,49.5992],[18.2207,49.5941],[18.2216,49.5924],[18.2246,49.5926],[18.2258,49.5861],[18.2429,49.5749],[18.2566,49.5707],[18.2481,49.5652],[18.2424,49.5552],[18.2407,49.5465],[18.2374,49.5432],[18.2429,49.5414],[18.2494,49.5353],[18.253,49.5346],[18.2536,49.5359],[18.2596,49.5339],[18.2605,49.5319],[18.2625,49.5328],[18.2684,49.526],[18.2755,49.5251],[18.2774,49.5233],[18.2811,49.5239],[18.2864,49.5197],[18.2879,49.5203],[18.285,49.512],[18.2917,49.4981],[18.2917,49.4916],[18.2809,49.4923],[18.276,49.4941],[18.2677,49.4929],[18.2611,49.4847],[18.2539,49.4825],[18.2412,49.4851],[18.2368,49.4875],[18.2299,49.4878],[18.2228,49.4919],[18.216,49.4929],[18.2033,49.489],[18.1917,49.4934],[18.1802,49.5033],[18.1753,49.5054],[18.1708,49.5129],[18.1636,49.5171],[18.1593,49.5135],[18.1361,49.5094],[18.126,49.5205],[18.1098,49.5171],[18.0838,49.5185],[18.0761,49.5155],[18.0668,49.5167],[18.0477,49.5127],[18.0325,49.5117],[18.012,49.5044],[18.0029,49.5051],[17.998,49.5035],[17.9918,49.5047],[17.9942,49.5117],[17.9918,49.5148],[17.9928,49.5231],[17.9795,49.5312],[17.9734,49.538],[17.9676,49.5379],[17.9675,49.5402],[17.964,49.5425],[17.9692,49.5479],[17.9793,49.553],[17.983,49.5567],[17.974,49.5631],[17.9717,49.5671],[17.9732,49.5681],[17.9815,49.5666],[17.9883,49.5695],[17.9761,49.5785],[17.9763,49.5803],[17.9684,49.5883],[17.9652,49.5899],[17.9604,49.5884],[17.951,49.6001],[17.9414,49.5992],[17.9357,49.6055],[17.9289,49.6092],[17.9268,49.6144],[17.9316,49.6184],[17.9297,49.622],[17.9322,49.6243],[17.9377,49.6213],[17.9415,49.6221],[17.9396,49.6247],[17.9417,49.6257],[17.9392,49.6279],[17.9438,49.6315],[17.9455,49.6312],[17.9445,49.6327],[17.9458,49.6341],[17.9471,49.6334],[17.9466,49.635],[17.9489,49.6356],[17.9505,49.6388],[17.9571,49.6404],[17.9559,49.6421],[17.9576,49.6421],[17.9584,49.6463],[17.9643,49.6479],[17.9677,49.6524],[17.9665,49.6534],[17.9684,49.653],[17.9702,49.6559],[17.9724,49.6555],[17.9721,49.6579],[17.9686,49.6575],[17.9664,49.6602],[17.9615,49.6608],[17.9352,49.6716],[17.9278,49.6805],[17.9139,49.6849],[17.8836,49.6806],[17.8825,49.6827],[17.8744,49.6809],[17.8652,49.6827],[17.8663,49.6886],[17.8638,49.6893],[17.8635,49.6912],[17.8697,49.6986],[17.8671,49.7064],[17.8696,49.7093],[17.8628,49.7106],[17.8592,49.7139],[17.8564,49.7143],[17.8431,49.7136],[17.8361,49.7089],[17.8264,49.7067],[17.8263,49.7049],[17.8192,49.7077],[17.8172,49.7104],[17.8199,49.7183],[17.8321,49.73],[17.824,49.7324],[17.824,49.7335],[17.8177,49.7344],[17.8348,49.7333],[17.8172,49.7412],[17.8061,49.7415],[17.8036,49.7484],[17.8088,49.7589],[17.812,49.7606],[17.8194,49.758],[17.8238,49.7544],[17.8258,49.7544],[17.8285,49.7611],[17.8361,49.7625],[17.8409,49.756],[17.859,49.7552],[17.8656,49.768],[17.8841,49.762],[17.9053,49.7803],[17.917,49.7822],[17.9164,49.7834],[17.9224,49.7816],[17.9353,49.7852],[17.9372,49.7873],[17.9488,49.7871],[17.9535,49.7955],[17.9567,49.7943],[17.963,49.7999],[17.9598,49.8067],[17.9606,49.8116],[17.9657,49.8145],[17.9661,49.8169],[17.9756,49.8159],[17.9758,49.8238],[17.9839,49.824],[17.987,49.8162],[17.993,49.8131],[17.9948,49.8083],[17.9993,49.8078],[18.0065,49.8034],[18.0143,49.8024],[18.0184,49.8046],[18.0285,49.8058],[18.0375,49.801],[18.0421,49.8073],[18.0525,49.8116],[18.0529,49.813],[18.0478,49.8146],[18.0456,49.8183],[18.0541,49.8268],[18.0688,49.8276],[18.0801,49.8203],[18.0807,49.8165],[18.0854,49.8148],[18.085,49.8089],[18.0891,49.8095],[18.0942,49.8048],[18.0939,49.8011],[18.0988,49.801],[18.0947,49.8025],[18.0975,49.8056],[18.095,49.8085],[18.0974,49.8106],[18.0903,49.8148],[18.0932,49.8234],[18.0921,49.8259],[18.1019,49.8311],[18.1138,49.8306],[18.1163,49.8339],[18.1228,49.8352],[18.1353,49.8341]]],"crs":null}},{"type":"Feature","properties":{"id":68,"name":"Volební obvod č. 68, sídlo: Opava","active":false},"geometry":{"type":"Polygon","coordinates":[[[18.0499,50.0584],[18.0618,50.0592],[18.0638,50.0527],[18.0677,50.0531],[18.066,50.0481],[18.0774,50.0456],[18.086,50.0459],[18.0894,50.0441],[18.0857,50.032],[18.1032,50.0226],[18.0933,50.015],[18.0947,50.0121],[18.1048,50.0009],[18.1155,49.9967],[18.117,49.9941],[18.1312,49.9981],[18.1344,49.9974],[18.1361,49.9939],[18.147,49.9916],[18.1539,49.9824],[18.1691,49.9864],[18.1721,49.99],[18.1682,49.9938],[18.168,49.9985],[18.1739,49.9986],[18.1732,50.0003],[18.1901,49.9988],[18.1933,49.9945],[18.2066,49.9979],[18.2139,49.9861],[18.2143,49.972],[18.2217,49.9676],[18.2276,49.9696],[18.2225,49.9599],[18.2114,49.9597],[18.2099,49.9573],[18.2051,49.9637],[18.1984,49.9615],[18.1947,49.9633],[18.1885,49.9629],[18.1896,49.9608],[18.1805,49.9591],[18.1789,49.9565],[18.1742,49.9549],[18.1751,49.9527],[18.1706,49.9517],[18.1782,49.9361],[18.1504,49.9317],[18.141,49.9281],[18.1447,49.9196],[18.1369,49.9115],[18.1395,49.9089],[18.1374,49.9062],[18.1291,49.9029],[18.1453,49.8979],[18.1467,49.8931],[18.1447,49.8906],[18.1189,49.8889],[18.1184,49.8824],[18.1091,49.8822],[18.0976,49.8836],[18.0939,49.8852],[18.0941,49.8883],[18.084,49.8915],[18.0823,49.8875],[18.0869,49.8828],[18.0864,49.8759],[18.0835,49.8738],[18.0733,49.8719],[18.0588,49.8593],[18.0504,49.8613],[18.0497,49.8566],[18.0555,49.843],[18.0609,49.8361],[18.0717,49.8309],[18.0704,49.8267],[18.0541,49.8268],[18.0456,49.8183],[18.0478,49.8146],[18.0529,49.813],[18.0525,49.8116],[18.0421,49.8073],[18.0375,49.801],[18.0285,49.8058],[18.0184,49.8046],[18.0143,49.8024],[18.0065,49.8034],[17.9993,49.8078],[17.9948,49.8083],[17.993,49.8131],[17.987,49.8162],[17.9839,49.824],[17.9758,49.8238],[17.9756,49.8159],[17.9661,49.8169],[17.9657,49.8145],[17.9606,49.8116],[17.9598,49.8067],[17.963,49.7999],[17.9567,49.7943],[17.9535,49.7955],[17.9488,49.7871],[17.9372,49.7873],[17.9353,49.7852],[17.9224,49.7816],[17.9164,49.7834],[17.917,49.7822],[17.9053,49.7803],[17.8841,49.762],[17.8656,49.768],[17.859,49.7552],[17.8409,49.756],[17.8361,49.7625],[17.8285,49.7611],[17.8258,49.7544],[17.812,49.7606],[17.8088,49.7589],[17.8036,49.7484],[17.7936,49.753],[17.7921,49.758],[17.7812,49.7585],[17.7755,49.7557],[17.768,49.7484],[17.7684,49.7469],[17.7748,49.7467],[17.7667,49.7334],[17.762,49.7336],[17.7595,49.732],[17.7482,49.7349],[17.7345,49.7312],[17.7294,49.7263],[17.7325,49.7227],[17.7317,49.7212],[17.728,49.7238],[17.7205,49.7218],[17.7155,49.7282],[17.7091,49.7244],[17.6979,49.7252],[17.6963,49.7277],[17.6982,49.7337],[17.6966,49.7355],[17.6906,49.7365],[17.6934,49.7422],[17.6925,49.7478],[17.6965,49.7474],[17.6992,49.7498],[17.7044,49.7509],[17.717,49.7608],[17.7217,49.7615],[17.7247,49.7681],[17.7175,49.7769],[17.7186,49.7797],[17.7249,49.7825],[17.7263,49.7874],[17.7285,49.7874],[17.7302,49.7897],[17.7234,49.7903],[17.7255,49.7921],[17.722,49.7936],[17.7202,49.7934],[17.7202,49.7914],[17.7166,49.7913],[17.7042,49.7958],[17.7067,49.8001],[17.704,49.8019],[17.7075,49.807],[17.7056,49.8107],[17.7108,49.8158],[17.703,49.8208],[17.7121,49.8197],[17.7065,49.824],[17.708,49.8275],[17.7092,49.8265],[17.7119,49.8289],[17.7139,49.8353],[17.7161,49.8357],[17.7184,49.8321],[17.7263,49.8354],[17.7338,49.8419],[17.7416,49.8506],[17.748,49.8687],[17.75,49.8681],[17.7519,49.8716],[17.7701,49.8825],[17.783,49.8882],[17.791,49.8906],[17.8056,49.8885],[17.8106,49.8931],[17.8058,49.9043],[17.8043,49.9156],[17.81,49.9168],[17.819,49.9238],[17.8196,49.935],[17.8245,49.9415],[17.8212,49.9457],[17.8108,49.9493],[17.8017,49.9489],[17.8001,49.9476],[17.7923,49.949],[17.7911,49.9525],[17.7991,49.9572],[17.7916,49.9663],[17.7961,49.9689],[17.8053,49.9656],[17.8074,49.972],[17.8107,49.9711],[17.8162,49.9778],[17.8288,49.9862],[17.8329,49.9844],[17.8243,49.99],[17.8264,49.994],[17.8341,49.9898],[17.8377,49.9923],[17.8429,49.9868],[17.8504,49.9868],[17.8513,49.9827],[17.8546,49.9828],[17.8568,49.9799],[17.8616,49.9806],[17.8686,49.9725],[17.8896,49.9801],[17.9092,49.9765],[17.9229,49.9787],[17.9301,49.9866],[17.9541,50.0051],[17.9619,50.005],[17.9656,50.0082],[17.9699,50.0089],[17.9833,50.0051],[17.9893,50.0135],[18.0047,50.0184],[18.0075,50.0107],[18.0354,50.011],[18.0372,50.0086],[18.0455,50.0051],[18.0458,50.0103],[18.041,50.0136],[18.0425,50.0157],[18.0464,50.0159],[18.0471,50.0194],[18.043,50.022],[18.0491,50.0274],[18.0444,50.0366],[18.0248,50.0387],[18.0247,50.0366],[18.0223,50.0361],[18.0179,50.0314],[18.0132,50.0302],[18.0089,50.0313],[18.0041,50.039],[18.0067,50.0447],[18.0052,50.0535],[18.0121,50.0547],[18.0209,50.0609],[18.0337,50.066],[18.0409,50.0629],[18.0461,50.0626],[18.0499,50.0584]]],"crs":null}},{"type":"Feature","properties":{"id":70,"name":"Volební obvod č. 70, sídlo: Ostrava-město","active":false},"geometry":{"type":"Polygon","coordinates":[[[18.3253,49.9028],[18.3178,49.8927],[18.3044,49.8864],[18.3012,49.8777],[18.3064,49.8744],[18.3089,49.8763],[18.3131,49.8751],[18.3193,49.8707],[18.3223,49.8768],[18.3279,49.8794],[18.3328,49.8782],[18.3345,49.8827],[18.3418,49.8794],[18.3423,49.8755],[18.3463,49.8722],[18.346,49.8682],[18.3485,49.8673],[18.3495,49.864],[18.3478,49.8552],[18.345,49.8517],[18.3453,49.847],[18.3661,49.8417],[18.363,49.8371],[18.3653,49.8315],[18.3643,49.8263],[18.3614,49.8231],[18.3632,49.8163],[18.3711,49.8113],[18.3704,49.8078],[18.3731,49.8061],[18.378,49.8079],[18.3805,49.8125],[18.3794,49.8163],[18.3838,49.8161],[18.3884,49.8183],[18.3973,49.8129],[18.4018,49.8069],[18.4071,49.8037],[18.4073,49.8012],[18.4008,49.8012],[18.3946,49.7983],[18.396,49.795],[18.4002,49.7925],[18.3982,49.785],[18.4017,49.7868],[18.4081,49.7854],[18.41,49.7864],[18.4139,49.7844],[18.414,49.7823],[18.4166,49.7819],[18.4087,49.7788],[18.4096,49.7727],[18.4001,49.774],[18.4041,49.7678],[18.4004,49.7656],[18.4054,49.7615],[18.395,49.7556],[18.3884,49.7457],[18.3682,49.7435],[18.3633,49.7408],[18.3495,49.7409],[18.3471,49.7505],[18.3484,49.7534],[18.3463,49.7569],[18.342,49.7572],[18.3401,49.7593],[18.3357,49.7577],[18.3376,49.7551],[18.3355,49.7476],[18.3373,49.745],[18.3357,49.7442],[18.305,49.7471],[18.3037,49.7523],[18.2998,49.7498],[18.2974,49.7513],[18.2899,49.7506],[18.2826,49.747],[18.2832,49.7483],[18.2795,49.7496],[18.2679,49.7417],[18.2666,49.7349],[18.2701,49.7307],[18.2577,49.7278],[18.2559,49.7257],[18.2504,49.7284],[18.2525,49.7329],[18.2402,49.7374],[18.2386,49.7402],[18.237,49.7406],[18.236,49.7385],[18.2256,49.741],[18.2143,49.7412],[18.2122,49.738],[18.2191,49.7351],[18.2365,49.7193],[18.2084,49.7094],[18.1945,49.6954],[18.1903,49.6971],[18.1825,49.7057],[18.1705,49.7095],[18.1691,49.7155],[18.1718,49.7182],[18.1677,49.7217],[18.1688,49.7253],[18.1612,49.7239],[18.1576,49.7257],[18.1512,49.7235],[18.1416,49.7288],[18.1407,49.731],[18.1442,49.731],[18.145,49.7332],[18.1509,49.7335],[18.1579,49.7365],[18.1606,49.7417],[18.1774,49.7502],[18.1795,49.7526],[18.1822,49.7513],[18.1814,49.7462],[18.186,49.7431],[18.1843,49.7413],[18.2061,49.738],[18.2032,49.7605],[18.1961,49.7626],[18.1941,49.7649],[18.1958,49.7662],[18.1902,49.7683],[18.1944,49.7691],[18.1904,49.7726],[18.1948,49.7748],[18.1962,49.7786],[18.2006,49.776],[18.2024,49.7726],[18.2047,49.7737],[18.2115,49.772],[18.2169,49.7768],[18.2216,49.7727],[18.2247,49.7725],[18.2262,49.7735],[18.2245,49.774],[18.229,49.7768],[18.2294,49.7813],[18.233,49.7803],[18.2358,49.7834],[18.2492,49.7835],[18.2474,49.7829],[18.2449,49.7757],[18.2456,49.7681],[18.2473,49.7674],[18.2541,49.77],[18.2564,49.7744],[18.2607,49.7742],[18.2586,49.7757],[18.2623,49.7783],[18.2851,49.7862],[18.28,49.7991],[18.263,49.796],[18.2592,49.801],[18.2517,49.8039],[18.2383,49.8156],[18.2317,49.8149],[18.2321,49.8128],[18.2316,49.815],[18.2296,49.8112],[18.2245,49.8123],[18.2236,49.814],[18.2179,49.8121],[18.2173,49.8218],[18.2218,49.8287],[18.2215,49.8339],[18.2156,49.8321],[18.2018,49.8365],[18.197,49.8421],[18.2007,49.8556],[18.2063,49.856],[18.206,49.8605],[18.2109,49.8606],[18.2103,49.8673],[18.2159,49.8691],[18.2171,49.8672],[18.2216,49.8664],[18.2278,49.8624],[18.2316,49.8656],[18.2384,49.8655],[18.2581,49.8777],[18.2578,49.8806],[18.2609,49.8832],[18.2748,49.8801],[18.2834,49.887],[18.2879,49.8859],[18.2968,49.8907],[18.3072,49.9042],[18.3187,49.9059],[18.3178,49.9111],[18.3201,49.9138],[18.3253,49.9028]]],"crs":null}},{"type":"Feature","properties":{"id":71,"name":"Volební obvod č. 71, sídlo: Ostrava-město","active":false},"geometry":{"type":"Polygon","coordinates":[[[18.2383,49.8156],[18.2517,49.8039],[18.2592,49.801],[18.263,49.796],[18.28,49.7991],[18.2851,49.7862],[18.2623,49.7783],[18.2586,49.7757],[18.2607,49.7742],[18.2564,49.7744],[18.2541,49.77],[18.2473,49.7674],[18.2456,49.7681],[18.2449,49.7757],[18.2474,49.7829],[18.2492,49.7835],[18.2358,49.7834],[18.233,49.7803],[18.2294,49.7813],[18.229,49.7768],[18.2245,49.774],[18.2262,49.7735],[18.2247,49.7725],[18.2216,49.7727],[18.2169,49.7768],[18.2115,49.772],[18.2047,49.7737],[18.2024,49.7726],[18.2006,49.776],[18.1962,49.7786],[18.1948,49.7748],[18.1904,49.7726],[18.1944,49.7691],[18.1902,49.7683],[18.1958,49.7662],[18.1941,49.7649],[18.1961,49.7626],[18.2032,49.7605],[18.2061,49.738],[18.1843,49.7413],[18.186,49.7431],[18.1814,49.7462],[18.1822,49.7513],[18.1795,49.7526],[18.1774,49.7502],[18.1759,49.7539],[18.1734,49.7545],[18.1752,49.7587],[18.1704,49.7602],[18.1661,49.758],[18.1599,49.7589],[18.1548,49.762],[18.1541,49.7655],[18.1445,49.765],[18.139,49.7708],[18.1455,49.7797],[18.1446,49.7887],[18.1522,49.8063],[18.1578,49.8078],[18.1588,49.8057],[18.1677,49.8077],[18.1775,49.8057],[18.1887,49.7986],[18.196,49.7976],[18.19,49.7937],[18.1894,49.7901],[18.1913,49.7899],[18.1887,49.7842],[18.1929,49.7854],[18.189,49.7797],[18.1909,49.7773],[18.1957,49.778],[18.1968,49.7808],[18.205,49.7833],[18.2156,49.7939],[18.2209,49.8046],[18.2179,49.8121],[18.2236,49.814],[18.2245,49.8123],[18.2296,49.8112],[18.2316,49.815],[18.2321,49.8128],[18.2317,49.8149],[18.2383,49.8156]]],"crs":null}},{"type":"Feature","properties":{"id":73,"name":"Volební obvod č. 73, sídlo: Frýdek-Místek","active":false},"geometry":{"type":"Polygon","coordinates":[[[18.6,49.7891],[18.5972,49.7845],[18.6026,49.7809],[18.6048,49.7747],[18.6105,49.7707],[18.6145,49.7613],[18.6134,49.7551],[18.6163,49.7528],[18.6258,49.7503],[18.6292,49.7471],[18.6263,49.7298],[18.6289,49.7261],[18.6253,49.7224],[18.6296,49.7218],[18.6303,49.7197],[18.6364,49.7171],[18.6362,49.7149],[18.6417,49.7123],[18.6523,49.711],[18.6526,49.7076],[18.6586,49.7108],[18.6669,49.7096],[18.6683,49.7034],[18.678,49.7058],[18.681,49.7037],[18.6937,49.7066],[18.7096,49.7045],[18.7077,49.7023],[18.7115,49.6997],[18.7093,49.6954],[18.7149,49.6961],[18.7146,49.6917],[18.718,49.6876],[18.7171,49.6835],[18.7233,49.6827],[18.7298,49.6842],[18.7382,49.6808],[18.741,49.6765],[18.7512,49.6769],[18.7642,49.6846],[18.7668,49.6822],[18.7739,49.6828],[18.7807,49.6853],[18.7939,49.6793],[18.8046,49.6788],[18.8085,49.6753],[18.8101,49.671],[18.8067,49.6652],[18.8092,49.6557],[18.8064,49.6513],[18.8134,49.6398],[18.813,49.6343],[18.8172,49.6316],[18.8203,49.6242],[18.8188,49.6185],[18.8243,49.6144],[18.8232,49.604],[18.8293,49.5949],[18.8391,49.5953],[18.8354,49.5866],[18.8318,49.5846],[18.835,49.5771],[18.8332,49.5734],[18.8376,49.5691],[18.838,49.5617],[18.8456,49.5608],[18.8489,49.5585],[18.8493,49.5543],[18.8593,49.5506],[18.8575,49.5379],[18.8498,49.5344],[18.8472,49.5355],[18.8441,49.5341],[18.8447,49.5282],[18.8373,49.5236],[18.843,49.5185],[18.8516,49.5183],[18.8509,49.5171],[18.8402,49.5149],[18.8167,49.5163],[18.8082,49.5152],[18.7998,49.5093],[18.7888,49.5086],[18.7792,49.505],[18.7545,49.4884],[18.7497,49.4902],[18.7439,49.4886],[18.7349,49.4904],[18.7204,49.5001],[18.7152,49.4998],[18.712,49.5022],[18.7014,49.5015],[18.6976,49.4996],[18.6879,49.5007],[18.6834,49.506],[18.6778,49.5076],[18.6709,49.5061],[18.6703,49.5043],[18.6644,49.5023],[18.6549,49.5031],[18.6514,49.5011],[18.6423,49.5008],[18.6391,49.4961],[18.6316,49.4987],[18.6178,49.495],[18.6029,49.4971],[18.6012,49.499],[18.6019,49.5068],[18.5973,49.5102],[18.5809,49.5063],[18.5731,49.5083],[18.5679,49.5074],[18.5451,49.4994],[18.5355,49.5047],[18.5352,49.5087],[18.5308,49.5113],[18.5286,49.5188],[18.5337,49.5221],[18.5343,49.5258],[18.5247,49.536],[18.5226,49.5446],[18.5169,49.5536],[18.5124,49.5584],[18.5047,49.5608],[18.5071,49.5655],[18.4902,49.5859],[18.5,49.5942],[18.5015,49.5982],[18.4938,49.6079],[18.4959,49.611],[18.4877,49.6143],[18.4873,49.6126],[18.4912,49.6122],[18.4803,49.6089],[18.4759,49.6007],[18.4649,49.6061],[18.4503,49.6053],[18.4477,49.6074],[18.4481,49.6109],[18.4408,49.6155],[18.4408,49.6202],[18.438,49.6213],[18.4365,49.6257],[18.4304,49.6271],[18.4356,49.6385],[18.4334,49.6401],[18.435,49.6422],[18.4373,49.6415],[18.455,49.6478],[18.4766,49.6532],[18.4792,49.6523],[18.4812,49.6483],[18.486,49.6484],[18.492,49.6491],[18.5016,49.6538],[18.5093,49.6546],[18.5105,49.6676],[18.5097,49.6654],[18.5045,49.6647],[18.5014,49.6675],[18.4965,49.681],[18.484,49.6806],[18.4832,49.6859],[18.4797,49.6878],[18.4779,49.6934],[18.4889,49.7043],[18.4657,49.7057],[18.4673,49.7018],[18.4654,49.6982],[18.4634,49.6983],[18.463,49.7034],[18.4578,49.7034],[18.4558,49.6994],[18.4445,49.6946],[18.445,49.6913],[18.44,49.6922],[18.4441,49.7066],[18.434,49.7237],[18.4276,49.7288],[18.4223,49.7372],[18.4104,49.7353],[18.4015,49.7376],[18.4018,49.7482],[18.4071,49.7555],[18.4219,49.7579],[18.4686,49.7577],[18.4703,49.7543],[18.4674,49.7433],[18.4759,49.7397],[18.4815,49.7325],[18.4873,49.7299],[18.4875,49.7269],[18.4929,49.7305],[18.5015,49.7285],[18.5006,49.7253],[18.5055,49.7229],[18.5084,49.7179],[18.5166,49.7218],[18.5352,49.724],[18.5413,49.7259],[18.5436,49.7285],[18.5448,49.734],[18.5414,49.737],[18.5457,49.7441],[18.5409,49.7501],[18.5352,49.7531],[18.5341,49.7569],[18.531,49.7563],[18.5279,49.7581],[18.5298,49.7607],[18.5367,49.7636],[18.5404,49.7673],[18.5504,49.769],[18.55,49.7726],[18.5618,49.7782],[18.5611,49.7801],[18.5731,49.7813],[18.5759,49.7822],[18.5744,49.7847],[18.5902,49.7887],[18.5937,49.7833],[18.5952,49.7871],[18.5914,49.791],[18.598,49.7917],[18.6,49.7891]]],"crs":null}},{"type":"Feature","properties":{"id":74,"name":"Volební obvod č. 74, sídlo: Karviná","active":false},"geometry":{"type":"Polygon","coordinates":[[[18.3598,49.9408],[18.3644,49.9403],[18.3668,49.9371],[18.3977,49.9342],[18.4215,49.9386],[18.4308,49.9381],[18.4329,49.9281],[18.4377,49.9283],[18.4455,49.923],[18.463,49.9224],[18.4661,49.917],[18.4657,49.915],[18.4559,49.9073],[18.4563,49.9051],[18.4478,49.9016],[18.4456,49.8947],[18.4415,49.8953],[18.4389,49.8842],[18.4254,49.8863],[18.4257,49.8877],[18.4042,49.8857],[18.3932,49.887],[18.3939,49.8842],[18.4006,49.8812],[18.4012,49.8769],[18.4103,49.8664],[18.4034,49.8573],[18.3991,49.8588],[18.3967,49.8573],[18.4018,49.8533],[18.401,49.8461],[18.4068,49.843],[18.4093,49.8388],[18.4126,49.8378],[18.4152,49.8328],[18.4153,49.8272],[18.4185,49.8236],[18.4151,49.8131],[18.4182,49.8118],[18.4217,49.8141],[18.4292,49.8138],[18.4306,49.8172],[18.4389,49.8196],[18.4525,49.8182],[18.4573,49.8156],[18.47,49.8168],[18.4661,49.8099],[18.4663,49.8042],[18.4629,49.7972],[18.465,49.7873],[18.4678,49.7839],[18.4719,49.7832],[18.4739,49.7798],[18.4892,49.7795],[18.4969,49.777],[18.4943,49.7734],[18.4829,49.7674],[18.4707,49.7642],[18.4686,49.7577],[18.4359,49.7584],[18.4071,49.7555],[18.4063,49.7597],[18.399,49.7576],[18.4054,49.7615],[18.4004,49.7656],[18.4041,49.7678],[18.4001,49.774],[18.4096,49.7727],[18.4087,49.7788],[18.4166,49.7819],[18.414,49.7823],[18.4139,49.7844],[18.41,49.7864],[18.4081,49.7854],[18.4017,49.7868],[18.3982,49.785],[18.4002,49.7925],[18.396,49.795],[18.3946,49.7983],[18.4008,49.8012],[18.4073,49.8012],[18.4071,49.8037],[18.4018,49.8069],[18.3973,49.8129],[18.3884,49.8183],[18.3838,49.8161],[18.3794,49.8163],[18.3805,49.8125],[18.378,49.8079],[18.3731,49.8061],[18.3704,49.8078],[18.3711,49.8113],[18.3632,49.8163],[18.3614,49.8231],[18.3643,49.8263],[18.3653,49.8315],[18.363,49.8371],[18.3661,49.8417],[18.3453,49.847],[18.345,49.8517],[18.3478,49.8552],[18.3495,49.864],[18.3485,49.8673],[18.346,49.8682],[18.3463,49.8722],[18.3423,49.8755],[18.3418,49.8794],[18.3345,49.8827],[18.3328,49.8782],[18.3279,49.8794],[18.3223,49.8768],[18.3193,49.8707],[18.3131,49.8751],[18.3089,49.8763],[18.3064,49.8744],[18.3012,49.8777],[18.3044,49.8864],[18.3178,49.8927],[18.3253,49.9028],[18.3201,49.9138],[18.3302,49.9237],[18.3304,49.9306],[18.3336,49.9302],[18.3338,49.9272],[18.3401,49.9256],[18.3449,49.9298],[18.3501,49.9296],[18.3409,49.9321],[18.342,49.9347],[18.3499,49.9338],[18.3517,49.9354],[18.3465,49.9402],[18.3407,49.9383],[18.3349,49.94],[18.333,49.9494],[18.3375,49.946],[18.3561,49.944],[18.3598,49.9408]]],"crs":null}},{"type":"Feature","properties":{"id":76,"name":"Volební obvod č. 76, sídlo: Kroměříž","active":false},"geometry":{"type":"Polygon","coordinates":[[[17.6867,49.4593],[17.6921,49.4632],[17.6972,49.4563],[17.7011,49.4546],[17.7024,49.4556],[17.7064,49.4518],[17.712,49.4509],[17.7115,49.4484],[17.7136,49.4485],[17.7099,49.444],[17.718,49.4406],[17.7175,49.439],[17.72,49.4378],[17.7251,49.4392],[17.7338,49.4348],[17.7392,49.434],[17.7408,49.4344],[17.7399,49.4357],[17.7498,49.4371],[17.7516,49.4396],[17.7558,49.4405],[17.7662,49.439],[17.7687,49.4403],[17.7742,49.4373],[17.7744,49.4408],[17.7802,49.441],[17.7782,49.4443],[17.7843,49.4455],[17.7854,49.4362],[17.8008,49.4338],[17.806,49.4272],[17.8084,49.4272],[17.8085,49.4244],[17.7996,49.4211],[17.8005,49.4198],[17.8131,49.4171],[17.8186,49.4197],[17.8219,49.4195],[17.8271,49.4161],[17.8313,49.4207],[17.8392,49.4231],[17.841,49.42],[17.8472,49.4183],[17.8478,49.4135],[17.851,49.4099],[17.857,49.4075],[17.8585,49.4015],[17.8489,49.3945],[17.8522,49.3892],[17.8521,49.3848],[17.8477,49.3832],[17.8351,49.37],[17.8275,49.3673],[17.8231,49.3581],[17.8013,49.3489],[17.7811,49.3486],[17.7766,49.3518],[17.7632,49.353],[17.7574,49.3571],[17.7477,49.355],[17.7446,49.347],[17.7418,49.3453],[17.707,49.3339],[17.6974,49.335],[17.6881,49.3411],[17.6859,49.3409],[17.6822,49.3353],[17.6767,49.3337],[17.6706,49.3337],[17.6657,49.3364],[17.6455,49.3381],[17.6407,49.334],[17.6243,49.3307],[17.617,49.3268],[17.6192,49.326],[17.6211,49.3198],[17.6262,49.321],[17.6381,49.3204],[17.6452,49.3242],[17.649,49.3219],[17.6395,49.3182],[17.6362,49.3153],[17.6384,49.3121],[17.6261,49.3],[17.6209,49.29],[17.615,49.2878],[17.6151,49.2862],[17.6199,49.2836],[17.6185,49.2805],[17.6058,49.2814],[17.5979,49.277],[17.6008,49.2736],[17.6067,49.2735],[17.6066,49.2705],[17.6037,49.2682],[17.5963,49.2681],[17.5867,49.2634],[17.5805,49.2629],[17.5792,49.2677],[17.5662,49.2762],[17.5656,49.2698],[17.5613,49.268],[17.563,49.2649],[17.559,49.261],[17.557,49.2622],[17.5514,49.258],[17.5438,49.2636],[17.5343,49.2594],[17.5274,49.2715],[17.5197,49.2695],[17.5169,49.267],[17.5108,49.2671],[17.505,49.2699],[17.5039,49.2729],[17.4921,49.2698],[17.4836,49.2649],[17.4819,49.2627],[17.4842,49.263],[17.4843,49.2599],[17.4774,49.2564],[17.4841,49.2527],[17.4821,49.2519],[17.4906,49.2423],[17.4948,49.2455],[17.499,49.2419],[17.4942,49.238],[17.4986,49.233],[17.4988,49.2225],[17.4943,49.2232],[17.4918,49.2263],[17.4856,49.225],[17.4803,49.2274],[17.4717,49.2233],[17.4633,49.2226],[17.4632,49.2197],[17.4744,49.214],[17.4737,49.2108],[17.4758,49.2089],[17.4631,49.2047],[17.4458,49.2021],[17.4457,49.1985],[17.4391,49.1951],[17.4342,49.2007],[17.4258,49.1959],[17.4201,49.1971],[17.4075,49.1959],[17.4038,49.1898],[17.3999,49.1894],[17.3995,49.1861],[17.3894,49.1828],[17.3855,49.1831],[17.3819,49.1869],[17.347,49.1819],[17.3281,49.1767],[17.3183,49.1692],[17.3079,49.1695],[17.2919,49.1633],[17.2868,49.1592],[17.2846,49.1609],[17.2827,49.1545],[17.2763,49.1516],[17.2736,49.1462],[17.2684,49.1455],[17.2596,49.1392],[17.248,49.1375],[17.2364,49.1307],[17.2335,49.1243],[17.2365,49.12],[17.2454,49.1154],[17.2466,49.1115],[17.2419,49.1074],[17.2413,49.1027],[17.2453,49.0989],[17.2135,49.0929],[17.1997,49.0921],[17.1985,49.0903],[17.1834,49.0847],[17.1522,49.0792],[17.1449,49.0732],[17.1383,49.0767],[17.1312,49.0742],[17.1172,49.0756],[17.1097,49.0774],[17.1164,49.0805],[17.1198,49.0859],[17.1181,49.0906],[17.1135,49.09],[17.1131,49.1034],[17.1255,49.1036],[17.1341,49.1006],[17.1361,49.1025],[17.1416,49.1035],[17.1396,49.112],[17.1425,49.1114],[17.1486,49.1328],[17.1504,49.1334],[17.147,49.1327],[17.1447,49.135],[17.1442,49.1331],[17.148,49.1302],[17.1394,49.1306],[17.1366,49.1251],[17.1331,49.1255],[17.1306,49.1244],[17.1317,49.1236],[17.1211,49.1214],[17.1179,49.1155],[17.1196,49.1146],[17.1073,49.1102],[17.1093,49.1068],[17.1058,49.1074],[17.1023,49.1051],[17.0941,49.104],[17.0843,49.1039],[17.0802,49.1009],[17.0723,49.1062],[17.0673,49.1014],[17.0626,49.0998],[17.0529,49.1001],[17.0541,49.1098],[17.0449,49.1202],[17.0357,49.1221],[17.0363,49.1337],[17.0401,49.1345],[17.0388,49.139],[17.0359,49.1388],[17.0379,49.1422],[17.0417,49.14],[17.0461,49.1403],[17.0404,49.1504],[17.0357,49.1533],[17.0416,49.1584],[17.0496,49.161],[17.0474,49.1629],[17.0488,49.1668],[17.0457,49.1697],[17.0492,49.1724],[17.0499,49.1765],[17.0472,49.1765],[17.0467,49.1834],[17.0433,49.1831],[17.0392,49.1882],[17.0453,49.1911],[17.0469,49.1903],[17.0479,49.1881],[17.0417,49.186],[17.0426,49.1847],[17.0531,49.188],[17.0547,49.1869],[17.0567,49.1889],[17.0616,49.1865],[17.0604,49.186],[17.0651,49.1823],[17.0678,49.1841],[17.0694,49.183],[17.078,49.1856],[17.0793,49.1884],[17.0894,49.1889],[17.0943,49.1903],[17.0945,49.1924],[17.1008,49.1928],[17.1031,49.1967],[17.1143,49.2057],[17.1087,49.2123],[17.1069,49.218],[17.1199,49.2195],[17.1213,49.2227],[17.1241,49.2404],[17.1199,49.2454],[17.114,49.2465],[17.1098,49.2608],[17.1113,49.2694],[17.1092,49.2694],[17.1104,49.2705],[17.1068,49.2699],[17.1035,49.2735],[17.1054,49.276],[17.1049,49.2776],[17.1011,49.2784],[17.1016,49.2869],[17.0933,49.2849],[17.0859,49.294],[17.083,49.292],[17.0743,49.2982],[17.0749,49.3001],[17.065,49.3049],[17.0649,49.3079],[17.0672,49.3082],[17.064,49.3146],[17.0696,49.316],[17.0685,49.3221],[17.0745,49.3199],[17.078,49.3239],[17.0831,49.324],[17.0824,49.326],[17.0884,49.3263],[17.0886,49.3353],[17.0954,49.3425],[17.0997,49.3422],[17.1099,49.3379],[17.1176,49.3374],[17.1176,49.3343],[17.1228,49.3315],[17.1217,49.3306],[17.1279,49.3249],[17.138,49.3271],[17.141,49.3255],[17.1391,49.3245],[17.1407,49.3219],[17.1383,49.3203],[17.1411,49.3168],[17.1361,49.3154],[17.1411,49.3088],[17.1439,49.2964],[17.1464,49.2941],[17.1507,49.2947],[17.1554,49.2809],[17.1594,49.2806],[17.1559,49.2762],[17.1613,49.2794],[17.1596,49.2744],[17.1627,49.2744],[17.1649,49.2703],[17.1728,49.2708],[17.1731,49.2689],[17.1771,49.2688],[17.1808,49.2786],[17.1809,49.2799],[17.1781,49.2798],[17.1786,49.2861],[17.1814,49.2882],[17.1947,49.2909],[17.1903,49.2957],[17.1939,49.2973],[17.1953,49.2955],[17.1997,49.2965],[17.201,49.2928],[17.2124,49.2886],[17.2158,49.294],[17.2144,49.2946],[17.221,49.2939],[17.231,49.2985],[17.2414,49.2943],[17.2549,49.3001],[17.2551,49.3027],[17.2576,49.3],[17.2594,49.3005],[17.2712,49.2943],[17.2728,49.2966],[17.2775,49.2955],[17.2942,49.3017],[17.2913,49.3035],[17.2922,49.3061],[17.2986,49.3081],[17.2995,49.3121],[17.3059,49.3125],[17.3045,49.315],[17.3121,49.3179],[17.3153,49.3315],[17.3269,49.3315],[17.3282,49.3352],[17.3342,49.3325],[17.3341,49.3358],[17.3392,49.339],[17.338,49.3403],[17.342,49.3415],[17.3443,49.3405],[17.346,49.3423],[17.3506,49.3429],[17.3567,49.3426],[17.3566,49.3446],[17.3516,49.3486],[17.3541,49.3522],[17.3506,49.3564],[17.3522,49.357],[17.3414,49.3602],[17.3442,49.3614],[17.3434,49.364],[17.3411,49.3643],[17.3413,49.366],[17.3367,49.3691],[17.3384,49.371],[17.3339,49.3756],[17.3354,49.3768],[17.3333,49.378],[17.3327,49.3821],[17.3343,49.3838],[17.3368,49.383],[17.3343,49.3851],[17.3347,49.39],[17.344,49.3918],[17.3425,49.3944],[17.348,49.3956],[17.3481,49.3976],[17.3501,49.3965],[17.3513,49.3986],[17.3487,49.3989],[17.3549,49.4044],[17.352,49.4064],[17.3558,49.4063],[17.3552,49.4087],[17.3595,49.4088],[17.3604,49.4073],[17.3615,49.4092],[17.3624,49.4079],[17.3654,49.4084],[17.3636,49.4104],[17.3686,49.41],[17.3701,49.4108],[17.368,49.4125],[17.3696,49.4129],[17.3781,49.407],[17.3856,49.4052],[17.3791,49.4015],[17.3764,49.3978],[17.3767,49.3895],[17.3739,49.3856],[17.3748,49.3801],[17.3896,49.3811],[17.3903,49.388],[17.4063,49.3845],[17.4102,49.386],[17.4151,49.3833],[17.414,49.3777],[17.4261,49.3791],[17.4297,49.3745],[17.4317,49.3756],[17.429,49.3795],[17.4353,49.3807],[17.4434,49.3787],[17.4465,49.3805],[17.4499,49.3801],[17.4489,49.3773],[17.4584,49.3749],[17.4585,49.3732],[17.4622,49.3728],[17.4638,49.3696],[17.4663,49.3698],[17.4737,49.3547],[17.4977,49.3701],[17.5053,49.3783],[17.5105,49.3786],[17.515,49.3834],[17.5154,49.3905],[17.509,49.394],[17.5144,49.3979],[17.5044,49.4012],[17.5161,49.3997],[17.5159,49.4011],[17.523,49.4023],[17.5233,49.3984],[17.5286,49.3963],[17.5346,49.4026],[17.5455,49.4058],[17.5479,49.4032],[17.581,49.4076],[17.5917,49.4042],[17.5932,49.399],[17.5909,49.3973],[17.5986,49.3999],[17.5995,49.3976],[17.6046,49.3995],[17.6081,49.3978],[17.6113,49.4004],[17.611,49.3975],[17.6148,49.3988],[17.6203,49.3968],[17.632,49.401],[17.6315,49.4042],[17.6342,49.4071],[17.6416,49.4087],[17.6504,49.415],[17.6441,49.4204],[17.6485,49.4223],[17.6355,49.4309],[17.6357,49.4346],[17.6232,49.4409],[17.626,49.4441],[17.621,49.447],[17.6246,49.4497],[17.6298,49.4459],[17.632,49.449],[17.6376,49.4499],[17.6394,49.4481],[17.6484,49.4518],[17.6523,49.4456],[17.658,49.4421],[17.6576,49.4407],[17.6644,49.4392],[17.6713,49.4426],[17.6672,49.4491],[17.6703,49.451],[17.6684,49.4556],[17.6716,49.4553],[17.6739,49.4612],[17.6811,49.4626],[17.6867,49.4593]]],"crs":null}},{"type":"Feature","properties":{"id":77,"name":"Volební obvod č. 77, sídlo: Vsetín","active":false},"geometry":{"type":"Polygon","coordinates":[[[17.9567,49.5398],[17.963,49.5373],[17.9626,49.5359],[17.967,49.5351],[17.9676,49.5379],[17.9734,49.538],[17.9795,49.5312],[17.9928,49.5231],[17.9918,49.5148],[17.9942,49.5117],[17.9918,49.5047],[17.998,49.5035],[18.0029,49.5051],[18.012,49.5044],[18.0325,49.5117],[18.0477,49.5127],[18.0668,49.5167],[18.0761,49.5155],[18.0838,49.5185],[18.1098,49.5171],[18.126,49.5205],[18.1361,49.5094],[18.1593,49.5135],[18.1636,49.5171],[18.1708,49.5129],[18.1753,49.5054],[18.1802,49.5033],[18.1917,49.4934],[18.2033,49.489],[18.216,49.4929],[18.2228,49.4919],[18.2299,49.4878],[18.2368,49.4875],[18.2412,49.4851],[18.2539,49.4825],[18.2611,49.4847],[18.2677,49.4929],[18.276,49.4941],[18.3012,49.4899],[18.3045,49.4858],[18.3071,49.4649],[18.3151,49.4609],[18.3229,49.4506],[18.3289,49.4517],[18.3353,49.4502],[18.3438,49.4451],[18.3496,49.4467],[18.3595,49.4376],[18.3578,49.4358],[18.359,49.4327],[18.3663,49.4331],[18.3733,49.4212],[18.3663,49.4055],[18.375,49.4053],[18.3841,49.403],[18.3884,49.4001],[18.3985,49.3992],[18.4037,49.3967],[18.4089,49.3899],[18.4119,49.3785],[18.4106,49.3765],[18.4156,49.3675],[18.4084,49.3604],[18.3982,49.3568],[18.4043,49.3502],[18.3945,49.3483],[18.388,49.3432],[18.3789,49.3305],[18.3657,49.3244],[18.3267,49.3182],[18.3167,49.3131],[18.3011,49.31],[18.3031,49.3059],[18.2984,49.3047],[18.2797,49.3036],[18.2481,49.2947],[18.2387,49.2955],[18.2277,49.2941],[18.222,49.2954],[18.2194,49.2931],[18.2134,49.2938],[18.2085,49.2917],[18.2042,49.2935],[18.1975,49.2895],[18.192,49.29],[18.184,49.287],[18.186,49.2809],[18.1843,49.2698],[18.1718,49.263],[18.1626,49.2606],[18.1613,49.2551],[18.1525,49.2522],[18.1472,49.2484],[18.1478,49.2356],[18.1444,49.2292],[18.1563,49.2295],[18.1527,49.2196],[18.1549,49.2161],[18.1482,49.215],[18.1494,49.2051],[18.1471,49.2049],[18.1414,49.1961],[18.1309,49.1889],[18.1205,49.1887],[18.1091,49.1909],[18.1063,49.1899],[18.1046,49.1866],[18.0957,49.1865],[18.0907,49.1844],[18.0852,49.1854],[18.0819,49.19],[18.0829,49.1923],[18.0779,49.1943],[18.0738,49.199],[18.0758,49.1999],[18.0739,49.2011],[18.0812,49.2036],[18.0779,49.2058],[18.0832,49.208],[18.0825,49.2123],[18.0846,49.2134],[18.0823,49.2136],[18.0827,49.2155],[18.0757,49.2135],[18.0681,49.2154],[18.0645,49.2211],[18.061,49.2228],[18.0643,49.2279],[18.0611,49.2271],[18.0603,49.2295],[18.0624,49.2322],[18.0582,49.2377],[18.0646,49.238],[18.0663,49.2417],[18.0706,49.244],[18.0665,49.2532],[18.0576,49.2634],[18.0474,49.264],[18.0417,49.268],[18.0405,49.2721],[18.0376,49.273],[18.0332,49.2785],[18.0321,49.2841],[18.0276,49.285],[18.0243,49.2916],[18.0162,49.2935],[18.007,49.2981],[18.0027,49.2975],[17.9998,49.3015],[17.9969,49.3016],[17.9828,49.2991],[17.9779,49.2964],[17.9772,49.293],[17.9634,49.2897],[17.9628,49.2872],[17.9602,49.2866],[17.9477,49.2978],[17.946,49.3033],[17.9379,49.3052],[17.935,49.3091],[17.9287,49.3118],[17.922,49.3334],[17.9063,49.3329],[17.8995,49.3284],[17.8842,49.3313],[17.8791,49.3347],[17.8782,49.3383],[17.8974,49.3414],[17.8986,49.3433],[17.8949,49.3624],[17.8893,49.3618],[17.8848,49.3635],[17.8823,49.3692],[17.8795,49.3684],[17.8743,49.3738],[17.8717,49.3728],[17.8697,49.3762],[17.8662,49.3755],[17.8621,49.3815],[17.8588,49.383],[17.8552,49.3812],[17.8566,49.3795],[17.8521,49.3766],[17.8404,49.3755],[17.8477,49.3832],[17.8521,49.3848],[17.8522,49.3892],[17.8489,49.3945],[17.8585,49.4015],[17.857,49.4075],[17.851,49.4099],[17.8478,49.4135],[17.8472,49.4183],[17.841,49.42],[17.8392,49.4231],[17.8313,49.4207],[17.8271,49.4161],[17.8219,49.4195],[17.8186,49.4197],[17.8131,49.4171],[17.8005,49.4198],[17.7996,49.4211],[17.8085,49.4244],[17.8084,49.4272],[17.806,49.4272],[17.8008,49.4338],[17.7854,49.4362],[17.7843,49.4455],[17.7782,49.4443],[17.7772,49.4485],[17.7834,49.455],[17.7816,49.4553],[17.7825,49.4571],[17.7788,49.4564],[17.7777,49.458],[17.7907,49.4625],[17.7899,49.465],[17.7954,49.4669],[17.7935,49.4689],[17.8005,49.4705],[17.7955,49.4793],[17.7873,49.4858],[17.7868,49.4884],[17.7907,49.4872],[17.8087,49.491],[17.8124,49.4953],[17.8104,49.4989],[17.8143,49.5027],[17.8202,49.5002],[17.8389,49.504],[17.8399,49.5068],[17.8379,49.509],[17.8415,49.5115],[17.8395,49.513],[17.8435,49.5182],[17.8421,49.5214],[17.8373,49.522],[17.8452,49.5235],[17.8478,49.5203],[17.8525,49.5183],[17.8639,49.5182],[17.8628,49.5153],[17.8718,49.5138],[17.874,49.5115],[17.8795,49.5135],[17.8867,49.5086],[17.9009,49.5116],[17.8995,49.5174],[17.9122,49.5254],[17.9168,49.5382],[17.9567,49.5398]]],"crs":null}},{"type":"Feature","properties":{"id":79,"name":"Volební obvod č. 79, sídlo: Hodonín","active":false},"geometry":{"type":"Polygon","coordinates":[[[17.0331,49.1277],[17.0352,49.1263],[17.0357,49.1221],[17.0449,49.1202],[17.0541,49.1098],[17.0529,49.1001],[17.0626,49.0998],[17.0673,49.1014],[17.0723,49.1062],[17.0802,49.1009],[17.0843,49.1039],[17.0941,49.104],[17.1023,49.1051],[17.1058,49.1074],[17.1093,49.1068],[17.1073,49.1102],[17.1196,49.1146],[17.1179,49.1155],[17.1211,49.1214],[17.1317,49.1236],[17.1306,49.1244],[17.1331,49.1255],[17.1366,49.1251],[17.1394,49.1306],[17.148,49.1302],[17.1442,49.1331],[17.1447,49.135],[17.147,49.1327],[17.1504,49.1334],[17.1486,49.1328],[17.1425,49.1114],[17.1396,49.112],[17.1416,49.1035],[17.1361,49.1025],[17.1341,49.1006],[17.1255,49.1036],[17.1131,49.1034],[17.1135,49.09],[17.1181,49.0906],[17.1198,49.0859],[17.1164,49.0805],[17.1097,49.0774],[17.1172,49.0756],[17.1312,49.0742],[17.1383,49.0767],[17.1449,49.0732],[17.1522,49.0792],[17.1834,49.0847],[17.1985,49.0903],[17.1997,49.0921],[17.2135,49.0929],[17.2174,49.0773],[17.221,49.0747],[17.228,49.0737],[17.2294,49.0698],[17.228,49.0677],[17.232,49.0644],[17.2299,49.0613],[17.2309,49.0554],[17.2238,49.0485],[17.2247,49.0449],[17.2202,49.0393],[17.2212,49.0337],[17.2235,49.0323],[17.2303,49.0404],[17.2506,49.0386],[17.2516,49.0308],[17.2588,49.0321],[17.261,49.034],[17.2679,49.0342],[17.2701,49.0266],[17.2756,49.0248],[17.2752,49.0138],[17.2823,49.0145],[17.2853,49.0181],[17.2911,49.0159],[17.2911,49.0181],[17.2995,49.016],[17.3001,49.0182],[17.3034,49.0172],[17.3038,49.0186],[17.3106,49.0171],[17.3132,49.0122],[17.3097,48.9963],[17.3145,48.994],[17.3146,48.9844],[17.3074,48.9813],[17.3197,48.9719],[17.3306,48.968],[17.3315,48.9658],[17.3294,48.965],[17.3302,48.9628],[17.3258,48.9619],[17.3246,48.9599],[17.33,48.9548],[17.3246,48.9449],[17.3524,48.9423],[17.3535,48.9417],[17.3513,48.9408],[17.3582,48.9384],[17.3617,48.9337],[17.3685,48.9318],[17.3674,48.9282],[17.3714,48.9286],[17.381,48.9169],[17.3714,48.9137],[17.3706,48.9125],[17.3749,48.9082],[17.3689,48.9032],[17.3906,48.9028],[17.402,48.8975],[17.4102,48.8892],[17.4148,48.8899],[17.4204,48.8815],[17.4198,48.8765],[17.4231,48.8674],[17.4215,48.8656],[17.4296,48.8609],[17.4322,48.8532],[17.4246,48.8509],[17.4198,48.8467],[17.4171,48.8473],[17.4276,48.8404],[17.4276,48.8361],[17.4311,48.8322],[17.427,48.8263],[17.4185,48.8293],[17.4091,48.8221],[17.4027,48.8204],[17.4012,48.8168],[17.3968,48.8133],[17.3785,48.8192],[17.3613,48.8135],[17.3542,48.822],[17.3497,48.8231],[17.347,48.8264],[17.3307,48.8317],[17.3247,48.8363],[17.3217,48.8453],[17.306,48.8436],[17.3018,48.8452],[17.2983,48.8495],[17.2818,48.8543],[17.278,48.8603],[17.2716,48.8618],[17.2639,48.8598],[17.2599,48.8605],[17.2576,48.8622],[17.2535,48.8622],[17.2457,48.8677],[17.2322,48.8683],[17.2252,48.8716],[17.218,48.8707],[17.202,48.8782],[17.1923,48.8747],[17.1736,48.8581],[17.162,48.8534],[17.1541,48.8448],[17.1412,48.8421],[17.1108,48.8312],[17.1052,48.8238],[17.1072,48.8161],[17.1055,48.8069],[17.1024,48.8033],[17.0807,48.7925],[17.0708,48.795],[17.0698,48.797],[17.0679,48.7953],[17.0545,48.8037],[17.0369,48.8099],[17.0405,48.8137],[17.0168,48.8289],[17.0098,48.8264],[17.0082,48.8271],[16.9837,48.8123],[16.9692,48.8185],[16.9563,48.8168],[16.9541,48.8411],[16.9445,48.855],[16.9402,48.859],[16.9228,48.8646],[16.9115,48.8731],[16.9065,48.8728],[16.9123,48.8791],[16.9162,48.8788],[16.9159,48.8883],[16.909,48.8984],[16.9107,48.9009],[16.9082,48.9026],[16.9131,48.9042],[16.9166,48.908],[16.9021,48.9198],[16.9164,48.9278],[16.9293,48.926],[16.9324,48.9285],[16.9459,48.9208],[16.9522,48.9249],[16.9489,48.9271],[16.9465,48.9271],[16.9433,48.9246],[16.9431,48.9262],[16.9506,48.9275],[16.9553,48.931],[16.9521,48.9323],[16.9485,48.9311],[16.9467,48.9331],[16.9312,48.9329],[16.9345,48.9357],[16.9338,48.9402],[16.9232,48.9401],[16.9206,48.9422],[16.9249,48.9457],[16.9282,48.9443],[16.9273,48.9497],[16.9333,48.9514],[16.9318,48.9532],[16.9377,48.9561],[16.9362,48.9563],[16.9388,48.9649],[16.9357,48.9685],[16.9382,48.9696],[16.9382,48.9715],[16.9351,48.9747],[16.945,48.9803],[16.9403,48.9838],[16.9442,48.986],[16.9343,48.9907],[16.9292,48.9993],[16.9203,49.0027],[16.9126,49.002],[16.9043,48.9978],[16.9016,49.0052],[16.9061,49.0079],[16.9098,49.0076],[16.9117,49.0106],[16.9104,49.0145],[16.9066,49.0176],[16.9078,49.0185],[16.9007,49.0208],[16.9013,49.027],[16.8991,49.0336],[16.8932,49.038],[16.8957,49.0448],[16.9045,49.0432],[16.903,49.0458],[16.9048,49.0464],[16.8979,49.0561],[16.8996,49.0619],[16.9168,49.0675],[16.9162,49.0721],[16.9242,49.073],[16.9321,49.0828],[16.937,49.0851],[16.9416,49.084],[16.9485,49.0856],[16.9566,49.0817],[16.9618,49.0841],[16.9753,49.0857],[16.981,49.0904],[16.9882,49.0862],[17.0043,49.0836],[17.0087,49.0878],[17.0066,49.0814],[17.0107,49.0813],[17.0127,49.0831],[17.0206,49.0822],[17.0199,49.0949],[17.017,49.1014],[17.0182,49.1054],[17.0148,49.1121],[17.0165,49.1141],[17.0155,49.1173],[17.0231,49.1233],[17.0271,49.1238],[17.0294,49.1271],[17.0331,49.1277]]],"crs":null}},{"type":"Feature","properties":{"id":80,"name":"Volební obvod č. 80, sídlo: Zlín","active":false},"geometry":{"type":"Polygon","coordinates":[[[17.505,49.2699],[17.5108,49.2671],[17.5169,49.267],[17.5197,49.2695],[17.5274,49.2715],[17.5343,49.2594],[17.5338,49.247],[17.5475,49.2398],[17.5516,49.2338],[17.5559,49.2347],[17.5578,49.2283],[17.56,49.2273],[17.5632,49.2277],[17.5625,49.23],[17.576,49.2304],[17.5768,49.2358],[17.5826,49.2374],[17.5843,49.2292],[17.5993,49.2291],[17.606,49.2261],[17.6019,49.2247],[17.5976,49.2195],[17.6013,49.2116],[17.5932,49.2134],[17.5813,49.209],[17.5716,49.2106],[17.5598,49.2085],[17.5627,49.2082],[17.5628,49.2036],[17.5703,49.1955],[17.5725,49.1881],[17.5705,49.1861],[17.5686,49.1873],[17.5671,49.1858],[17.5791,49.1845],[17.5859,49.1819],[17.5914,49.1847],[17.5978,49.1856],[17.6195,49.1787],[17.6202,49.1726],[17.6136,49.172],[17.616,49.169],[17.615,49.1668],[17.6187,49.1666],[17.6175,49.165],[17.6269,49.1644],[17.6276,49.1691],[17.6307,49.1685],[17.6281,49.171],[17.6303,49.1778],[17.6397,49.1779],[17.6418,49.1793],[17.6394,49.1789],[17.6391,49.1822],[17.644,49.1828],[17.642,49.1862],[17.6475,49.1913],[17.647,49.1948],[17.6547,49.1978],[17.6607,49.1978],[17.6632,49.1947],[17.668,49.1975],[17.667,49.1994],[17.6768,49.1968],[17.6772,49.1935],[17.6795,49.1942],[17.6797,49.1919],[17.6857,49.1923],[17.688,49.1942],[17.6881,49.1875],[17.6935,49.1869],[17.6922,49.186],[17.6945,49.1839],[17.7032,49.1825],[17.7049,49.1804],[17.7034,49.1771],[17.7184,49.1694],[17.7227,49.1755],[17.7271,49.176],[17.73,49.1725],[17.735,49.1748],[17.7385,49.1736],[17.7385,49.178],[17.7469,49.1794],[17.7481,49.1812],[17.7517,49.1778],[17.7562,49.1785],[17.7576,49.1813],[17.7607,49.1792],[17.7635,49.1813],[17.7668,49.1813],[17.7746,49.1782],[17.7833,49.1785],[17.7896,49.1751],[17.7995,49.1795],[17.8303,49.1884],[17.8339,49.1862],[17.8306,49.1817],[17.8456,49.1825],[17.8529,49.1775],[17.8625,49.1834],[17.8656,49.1821],[17.8812,49.1873],[17.8906,49.1747],[17.8928,49.1686],[17.8952,49.1675],[17.8869,49.1645],[17.8867,49.162],[17.8831,49.1601],[17.8847,49.156],[17.8896,49.1535],[17.8869,49.1518],[17.8908,49.1492],[17.9036,49.1535],[17.9108,49.1517],[17.9206,49.1521],[17.9386,49.1498],[17.9379,49.1437],[17.9414,49.1424],[17.9552,49.1444],[17.9584,49.1355],[17.9535,49.1309],[17.9684,49.1217],[17.9725,49.1169],[17.9715,49.1153],[17.9766,49.1112],[17.9745,49.1095],[17.9786,49.1109],[17.9839,49.1174],[17.9978,49.1218],[17.9995,49.1219],[17.9974,49.1197],[18.0021,49.1139],[18.0169,49.1186],[18.0226,49.115],[18.03,49.1147],[18.0342,49.1163],[18.0325,49.1146],[18.0333,49.1115],[18.0378,49.1039],[18.0481,49.1008],[18.056,49.0961],[18.0616,49.086],[18.0736,49.0833],[18.0911,49.0836],[18.1046,49.0819],[18.106,49.0799],[18.0968,49.0673],[18.0939,49.0693],[18.0912,49.0667],[18.0906,49.0627],[18.095,49.0587],[18.0839,49.0526],[18.082,49.0462],[18.0787,49.045],[18.077,49.042],[18.0731,49.0417],[18.0708,49.0378],[18.0556,49.0312],[18.0536,49.0316],[18.0571,49.0285],[18.0532,49.0317],[18.0372,49.0264],[18.0297,49.0268],[18.0245,49.0212],[18.0121,49.0227],[18.0073,49.0213],[17.9909,49.0285],[17.9757,49.0226],[17.9513,49.025],[17.9451,49.0233],[17.9351,49.0236],[17.9243,49.02],[17.9209,49.0154],[17.9139,49.0109],[17.9121,49.0058],[17.9145,48.9964],[17.9122,48.9909],[17.9031,48.9826],[17.8996,48.9699],[17.903,48.9642],[17.899,48.955],[17.8889,48.9441],[17.8853,48.9277],[17.8759,48.9259],[17.8689,48.9226],[17.8487,48.9276],[17.8442,48.9264],[17.8172,48.9277],[17.8159,48.9256],[17.7813,48.9253],[17.7834,48.9212],[17.7827,48.9167],[17.7775,48.9137],[17.778,48.9229],[17.7717,48.9264],[17.7719,48.9288],[17.7639,48.928],[17.756,48.9316],[17.7445,48.9341],[17.7427,48.9426],[17.7413,48.9419],[17.7401,48.9444],[17.7369,48.9603],[17.7269,48.9682],[17.728,48.9702],[17.7233,48.9669],[17.7182,48.9729],[17.7097,48.9721],[17.7084,48.979],[17.7038,48.978],[17.6897,48.9926],[17.677,48.9818],[17.6735,48.9861],[17.6685,48.9836],[17.6578,48.9971],[17.6475,49.0018],[17.6424,48.9932],[17.6131,48.996],[17.6175,49.004],[17.6136,49.0074],[17.6115,49.0041],[17.6063,49.0066],[17.5898,49.0256],[17.587,49.0247],[17.5816,49.0285],[17.5778,49.0361],[17.5798,49.0387],[17.5845,49.0402],[17.572,49.0395],[17.5704,49.0442],[17.5708,49.0454],[17.5741,49.0452],[17.5737,49.0466],[17.5629,49.0439],[17.5596,49.0453],[17.5573,49.0507],[17.5595,49.0531],[17.5582,49.0587],[17.5645,49.0628],[17.5662,49.0708],[17.581,49.077],[17.5527,49.0839],[17.5422,49.0952],[17.5353,49.094],[17.5336,49.1046],[17.5389,49.1101],[17.5384,49.1125],[17.522,49.1125],[17.5129,49.1182],[17.5074,49.1191],[17.4986,49.1179],[17.4988,49.1196],[17.4958,49.1181],[17.4935,49.1192],[17.4904,49.1144],[17.4889,49.1146],[17.4897,49.1091],[17.4844,49.1088],[17.4763,49.1135],[17.4725,49.1105],[17.4687,49.1127],[17.4696,49.1142],[17.4655,49.1156],[17.4595,49.115],[17.4577,49.1134],[17.4522,49.1173],[17.447,49.1154],[17.4431,49.117],[17.4443,49.1183],[17.4421,49.1195],[17.4393,49.1184],[17.4267,49.1281],[17.423,49.1281],[17.4165,49.1336],[17.4147,49.1326],[17.4099,49.1355],[17.4083,49.1342],[17.4008,49.1389],[17.397,49.1385],[17.3894,49.1425],[17.377,49.1401],[17.3792,49.1422],[17.3791,49.1513],[17.3648,49.1606],[17.3577,49.1681],[17.3548,49.1756],[17.35,49.1779],[17.347,49.1819],[17.3819,49.1869],[17.3855,49.1831],[17.3894,49.1828],[17.3995,49.1861],[17.3999,49.1894],[17.4038,49.1898],[17.4075,49.1959],[17.4201,49.1971],[17.4258,49.1959],[17.4342,49.2007],[17.4391,49.1951],[17.4457,49.1985],[17.4458,49.2021],[17.4631,49.2047],[17.4758,49.2089],[17.4737,49.2108],[17.4744,49.214],[17.4632,49.2197],[17.4633,49.2226],[17.4717,49.2233],[17.4803,49.2274],[17.4856,49.225],[17.4918,49.2263],[17.4943,49.2232],[17.4988,49.2225],[17.4986,49.233],[17.4942,49.238],[17.499,49.2419],[17.4948,49.2455],[17.4906,49.2423],[17.4821,49.2519],[17.4841,49.2527],[17.4774,49.2564],[17.4843,49.2599],[17.4842,49.263],[17.4819,49.2627],[17.4836,49.2649],[17.4921,49.2698],[17.5039,49.2729],[17.505,49.2699]]],"crs":null}}]}